0 verbose cli /Users/jeph/.nvm/versions/node/v20.19.6/bin/node /Users/jeph/.nvm/versions/node/v20.19.6/bin/npm
1 info using npm@10.8.2
2 info using node@v20.19.6
3 silly config load:file:/Users/jeph/.nvm/versions/node/v20.19.6/lib/node_modules/npm/npmrc
4 silly config load:file:/Users/jeph/Desktop/systems/swahili/business-card/business-card-front/.npmrc
5 silly config load:file:/Users/jeph/.npmrc
6 silly config load:file:/Users/jeph/.nvm/versions/node/v20.19.6/etc/npmrc
7 verbose title npm install
8 verbose argv "install" "--cache" ".npm-cache"
9 verbose logfile logs-max:10 dir:/Users/jeph/Desktop/systems/swahili/business-card/business-card-front/.npm-cache/_logs/2026-01-26T07_52_34_076Z-
10 verbose logfile /Users/jeph/Desktop/systems/swahili/business-card/business-card-front/.npm-cache/_logs/2026-01-26T07_52_34_076Z-debug-0.log
11 silly packumentCache heap:4345298944 maxSize:1086324736 maxEntrySize:543162368
12 silly logfile done cleaning log files
13 silly idealTree buildDeps
14 silly fetch manifest @angular/animations@20.3.2
15 silly packumentCache full:https://registry.npmjs.org/@angular%2fanimations cache-miss
16 http fetch GET 200 https://registry.npmjs.org/npm 2120ms
17 http fetch GET 200 https://registry.npmjs.org/@angular%2fanimations 2234ms (cache miss)
18 silly packumentCache full:https://registry.npmjs.org/@angular%2fanimations set size:undefined disposed:false
19 silly fetch manifest @angular/cdk@20.2.5
20 silly packumentCache full:https://registry.npmjs.org/@angular%2fcdk cache-miss
21 http fetch GET 200 https://registry.npmjs.org/@angular%2fcdk 313ms (cache miss)
22 silly packumentCache full:https://registry.npmjs.org/@angular%2fcdk set size:undefined disposed:false
23 silly fetch manifest @angular/common@20.3.2
24 silly packumentCache full:https://registry.npmjs.org/@angular%2fcommon cache-miss
25 http fetch GET 200 https://registry.npmjs.org/@angular%2fcommon 1070ms (cache miss)
26 silly packumentCache full:https://registry.npmjs.org/@angular%2fcommon set size:undefined disposed:false
27 silly fetch manifest @angular/compiler@20.3.2
28 silly packumentCache full:https://registry.npmjs.org/@angular%2fcompiler cache-miss
29 http fetch GET 200 https://registry.npmjs.org/@angular%2fcompiler 574ms (cache miss)
30 silly packumentCache full:https://registry.npmjs.org/@angular%2fcompiler set size:undefined disposed:false
31 silly fetch manifest @angular/core@20.3.2
32 silly packumentCache full:https://registry.npmjs.org/@angular%2fcore cache-miss
33 http fetch GET 200 https://registry.npmjs.org/@angular%2fcore 425ms (cache miss)
34 silly packumentCache full:https://registry.npmjs.org/@angular%2fcore set size:undefined disposed:false
35 silly fetch manifest @angular/forms@20.3.2
36 silly packumentCache full:https://registry.npmjs.org/@angular%2fforms cache-miss
37 http fetch GET 200 https://registry.npmjs.org/@angular%2fforms 533ms (cache miss)
38 silly packumentCache full:https://registry.npmjs.org/@angular%2fforms set size:undefined disposed:false
39 silly fetch manifest @angular/material@20.2.5
40 silly packumentCache full:https://registry.npmjs.org/@angular%2fmaterial cache-miss
41 http fetch GET 200 https://registry.npmjs.org/@angular%2fmaterial 615ms (cache miss)
42 silly packumentCache full:https://registry.npmjs.org/@angular%2fmaterial set size:undefined disposed:false
43 silly fetch manifest @angular/material-luxon-adapter@20.2.5
44 silly packumentCache full:https://registry.npmjs.org/@angular%2fmaterial-luxon-adapter cache-miss
45 http fetch GET 200 https://registry.npmjs.org/@angular%2fmaterial-luxon-adapter 1453ms (cache miss)
46 silly packumentCache full:https://registry.npmjs.org/@angular%2fmaterial-luxon-adapter set size:undefined disposed:false
47 silly fetch manifest @angular/platform-browser@20.3.2
48 silly packumentCache full:https://registry.npmjs.org/@angular%2fplatform-browser cache-miss
49 http fetch GET 200 https://registry.npmjs.org/@angular%2fplatform-browser 316ms (cache miss)
50 silly packumentCache full:https://registry.npmjs.org/@angular%2fplatform-browser set size:undefined disposed:false
51 silly fetch manifest @angular/platform-browser-dynamic@20.3.2
52 silly packumentCache full:https://registry.npmjs.org/@angular%2fplatform-browser-dynamic cache-miss
53 http fetch GET 200 https://registry.npmjs.org/@angular%2fplatform-browser-dynamic 241ms (cache miss)
54 silly packumentCache full:https://registry.npmjs.org/@angular%2fplatform-browser-dynamic set size:undefined disposed:false
55 silly fetch manifest @angular/router@20.3.2
56 silly packumentCache full:https://registry.npmjs.org/@angular%2frouter cache-miss
57 http fetch GET 200 https://registry.npmjs.org/@angular%2frouter 324ms (cache miss)
58 silly packumentCache full:https://registry.npmjs.org/@angular%2frouter set size:undefined disposed:false
59 silly fetch manifest @fontsource/ibm-plex-mono@^5.2.7
60 silly packumentCache full:https://registry.npmjs.org/@fontsource%2fibm-plex-mono cache-miss
61 http fetch GET 200 https://registry.npmjs.org/@fontsource%2fibm-plex-mono 1640ms (cache miss)
62 silly packumentCache full:https://registry.npmjs.org/@fontsource%2fibm-plex-mono set size:undefined disposed:false
63 silly fetch manifest @jsverse/transloco@7.5.1
64 silly packumentCache full:https://registry.npmjs.org/@jsverse%2ftransloco cache-miss
65 http fetch GET 200 https://registry.npmjs.org/@jsverse%2ftransloco 1045ms (cache miss)
66 silly packumentCache full:https://registry.npmjs.org/@jsverse%2ftransloco set size:undefined disposed:false
67 silly fetch manifest @popperjs/core@^2.11.8
68 silly packumentCache full:https://registry.npmjs.org/@popperjs%2fcore cache-miss
69 http fetch GET 200 https://registry.npmjs.org/@popperjs%2fcore 231ms (cache miss)
70 silly packumentCache full:https://registry.npmjs.org/@popperjs%2fcore set size:undefined disposed:false
71 silly fetch manifest @primeuix/themes@^1.2.5
72 silly packumentCache full:https://registry.npmjs.org/@primeuix%2fthemes cache-miss
73 http fetch GET 200 https://registry.npmjs.org/@primeuix%2fthemes 219ms (cache miss)
74 silly packumentCache full:https://registry.npmjs.org/@primeuix%2fthemes set size:undefined disposed:false
75 silly fetch manifest apexcharts@4.3.0
76 silly packumentCache full:https://registry.npmjs.org/apexcharts cache-miss
77 http fetch GET 200 https://registry.npmjs.org/apexcharts 628ms (cache miss)
78 silly packumentCache full:https://registry.npmjs.org/apexcharts set size:undefined disposed:false
79 silly fetch manifest bootstrap@^5.3.8
80 silly packumentCache full:https://registry.npmjs.org/bootstrap cache-miss
81 http fetch GET 200 https://registry.npmjs.org/bootstrap 259ms (cache miss)
82 silly packumentCache full:https://registry.npmjs.org/bootstrap set size:undefined disposed:false
83 silly fetch manifest crypto-js@^4.2.0
84 silly packumentCache full:https://registry.npmjs.org/crypto-js cache-miss
85 http fetch GET 200 https://registry.npmjs.org/crypto-js 455ms (cache miss)
86 silly packumentCache full:https://registry.npmjs.org/crypto-js set size:undefined disposed:false
87 silly fetch manifest highlight.js@11.11.1
88 silly packumentCache full:https://registry.npmjs.org/highlight.js cache-miss
89 http fetch GET 200 https://registry.npmjs.org/highlight.js 180ms (cache miss)
90 silly packumentCache full:https://registry.npmjs.org/highlight.js set size:undefined disposed:false
91 silly fetch manifest lodash-es@4.17.21
92 silly packumentCache full:https://registry.npmjs.org/lodash-es cache-miss
93 http fetch GET 200 https://registry.npmjs.org/lodash-es 240ms (cache miss)
94 silly packumentCache full:https://registry.npmjs.org/lodash-es set size:undefined disposed:false
95 silly fetch manifest luxon@3.5.0
96 silly packumentCache full:https://registry.npmjs.org/luxon cache-miss
97 http fetch GET 200 https://registry.npmjs.org/luxon 220ms (cache miss)
98 silly packumentCache full:https://registry.npmjs.org/luxon set size:undefined disposed:false
99 silly fetch manifest material-icons@^1.13.14
100 silly packumentCache full:https://registry.npmjs.org/material-icons cache-miss
101 http fetch GET 200 https://registry.npmjs.org/material-icons 488ms (cache miss)
102 silly packumentCache full:https://registry.npmjs.org/material-icons set size:undefined disposed:false
103 silly fetch manifest ng-apexcharts@1.15.0
104 silly packumentCache full:https://registry.npmjs.org/ng-apexcharts cache-miss
105 http fetch GET 200 https://registry.npmjs.org/ng-apexcharts 505ms (cache miss)
106 silly packumentCache full:https://registry.npmjs.org/ng-apexcharts set size:undefined disposed:false
107 silly fetch manifest ngx-quill@27.0.0
108 silly packumentCache full:https://registry.npmjs.org/ngx-quill cache-miss
109 http fetch GET 200 https://registry.npmjs.org/ngx-quill 528ms (cache miss)
110 silly packumentCache full:https://registry.npmjs.org/ngx-quill set size:undefined disposed:false
111 silly fetch manifest perfect-scrollbar@1.5.6
112 silly packumentCache full:https://registry.npmjs.org/perfect-scrollbar cache-miss
113 http fetch GET 200 https://registry.npmjs.org/perfect-scrollbar 472ms (cache miss)
114 silly packumentCache full:https://registry.npmjs.org/perfect-scrollbar set size:undefined disposed:false
115 silly fetch manifest primeflex@^4.0.0
116 silly packumentCache full:https://registry.npmjs.org/primeflex cache-miss
117 http fetch GET 200 https://registry.npmjs.org/primeflex 139ms (cache miss)
118 silly packumentCache full:https://registry.npmjs.org/primeflex set size:undefined disposed:false
119 silly fetch manifest primeicons@^7.0.0
120 silly packumentCache full:https://registry.npmjs.org/primeicons cache-miss
121 http fetch GET 200 https://registry.npmjs.org/primeicons 162ms (cache miss)
122 silly packumentCache full:https://registry.npmjs.org/primeicons set size:undefined disposed:false
123 silly fetch manifest primeng@^20.2.0
124 silly packumentCache full:https://registry.npmjs.org/primeng cache-miss
125 http fetch GET 200 https://registry.npmjs.org/primeng 601ms (cache miss)
126 silly packumentCache full:https://registry.npmjs.org/primeng set size:undefined disposed:false
127 silly fetch manifest quill@2.0.3
128 silly packumentCache full:https://registry.npmjs.org/quill cache-miss
129 http fetch GET 200 https://registry.npmjs.org/quill 146ms (cache miss)
130 silly packumentCache full:https://registry.npmjs.org/quill set size:undefined disposed:false
131 silly fetch manifest rxjs@7.8.1
132 silly packumentCache full:https://registry.npmjs.org/rxjs cache-miss
133 http fetch GET 200 https://registry.npmjs.org/rxjs 155ms (cache miss)
134 silly packumentCache full:https://registry.npmjs.org/rxjs set size:undefined disposed:false
135 silly fetch manifest tslib@2.8.1
136 silly packumentCache full:https://registry.npmjs.org/tslib cache-miss
137 http fetch GET 200 https://registry.npmjs.org/tslib 153ms (cache miss)
138 silly packumentCache full:https://registry.npmjs.org/tslib set size:undefined disposed:false
139 silly fetch manifest zone.js@0.15.0
140 silly packumentCache full:https://registry.npmjs.org/zone.js cache-miss
141 http fetch GET 200 https://registry.npmjs.org/zone.js 178ms (cache miss)
142 silly packumentCache full:https://registry.npmjs.org/zone.js set size:undefined disposed:false
143 silly fetch manifest @angular-devkit/build-angular@20.3.3
144 silly packumentCache full:https://registry.npmjs.org/@angular-devkit%2fbuild-angular cache-miss
145 http fetch GET 200 https://registry.npmjs.org/@angular-devkit%2fbuild-angular 494ms (cache miss)
146 silly packumentCache full:https://registry.npmjs.org/@angular-devkit%2fbuild-angular set size:undefined disposed:false
147 silly fetch manifest @angular/cli@20.3.3
148 silly packumentCache full:https://registry.npmjs.org/@angular%2fcli cache-miss
149 http fetch GET 200 https://registry.npmjs.org/@angular%2fcli 376ms (cache miss)
150 silly packumentCache full:https://registry.npmjs.org/@angular%2fcli set size:undefined disposed:false
151 silly fetch manifest @angular/compiler-cli@20.3.2
152 silly packumentCache full:https://registry.npmjs.org/@angular%2fcompiler-cli cache-miss
153 http fetch GET 200 https://registry.npmjs.org/@angular%2fcompiler-cli 407ms (cache miss)
154 silly packumentCache full:https://registry.npmjs.org/@angular%2fcompiler-cli set size:undefined disposed:false
155 silly fetch manifest @tailwindcss/typography@0.5.15
156 silly packumentCache full:https://registry.npmjs.org/@tailwindcss%2ftypography cache-miss
157 http fetch GET 200 https://registry.npmjs.org/@tailwindcss%2ftypography 221ms (cache miss)
158 silly packumentCache full:https://registry.npmjs.org/@tailwindcss%2ftypography set size:undefined disposed:false
159 silly fetch manifest @types/chroma-js@2.4.5
160 silly packumentCache full:https://registry.npmjs.org/@types%2fchroma-js cache-miss
161 http fetch GET 200 https://registry.npmjs.org/@types%2fchroma-js 854ms (cache miss)
162 silly packumentCache full:https://registry.npmjs.org/@types%2fchroma-js set size:undefined disposed:false
163 silly fetch manifest @types/crypto-js@4.2.2
164 silly packumentCache full:https://registry.npmjs.org/@types%2fcrypto-js cache-miss
165 http fetch GET 200 https://registry.npmjs.org/@types%2fcrypto-js 1414ms (cache miss)
166 silly packumentCache full:https://registry.npmjs.org/@types%2fcrypto-js set size:undefined disposed:false
167 silly fetch manifest @types/highlight.js@10.1.0
168 silly packumentCache full:https://registry.npmjs.org/@types%2fhighlight.js cache-miss
169 http fetch GET 200 https://registry.npmjs.org/@types%2fhighlight.js 164ms (cache miss)
170 silly packumentCache full:https://registry.npmjs.org/@types%2fhighlight.js set size:undefined disposed:false
171 silly fetch manifest @types/jasmine@5.1.5
172 silly packumentCache full:https://registry.npmjs.org/@types%2fjasmine cache-miss
173 http fetch GET 200 https://registry.npmjs.org/@types%2fjasmine 309ms (cache miss)
174 silly packumentCache full:https://registry.npmjs.org/@types%2fjasmine set size:undefined disposed:false
175 silly fetch manifest @types/lodash@4.17.13
176 silly packumentCache full:https://registry.npmjs.org/@types%2flodash cache-miss
177 http fetch GET 200 https://registry.npmjs.org/@types%2flodash 256ms (cache miss)
178 silly packumentCache full:https://registry.npmjs.org/@types%2flodash set size:undefined disposed:false
179 silly fetch manifest @types/lodash-es@4.17.12
180 silly packumentCache full:https://registry.npmjs.org/@types%2flodash-es cache-miss
181 http fetch GET 200 https://registry.npmjs.org/@types%2flodash-es 494ms (cache miss)
182 silly packumentCache full:https://registry.npmjs.org/@types%2flodash-es set size:undefined disposed:false
183 silly fetch manifest @types/luxon@3.4.2
184 silly packumentCache full:https://registry.npmjs.org/@types%2fluxon cache-miss
185 http fetch GET 200 https://registry.npmjs.org/@types%2fluxon 795ms (cache miss)
186 silly packumentCache full:https://registry.npmjs.org/@types%2fluxon set size:undefined disposed:false
187 silly fetch manifest autoprefixer@10.4.20
188 silly packumentCache full:https://registry.npmjs.org/autoprefixer cache-miss
189 http fetch GET 200 https://registry.npmjs.org/autoprefixer 197ms (cache miss)
190 silly packumentCache full:https://registry.npmjs.org/autoprefixer set size:undefined disposed:false
191 silly fetch manifest chroma-js@2.4.2
192 silly packumentCache full:https://registry.npmjs.org/chroma-js cache-miss
193 http fetch GET 200 https://registry.npmjs.org/chroma-js 501ms (cache miss)
194 silly packumentCache full:https://registry.npmjs.org/chroma-js set size:undefined disposed:false
195 silly fetch manifest jasmine-core@5.1.2
196 silly packumentCache full:https://registry.npmjs.org/jasmine-core cache-miss
197 http fetch GET 200 https://registry.npmjs.org/jasmine-core 145ms (cache miss)
198 silly packumentCache full:https://registry.npmjs.org/jasmine-core set size:undefined disposed:false
199 silly fetch manifest karma@6.4.4
200 silly packumentCache full:https://registry.npmjs.org/karma cache-miss
201 http fetch GET 200 https://registry.npmjs.org/karma 310ms (cache miss)
202 silly packumentCache full:https://registry.npmjs.org/karma set size:undefined disposed:false
203 silly fetch manifest karma-chrome-launcher@3.2.0
204 silly packumentCache full:https://registry.npmjs.org/karma-chrome-launcher cache-miss
205 http fetch GET 200 https://registry.npmjs.org/karma-chrome-launcher 166ms (cache miss)
206 silly packumentCache full:https://registry.npmjs.org/karma-chrome-launcher set size:undefined disposed:false
207 silly fetch manifest karma-coverage@2.2.1
208 silly packumentCache full:https://registry.npmjs.org/karma-coverage cache-miss
209 http fetch GET 200 https://registry.npmjs.org/karma-coverage 472ms (cache miss)
210 silly packumentCache full:https://registry.npmjs.org/karma-coverage set size:undefined disposed:false
211 silly fetch manifest karma-jasmine@5.1.0
212 silly packumentCache full:https://registry.npmjs.org/karma-jasmine cache-miss
213 http fetch GET 200 https://registry.npmjs.org/karma-jasmine 155ms (cache miss)
214 silly packumentCache full:https://registry.npmjs.org/karma-jasmine set size:undefined disposed:false
215 silly fetch manifest karma-jasmine-html-reporter@2.1.0
216 silly packumentCache full:https://registry.npmjs.org/karma-jasmine-html-reporter cache-miss
217 http fetch GET 200 https://registry.npmjs.org/karma-jasmine-html-reporter 137ms (cache miss)
218 silly packumentCache full:https://registry.npmjs.org/karma-jasmine-html-reporter set size:undefined disposed:false
219 silly fetch manifest lodash@4.17.21
220 silly packumentCache full:https://registry.npmjs.org/lodash cache-miss
221 http fetch GET 200 https://registry.npmjs.org/lodash 174ms (cache miss)
222 silly packumentCache full:https://registry.npmjs.org/lodash set size:undefined disposed:false
223 silly fetch manifest postcss@8.4.49
224 silly packumentCache full:https://registry.npmjs.org/postcss cache-miss
225 http fetch GET 200 https://registry.npmjs.org/postcss 206ms (cache miss)
226 silly packumentCache full:https://registry.npmjs.org/postcss set size:undefined disposed:false
227 silly fetch manifest prettier@3.4.2
228 silly packumentCache full:https://registry.npmjs.org/prettier cache-miss
229 http fetch GET 200 https://registry.npmjs.org/prettier 193ms (cache miss)
230 silly packumentCache full:https://registry.npmjs.org/prettier set size:undefined disposed:false
231 silly fetch manifest prettier-plugin-organize-imports@4.1.0
232 silly packumentCache full:https://registry.npmjs.org/prettier-plugin-organize-imports cache-miss
233 http fetch GET 200 https://registry.npmjs.org/prettier-plugin-organize-imports 538ms (cache miss)
234 silly packumentCache full:https://registry.npmjs.org/prettier-plugin-organize-imports set size:undefined disposed:false
235 silly fetch manifest prettier-plugin-tailwindcss@0.6.9
236 silly packumentCache full:https://registry.npmjs.org/prettier-plugin-tailwindcss cache-miss
237 http fetch GET 200 https://registry.npmjs.org/prettier-plugin-tailwindcss 606ms (cache miss)
238 silly packumentCache full:https://registry.npmjs.org/prettier-plugin-tailwindcss set size:undefined disposed:false
239 silly fetch manifest tailwindcss@3.4.17
240 silly packumentCache full:https://registry.npmjs.org/tailwindcss cache-miss
241 http fetch GET 200 https://registry.npmjs.org/tailwindcss 1773ms (cache miss)
242 silly packumentCache full:https://registry.npmjs.org/tailwindcss set size:undefined disposed:false
243 silly fetch manifest typescript@5.9.2
244 silly packumentCache full:https://registry.npmjs.org/typescript cache-miss
245 http fetch GET 200 https://registry.npmjs.org/typescript 1779ms (cache miss)
246 silly packumentCache full:https://registry.npmjs.org/typescript set size:undefined disposed:false
247 silly placeDep ROOT @angular-devkit/build-angular@20.3.3 OK for: afya@21.0.0 want: 20.3.3
248 silly placeDep ROOT @angular/animations@20.3.2 OK for: afya@21.0.0 want: 20.3.2
249 silly placeDep ROOT @angular/cdk@20.2.5 OK for: afya@21.0.0 want: 20.2.5
250 silly placeDep ROOT @angular/cli@20.3.3 OK for: afya@21.0.0 want: 20.3.3
251 silly placeDep ROOT @angular/common@20.3.2 OK for: afya@21.0.0 want: 20.3.2
252 silly placeDep ROOT @angular/compiler@20.3.2 OK for: afya@21.0.0 want: 20.3.2
253 silly placeDep ROOT @angular/compiler-cli@20.3.2 OK for: afya@21.0.0 want: 20.3.2
254 silly placeDep ROOT @angular/core@20.3.2 OK for: afya@21.0.0 want: 20.3.2
255 silly placeDep ROOT @angular/forms@20.3.2 OK for: afya@21.0.0 want: 20.3.2
256 silly placeDep ROOT @angular/material@20.2.5 OK for: afya@21.0.0 want: 20.2.5
257 silly placeDep ROOT @angular/material-luxon-adapter@20.2.5 OK for: afya@21.0.0 want: 20.2.5
258 silly placeDep ROOT @angular/platform-browser@20.3.2 OK for: afya@21.0.0 want: 20.3.2
259 silly placeDep ROOT @angular/platform-browser-dynamic@20.3.2 OK for: afya@21.0.0 want: 20.3.2
260 silly placeDep ROOT @angular/router@20.3.2 OK for: afya@21.0.0 want: 20.3.2
261 silly placeDep ROOT @fontsource/ibm-plex-mono@5.2.7 OK for: afya@21.0.0 want: ^5.2.7
262 silly placeDep ROOT @jsverse/transloco@7.5.1 OK for: afya@21.0.0 want: 7.5.1
263 silly placeDep ROOT @popperjs/core@2.11.8 OK for: afya@21.0.0 want: ^2.11.8
264 silly placeDep ROOT @primeuix/themes@1.2.5 OK for: afya@21.0.0 want: ^1.2.5
265 silly placeDep ROOT @tailwindcss/typography@0.5.15 OK for: afya@21.0.0 want: 0.5.15
266 silly placeDep ROOT @types/chroma-js@2.4.5 OK for: afya@21.0.0 want: 2.4.5
267 silly placeDep ROOT @types/crypto-js@4.2.2 OK for: afya@21.0.0 want: 4.2.2
268 silly placeDep ROOT @types/highlight.js@10.1.0 OK for: afya@21.0.0 want: 10.1.0
269 silly placeDep ROOT @types/jasmine@5.1.5 OK for: afya@21.0.0 want: 5.1.5
270 silly placeDep ROOT @types/lodash@4.17.13 OK for: afya@21.0.0 want: 4.17.13
271 silly placeDep ROOT @types/lodash-es@4.17.12 OK for: afya@21.0.0 want: 4.17.12
272 silly placeDep ROOT @types/luxon@3.4.2 OK for: afya@21.0.0 want: 3.4.2
273 silly placeDep ROOT apexcharts@4.3.0 OK for: afya@21.0.0 want: 4.3.0
274 silly placeDep ROOT autoprefixer@10.4.20 OK for: afya@21.0.0 want: 10.4.20
275 silly placeDep ROOT bootstrap@5.3.8 OK for: afya@21.0.0 want: ^5.3.8
276 silly placeDep ROOT chroma-js@2.4.2 OK for: afya@21.0.0 want: 2.4.2
277 silly placeDep ROOT crypto-js@4.2.0 OK for: afya@21.0.0 want: ^4.2.0
278 silly placeDep ROOT highlight.js@11.11.1 OK for: afya@21.0.0 want: 11.11.1
279 silly placeDep ROOT jasmine-core@5.1.2 OK for: afya@21.0.0 want: 5.1.2
280 silly placeDep ROOT karma@6.4.4 OK for: afya@21.0.0 want: 6.4.4
281 silly placeDep ROOT karma-chrome-launcher@3.2.0 OK for: afya@21.0.0 want: 3.2.0
282 silly placeDep ROOT karma-coverage@2.2.1 OK for: afya@21.0.0 want: 2.2.1
283 silly placeDep ROOT karma-jasmine@5.1.0 OK for: afya@21.0.0 want: 5.1.0
284 silly placeDep ROOT karma-jasmine-html-reporter@2.1.0 OK for: afya@21.0.0 want: 2.1.0
285 silly placeDep ROOT lodash@4.17.21 OK for: afya@21.0.0 want: 4.17.21
286 silly placeDep ROOT lodash-es@4.17.21 OK for: afya@21.0.0 want: 4.17.21
287 silly placeDep ROOT luxon@3.5.0 OK for: afya@21.0.0 want: 3.5.0
288 silly placeDep ROOT material-icons@1.13.14 OK for: afya@21.0.0 want: ^1.13.14
289 silly placeDep ROOT ng-apexcharts@1.15.0 OK for: afya@21.0.0 want: 1.15.0
290 silly placeDep ROOT ngx-quill@27.0.0 OK for: afya@21.0.0 want: 27.0.0
291 silly placeDep ROOT perfect-scrollbar@1.5.6 OK for: afya@21.0.0 want: 1.5.6
292 silly placeDep ROOT postcss@8.4.49 OK for: afya@21.0.0 want: 8.4.49
293 silly placeDep ROOT prettier@3.4.2 OK for: afya@21.0.0 want: 3.4.2
294 silly placeDep ROOT prettier-plugin-organize-imports@4.1.0 OK for: afya@21.0.0 want: 4.1.0
295 silly placeDep ROOT prettier-plugin-tailwindcss@0.6.9 OK for: afya@21.0.0 want: 0.6.9
296 silly placeDep ROOT primeflex@4.0.0 OK for: afya@21.0.0 want: ^4.0.0
297 silly placeDep ROOT primeicons@7.0.0 OK for: afya@21.0.0 want: ^7.0.0
298 silly placeDep ROOT primeng@20.4.0 OK for: afya@21.0.0 want: ^20.2.0
299 silly placeDep ROOT quill@2.0.3 OK for: afya@21.0.0 want: 2.0.3
300 silly placeDep ROOT rxjs@7.8.1 OK for: afya@21.0.0 want: 7.8.1
301 silly placeDep ROOT tailwindcss@3.4.17 OK for: afya@21.0.0 want: 3.4.17
302 silly placeDep ROOT tslib@2.8.1 OK for: afya@21.0.0 want: 2.8.1
303 silly placeDep ROOT typescript@5.9.2 OK for: afya@21.0.0 want: 5.9.2
304 silly placeDep ROOT zone.js@0.15.0 OK for: afya@21.0.0 want: 0.15.0
305 silly fetch manifest ora@8.2.0
306 silly packumentCache full:https://registry.npmjs.org/ora cache-miss
307 silly fetch manifest less@4.4.0
308 silly packumentCache full:https://registry.npmjs.org/less cache-miss
309 silly fetch manifest open@10.2.0
310 silly packumentCache full:https://registry.npmjs.org/open cache-miss
311 silly fetch manifest rxjs@7.8.2
312 silly packumentCache full:https://registry.npmjs.org/rxjs cache-miss
313 silly fetch manifest sass@1.90.0
314 silly packumentCache full:https://registry.npmjs.org/sass cache-miss
315 silly fetch manifest semver@7.7.2
316 silly packumentCache full:https://registry.npmjs.org/semver cache-miss
317 silly fetch manifest terser@5.43.1
318 silly packumentCache full:https://registry.npmjs.org/terser cache-miss
319 silly fetch manifest piscina@5.1.3
320 silly packumentCache full:https://registry.npmjs.org/piscina cache-miss
321 silly fetch manifest postcss@8.5.6
322 silly packumentCache full:https://registry.npmjs.org/postcss cache-miss
323 http fetch GET 200 https://registry.npmjs.org/postcss 8ms (cache hit)
324 silly packumentCache full:https://registry.npmjs.org/postcss set size:696248 disposed:false
325 silly fetch manifest webpack@5.101.2
326 silly packumentCache full:https://registry.npmjs.org/webpack cache-miss
327 http fetch GET 200 https://registry.npmjs.org/rxjs 14ms (cache hit)
328 silly packumentCache full:https://registry.npmjs.org/rxjs set size:980097 disposed:false
329 silly fetch manifest fast-glob@3.3.3
330 silly packumentCache full:https://registry.npmjs.org/fast-glob cache-miss
331 http fetch GET 200 https://registry.npmjs.org/less 147ms (cache miss)
332 silly packumentCache full:https://registry.npmjs.org/less set size:undefined disposed:false
333 silly fetch manifest picomatch@4.0.3
334 silly packumentCache full:https://registry.npmjs.org/picomatch cache-miss
335 http fetch GET 200 https://registry.npmjs.org/ora 157ms (cache miss)
336 silly packumentCache full:https://registry.npmjs.org/ora set size:undefined disposed:false
337 silly fetch manifest tree-kill@1.2.2
338 silly packumentCache full:https://registry.npmjs.org/tree-kill cache-miss
339 http fetch GET 200 https://registry.npmjs.org/tree-kill 131ms (cache miss)
340 silly packumentCache full:https://registry.npmjs.org/tree-kill set size:undefined disposed:false
341 silly fetch manifest css-loader@7.1.2
342 silly packumentCache full:https://registry.npmjs.org/css-loader cache-miss
343 http fetch GET 200 https://registry.npmjs.org/picomatch 148ms (cache miss)
344 silly packumentCache full:https://registry.npmjs.org/picomatch set size:undefined disposed:false
345 silly fetch manifest @babel/core@7.28.3
346 silly packumentCache full:https://registry.npmjs.org/@babel%2fcore cache-miss
347 http fetch GET 200 https://registry.npmjs.org/fast-glob 545ms (cache miss)
348 silly packumentCache full:https://registry.npmjs.org/fast-glob set size:undefined disposed:false
349 silly fetch manifest ansi-colors@4.1.3
350 silly packumentCache full:https://registry.npmjs.org/ansi-colors cache-miss
351 http fetch GET 200 https://registry.npmjs.org/open 580ms (cache miss)
352 silly packumentCache full:https://registry.npmjs.org/open set size:undefined disposed:false
353 silly fetch manifest less-loader@12.3.0
354 silly packumentCache full:https://registry.npmjs.org/less-loader cache-miss
355 http fetch GET 200 https://registry.npmjs.org/@babel%2fcore 334ms (cache miss)
356 silly packumentCache full:https://registry.npmjs.org/@babel%2fcore set size:undefined disposed:false
357 silly fetch manifest sass-loader@16.0.5
358 silly packumentCache full:https://registry.npmjs.org/sass-loader cache-miss
359 http fetch GET 200 https://registry.npmjs.org/semver 652ms (cache miss)
360 silly packumentCache full:https://registry.npmjs.org/semver set size:undefined disposed:false
361 silly fetch manifest autoprefixer@10.4.21
362 silly packumentCache full:https://registry.npmjs.org/autoprefixer cache-miss
363 http fetch GET 200 https://registry.npmjs.org/autoprefixer 14ms (cache hit)
364 silly packumentCache full:https://registry.npmjs.org/autoprefixer set size:1261581 disposed:false
365 silly fetch manifest babel-loader@10.0.0
366 silly packumentCache full:https://registry.npmjs.org/babel-loader cache-miss
367 http fetch GET 200 https://registry.npmjs.org/terser 696ms (cache miss)
368 silly packumentCache full:https://registry.npmjs.org/terser set size:undefined disposed:false
369 silly fetch manifest browserslist@^4.21.5
370 silly packumentCache full:https://registry.npmjs.org/browserslist cache-miss
371 http fetch GET 200 https://registry.npmjs.org/less-loader 301ms (cache miss)
372 silly packumentCache full:https://registry.npmjs.org/less-loader set size:undefined disposed:false
373 silly fetch manifest esbuild-wasm@0.25.9
374 silly packumentCache full:https://registry.npmjs.org/esbuild-wasm cache-miss
375 http fetch GET 200 https://registry.npmjs.org/sass 911ms (cache miss)
376 silly packumentCache full:https://registry.npmjs.org/sass set size:undefined disposed:false
377 silly fetch manifest jsonc-parser@3.3.1
378 silly packumentCache full:https://registry.npmjs.org/jsonc-parser cache-miss
379 http fetch GET 200 https://registry.npmjs.org/ansi-colors 348ms (cache miss)
380 silly packumentCache full:https://registry.npmjs.org/ansi-colors set size:undefined disposed:false
381 silly fetch manifest loader-utils@3.3.1
382 silly packumentCache full:https://registry.npmjs.org/loader-utils cache-miss
383 http fetch GET 200 https://registry.npmjs.org/sass-loader 423ms (cache miss)
384 silly packumentCache full:https://registry.npmjs.org/sass-loader set size:undefined disposed:false
385 silly fetch manifest webpack-merge@6.0.1
386 silly packumentCache full:https://registry.npmjs.org/webpack-merge cache-miss
387 http fetch GET 200 https://registry.npmjs.org/css-loader 816ms (cache miss)
388 silly packumentCache full:https://registry.npmjs.org/css-loader set size:undefined disposed:false
389 silly fetch manifest @angular/build@20.3.3
390 silly packumentCache full:https://registry.npmjs.org/@angular%2fbuild cache-miss
391 http fetch GET 200 https://registry.npmjs.org/piscina 1121ms (cache miss)
392 silly packumentCache full:https://registry.npmjs.org/piscina set size:undefined disposed:false
393 silly fetch manifest @babel/runtime@7.28.3
394 silly packumentCache full:https://registry.npmjs.org/@babel%2fruntime cache-miss
395 http fetch GET 200 https://registry.npmjs.org/webpack 1155ms (cache miss)
396 silly packumentCache full:https://registry.npmjs.org/webpack set size:undefined disposed:false
397 silly fetch manifest postcss-loader@8.1.1
398 silly packumentCache full:https://registry.npmjs.org/postcss-loader cache-miss
399 http fetch GET 200 https://registry.npmjs.org/babel-loader 570ms (cache miss)
400 silly packumentCache full:https://registry.npmjs.org/babel-loader set size:undefined disposed:false
401 silly fetch manifest @babel/generator@7.28.3
402 silly packumentCache full:https://registry.npmjs.org/@babel%2fgenerator cache-miss
403 http fetch GET 200 https://registry.npmjs.org/loader-utils 354ms (cache miss)
404 silly packumentCache full:https://registry.npmjs.org/loader-utils set size:undefined disposed:false
405 silly fetch manifest @ngtools/webpack@20.3.3
406 silly packumentCache full:https://registry.npmjs.org/@ngtools%2fwebpack cache-miss
407 http fetch GET 200 https://registry.npmjs.org/jsonc-parser 358ms (cache miss)
408 silly packumentCache full:https://registry.npmjs.org/jsonc-parser set size:undefined disposed:false
409 silly fetch manifest @babel/preset-env@7.28.3
410 silly packumentCache full:https://registry.npmjs.org/@babel%2fpreset-env cache-miss
411 http fetch GET 200 https://registry.npmjs.org/webpack-merge 211ms (cache miss)
412 silly packumentCache full:https://registry.npmjs.org/webpack-merge set size:undefined disposed:false
413 silly fetch manifest source-map-loader@5.0.0
414 silly packumentCache full:https://registry.npmjs.org/source-map-loader cache-miss
415 http fetch GET 200 https://registry.npmjs.org/browserslist 581ms (cache miss)
416 silly packumentCache full:https://registry.npmjs.org/browserslist set size:undefined disposed:false
417 silly fetch manifest resolve-url-loader@5.0.0
418 silly packumentCache full:https://registry.npmjs.org/resolve-url-loader cache-miss
419 http fetch GET 200 https://registry.npmjs.org/@angular%2fbuild 177ms (cache miss)
420 silly packumentCache full:https://registry.npmjs.org/@angular%2fbuild set size:undefined disposed:false
421 silly fetch manifest source-map-support@0.5.21
422 silly packumentCache full:https://registry.npmjs.org/source-map-support cache-miss
423 http fetch GET 200 https://registry.npmjs.org/postcss-loader 163ms (cache miss)
424 silly packumentCache full:https://registry.npmjs.org/postcss-loader set size:undefined disposed:false
425 silly fetch manifest webpack-dev-server@5.2.2
426 silly packumentCache full:https://registry.npmjs.org/webpack-dev-server cache-miss
427 http fetch GET 200 https://registry.npmjs.org/@babel%2fgenerator 188ms (cache miss)
428 silly packumentCache full:https://registry.npmjs.org/@babel%2fgenerator set size:undefined disposed:false
429 silly fetch manifest copy-webpack-plugin@13.0.1
430 silly packumentCache full:https://registry.npmjs.org/copy-webpack-plugin cache-miss
431 http fetch GET 200 https://registry.npmjs.org/@babel%2fruntime 342ms (cache miss)
432 silly packumentCache full:https://registry.npmjs.org/@babel%2fruntime set size:undefined disposed:false
433 silly fetch manifest @angular-devkit/core@20.3.3
434 silly packumentCache full:https://registry.npmjs.org/@angular-devkit%2fcore cache-miss
435 http fetch GET 200 https://registry.npmjs.org/source-map-loader 306ms (cache miss)
436 silly packumentCache full:https://registry.npmjs.org/source-map-loader set size:undefined disposed:false
437 silly fetch manifest @ampproject/remapping@2.3.0
438 silly packumentCache full:https://registry.npmjs.org/@ampproject%2fremapping cache-miss
439 http fetch GET 200 https://registry.npmjs.org/resolve-url-loader 309ms (cache miss)
440 silly packumentCache full:https://registry.npmjs.org/resolve-url-loader set size:undefined disposed:false
441 silly fetch manifest @discoveryjs/json-ext@0.6.3
442 silly packumentCache full:https://registry.npmjs.org/@discoveryjs%2fjson-ext cache-miss
443 http fetch GET 200 https://registry.npmjs.org/source-map-support 307ms (cache miss)
444 silly packumentCache full:https://registry.npmjs.org/source-map-support set size:undefined disposed:false
445 silly fetch manifest http-proxy-middleware@3.0.5
446 silly packumentCache full:https://registry.npmjs.org/http-proxy-middleware cache-miss
447 http fetch GET 200 https://registry.npmjs.org/webpack-dev-server 263ms (cache miss)
448 silly packumentCache full:https://registry.npmjs.org/webpack-dev-server set size:undefined disposed:false
449 silly fetch manifest license-webpack-plugin@4.0.2
450 silly packumentCache full:https://registry.npmjs.org/license-webpack-plugin cache-miss
451 http fetch GET 200 https://registry.npmjs.org/copy-webpack-plugin 195ms (cache miss)
452 silly packumentCache full:https://registry.npmjs.org/copy-webpack-plugin set size:undefined disposed:false
453 silly fetch manifest webpack-dev-middleware@7.4.2
454 silly packumentCache full:https://registry.npmjs.org/webpack-dev-middleware cache-miss
455 http fetch GET 200 https://registry.npmjs.org/@babel%2fpreset-env 367ms (cache miss)
456 silly packumentCache full:https://registry.npmjs.org/@babel%2fpreset-env set size:undefined disposed:false
457 silly fetch manifest istanbul-lib-instrument@6.0.3
458 silly packumentCache full:https://registry.npmjs.org/istanbul-lib-instrument cache-miss
459 http fetch GET 200 https://registry.npmjs.org/http-proxy-middleware 580ms (cache miss)
460 silly packumentCache full:https://registry.npmjs.org/http-proxy-middleware set size:undefined disposed:false
461 silly fetch manifest mini-css-extract-plugin@2.9.4
462 silly packumentCache full:https://registry.npmjs.org/mini-css-extract-plugin cache-miss
463 http fetch GET 200 https://registry.npmjs.org/webpack-dev-middleware 545ms (cache miss)
464 silly packumentCache full:https://registry.npmjs.org/webpack-dev-middleware set size:undefined disposed:false
465 silly fetch manifest karma-source-map-support@1.4.0
466 silly packumentCache full:https://registry.npmjs.org/karma-source-map-support cache-miss
467 http fetch GET 200 https://registry.npmjs.org/@discoveryjs%2fjson-ext 594ms (cache miss)
468 silly packumentCache full:https://registry.npmjs.org/@discoveryjs%2fjson-ext set size:undefined disposed:false
469 silly fetch manifest @angular-devkit/architect@0.2003.3
470 silly packumentCache full:https://registry.npmjs.org/@angular-devkit%2farchitect cache-miss
471 http fetch GET 200 https://registry.npmjs.org/@ampproject%2fremapping 654ms (cache miss)
472 silly packumentCache full:https://registry.npmjs.org/@ampproject%2fremapping set size:undefined disposed:false
473 silly fetch manifest @angular-devkit/build-webpack@0.2003.3
474 silly packumentCache full:https://registry.npmjs.org/@angular-devkit%2fbuild-webpack cache-miss
475 http fetch GET 200 https://registry.npmjs.org/istanbul-lib-instrument 599ms (cache miss)
476 silly packumentCache full:https://registry.npmjs.org/istanbul-lib-instrument set size:undefined disposed:false
477 silly fetch manifest webpack-subresource-integrity@5.1.0
478 silly packumentCache full:https://registry.npmjs.org/webpack-subresource-integrity cache-miss
479 http fetch GET 200 https://registry.npmjs.org/@angular-devkit%2fcore 857ms (cache miss)
480 silly packumentCache full:https://registry.npmjs.org/@angular-devkit%2fcore set size:undefined disposed:false
481 silly fetch manifest @babel/helper-annotate-as-pure@7.27.3
482 silly packumentCache full:https://registry.npmjs.org/@babel%2fhelper-annotate-as-pure cache-miss
483 http fetch GET 200 https://registry.npmjs.org/mini-css-extract-plugin 173ms (cache miss)
484 silly packumentCache full:https://registry.npmjs.org/mini-css-extract-plugin set size:undefined disposed:false
485 silly fetch manifest @babel/plugin-transform-runtime@7.28.3
486 silly packumentCache full:https://registry.npmjs.org/@babel%2fplugin-transform-runtime cache-miss
487 http fetch GET 200 https://registry.npmjs.org/esbuild-wasm 2156ms (cache miss)
488 silly packumentCache full:https://registry.npmjs.org/esbuild-wasm set size:undefined disposed:false
489 silly fetch manifest @babel/helper-split-export-declaration@7.24.7
490 silly packumentCache full:https://registry.npmjs.org/@babel%2fhelper-split-export-declaration cache-miss
491 http fetch GET 200 https://registry.npmjs.org/@babel%2fhelper-annotate-as-pure 771ms (cache miss)
492 silly packumentCache full:https://registry.npmjs.org/@babel%2fhelper-annotate-as-pure set size:undefined disposed:false
493 silly fetch manifest @babel/plugin-transform-async-to-generator@7.27.1
494 silly packumentCache full:https://registry.npmjs.org/@babel%2fplugin-transform-async-to-generator cache-miss
495 http fetch GET 200 https://registry.npmjs.org/@babel%2fplugin-transform-runtime 807ms (cache miss)
496 silly packumentCache full:https://registry.npmjs.org/@babel%2fplugin-transform-runtime set size:undefined disposed:false
497 silly fetch manifest @babel/plugin-transform-async-generator-functions@7.28.0
498 silly packumentCache full:https://registry.npmjs.org/@babel%2fplugin-transform-async-generator-functions cache-miss
499 http fetch GET 200 https://registry.npmjs.org/webpack-subresource-integrity 964ms (cache miss)
500 silly packumentCache full:https://registry.npmjs.org/webpack-subresource-integrity set size:undefined disposed:false
501 silly fetch manifest esbuild@0.25.9
502 silly packumentCache full:https://registry.npmjs.org/esbuild cache-miss
503 http fetch GET 200 https://registry.npmjs.org/license-webpack-plugin 1617ms (cache miss)
504 silly packumentCache full:https://registry.npmjs.org/license-webpack-plugin set size:undefined disposed:false
505 silly fetch manifest tslib@^2.3.0
506 silly packumentCache full:https://registry.npmjs.org/tslib cache-miss
507 http fetch GET 200 https://registry.npmjs.org/karma-source-map-support 1052ms (cache miss)
508 silly packumentCache full:https://registry.npmjs.org/karma-source-map-support set size:undefined disposed:false
509 silly fetch manifest tslib@^2.3.0
510 silly packumentCache full:https://registry.npmjs.org/tslib cache-miss
511 http fetch GET 200 https://registry.npmjs.org/tslib 5ms (cache hit)
512 silly packumentCache full:https://registry.npmjs.org/tslib set size:108760 disposed:false
513 silly fetch manifest parse5@^8.0.0
514 silly packumentCache full:https://registry.npmjs.org/parse5 cache-miss
515 http fetch GET 200 https://registry.npmjs.org/tslib 7ms (cache hit)
516 silly packumentCache full:https://registry.npmjs.org/tslib set size:108760 disposed:false
517 silly packumentCache full:https://registry.npmjs.org/tslib dispose
518 silly fetch manifest ini@5.0.0
519 silly packumentCache full:https://registry.npmjs.org/ini cache-miss
520 http fetch GET 200 https://registry.npmjs.org/@babel%2fhelper-split-export-declaration 279ms (cache miss)
521 silly packumentCache full:https://registry.npmjs.org/@babel%2fhelper-split-export-declaration set size:undefined disposed:false
522 silly fetch manifest zod@3.25.76
523 silly packumentCache full:https://registry.npmjs.org/zod cache-miss
524 http fetch GET 200 https://registry.npmjs.org/@babel%2fplugin-transform-async-to-generator 220ms (cache miss)
525 silly packumentCache full:https://registry.npmjs.org/@babel%2fplugin-transform-async-to-generator set size:undefined disposed:false
526 silly fetch manifest yargs@18.0.0
527 silly packumentCache full:https://registry.npmjs.org/yargs cache-miss
528 http fetch GET 200 https://registry.npmjs.org/@babel%2fplugin-transform-async-generator-functions 317ms (cache miss)
529 silly packumentCache full:https://registry.npmjs.org/@babel%2fplugin-transform-async-generator-functions set size:undefined disposed:false
530 silly fetch manifest listr2@9.0.1
531 silly packumentCache full:https://registry.npmjs.org/listr2 cache-miss
532 http fetch GET 200 https://registry.npmjs.org/parse5 328ms (cache miss)
533 silly packumentCache full:https://registry.npmjs.org/parse5 set size:undefined disposed:false
534 silly fetch manifest pacote@21.0.0
535 silly packumentCache full:https://registry.npmjs.org/pacote cache-miss
536 http fetch GET 200 https://registry.npmjs.org/esbuild 1654ms (cache miss)
537 silly packumentCache full:https://registry.npmjs.org/esbuild set size:undefined disposed:false
538 silly fetch manifest resolve@1.22.10
539 silly packumentCache full:https://registry.npmjs.org/resolve cache-miss
540 http fetch GET 200 https://registry.npmjs.org/zod 1541ms (cache miss)
541 silly packumentCache full:https://registry.npmjs.org/zod set size:undefined disposed:false
542 silly fetch manifest algoliasearch@5.35.0
543 silly packumentCache full:https://registry.npmjs.org/algoliasearch cache-miss
544 http fetch GET 200 https://registry.npmjs.org/@ngtools%2fwebpack 3613ms (cache miss)
545 silly packumentCache full:https://registry.npmjs.org/@ngtools%2fwebpack set size:undefined disposed:false
546 silly fetch manifest npm-package-arg@13.0.0
547 silly packumentCache full:https://registry.npmjs.org/npm-package-arg cache-miss
548 http fetch GET 200 https://registry.npmjs.org/pacote 1316ms (cache miss)
549 silly packumentCache full:https://registry.npmjs.org/pacote set size:undefined disposed:false
550 silly fetch manifest @inquirer/prompts@7.8.2
551 silly packumentCache full:https://registry.npmjs.org/@inquirer%2fprompts cache-miss
552 http fetch GET 200 https://registry.npmjs.org/resolve 551ms (cache miss)
553 silly packumentCache full:https://registry.npmjs.org/resolve set size:undefined disposed:false
554 silly fetch manifest @yarnpkg/lockfile@1.1.0
555 silly packumentCache full:https://registry.npmjs.org/@yarnpkg%2flockfile cache-miss
556 http fetch GET 200 https://registry.npmjs.org/algoliasearch 591ms (cache miss)
557 silly packumentCache full:https://registry.npmjs.org/algoliasearch set size:undefined disposed:false
558 silly fetch manifest @schematics/angular@20.3.3
559 silly packumentCache full:https://registry.npmjs.org/@schematics%2fangular cache-miss
560 http fetch GET 200 https://registry.npmjs.org/@angular-devkit%2fbuild-webpack 3244ms (cache miss)
561 silly packumentCache full:https://registry.npmjs.org/@angular-devkit%2fbuild-webpack set size:undefined disposed:false
562 silly fetch manifest @angular-devkit/architect@0.2003.3
563 silly packumentCache full:https://registry.npmjs.org/@angular-devkit%2farchitect cache-miss
564 http fetch GET 200 https://registry.npmjs.org/npm-package-arg 606ms (cache miss)
565 silly packumentCache full:https://registry.npmjs.org/npm-package-arg set size:undefined disposed:false
566 silly fetch manifest @modelcontextprotocol/sdk@1.17.3
567 silly packumentCache full:https://registry.npmjs.org/@modelcontextprotocol%2fsdk cache-miss
568 http fetch GET 200 https://registry.npmjs.org/ini 2265ms (cache miss)
569 silly packumentCache full:https://registry.npmjs.org/ini set size:undefined disposed:false
570 silly fetch manifest @angular-devkit/schematics@20.3.3
571 silly packumentCache full:https://registry.npmjs.org/@angular-devkit%2fschematics cache-miss
572 http fetch GET 200 https://registry.npmjs.org/@inquirer%2fprompts 620ms (cache miss)
573 silly packumentCache full:https://registry.npmjs.org/@inquirer%2fprompts set size:undefined disposed:false
574 silly fetch manifest @listr2/prompt-adapter-inquirer@3.0.1
575 silly packumentCache full:https://registry.npmjs.org/@listr2%2fprompt-adapter-inquirer cache-miss
576 http fetch GET 200 https://registry.npmjs.org/listr2 2155ms (cache miss)
577 silly packumentCache full:https://registry.npmjs.org/listr2 set size:undefined disposed:false
578 silly fetch manifest yargs@^18.0.0
579 silly packumentCache full:https://registry.npmjs.org/yargs cache-miss
580 http fetch GET 200 https://registry.npmjs.org/yargs 2437ms (cache miss)
581 silly packumentCache full:https://registry.npmjs.org/yargs set size:undefined disposed:false
582 silly fetch manifest semver@^7.0.0
583 silly packumentCache full:https://registry.npmjs.org/semver cache-miss
584 http fetch GET 200 https://registry.npmjs.org/semver 1ms (cache hit)
585 silly packumentCache full:https://registry.npmjs.org/semver set size:226907 disposed:false
586 silly fetch manifest chokidar@^4.0.0
587 silly packumentCache full:https://registry.npmjs.org/chokidar cache-miss
588 http fetch GET 200 https://registry.npmjs.org/@listr2%2fprompt-adapter-inquirer 517ms (cache miss)
589 silly packumentCache full:https://registry.npmjs.org/@listr2%2fprompt-adapter-inquirer set size:undefined disposed:false
590 silly fetch manifest reflect-metadata@^0.2.0
591 silly packumentCache full:https://registry.npmjs.org/reflect-metadata cache-miss
592 http fetch GET 200 https://registry.npmjs.org/@modelcontextprotocol%2fsdk 555ms (cache miss)
593 silly packumentCache full:https://registry.npmjs.org/@modelcontextprotocol%2fsdk set size:undefined disposed:false
594 silly fetch manifest convert-source-map@^1.5.1
595 silly packumentCache full:https://registry.npmjs.org/convert-source-map cache-miss
596 http fetch GET 200 https://registry.npmjs.org/@yarnpkg%2flockfile 907ms (cache miss)
597 silly packumentCache full:https://registry.npmjs.org/@yarnpkg%2flockfile set size:undefined disposed:false
598 silly fetch manifest @jridgewell/sourcemap-codec@^1.4.14
599 silly packumentCache full:https://registry.npmjs.org/@jridgewell%2fsourcemap-codec cache-miss
600 http fetch GET 200 https://registry.npmjs.org/@angular-devkit%2farchitect 876ms (cache miss)
601 silly packumentCache full:https://registry.npmjs.org/@angular-devkit%2farchitect set size:undefined disposed:false
602 silly fetch manifest ora@^5.4.1
603 silly packumentCache full:https://registry.npmjs.org/ora cache-miss
604 http fetch GET 200 https://registry.npmjs.org/ora 3ms (cache hit)
605 silly packumentCache full:https://registry.npmjs.org/ora set size:137369 disposed:false
606 silly fetch manifest glob@^10.0.0
607 silly packumentCache full:https://registry.npmjs.org/glob cache-miss
608 http fetch GET 200 https://registry.npmjs.org/chokidar 610ms (cache miss)
609 silly packumentCache full:https://registry.npmjs.org/chokidar set size:undefined disposed:false
610 silly fetch manifest tslib@^2.2.0
611 silly packumentCache full:https://registry.npmjs.org/tslib cache-hit
612 silly fetch manifest fs-extra@^11.0.0
613 silly packumentCache full:https://registry.npmjs.org/fs-extra cache-miss
614 http fetch GET 200 https://registry.npmjs.org/yargs 855ms (cache miss)
615 silly packumentCache full:https://registry.npmjs.org/yargs set size:undefined disposed:false
616 silly fetch manifest replace-in-file@^7.0.1
617 silly packumentCache full:https://registry.npmjs.org/replace-in-file cache-miss
618 http fetch GET 200 https://registry.npmjs.org/reflect-metadata 475ms (cache miss)
619 silly packumentCache full:https://registry.npmjs.org/reflect-metadata set size:undefined disposed:false
620 silly fetch manifest lodash.kebabcase@^4.1.1
621 silly packumentCache full:https://registry.npmjs.org/lodash.kebabcase cache-miss
622 http fetch GET 200 https://registry.npmjs.org/@angular-devkit%2farchitect 4320ms (cache miss)
623 silly packumentCache full:https://registry.npmjs.org/@angular-devkit%2farchitect set size:undefined disposed:false
624 silly fetch manifest @jsverse/transloco-utils@^7.0.0
625 silly packumentCache full:https://registry.npmjs.org/@jsverse%2ftransloco-utils cache-miss
626 http fetch GET 200 https://registry.npmjs.org/@schematics%2fangular 1040ms (cache miss)
627 silly packumentCache full:https://registry.npmjs.org/@schematics%2fangular set size:undefined disposed:false
628 silly fetch manifest @primeuix/styled@^0.7.3
629 silly packumentCache full:https://registry.npmjs.org/@primeuix%2fstyled cache-miss
630 http fetch GET 200 https://registry.npmjs.org/@angular-devkit%2fschematics 1042ms (cache miss)
631 silly packumentCache full:https://registry.npmjs.org/@angular-devkit%2fschematics set size:undefined disposed:false
632 silly fetch manifest lodash.merge@^4.6.2
633 silly packumentCache full:https://registry.npmjs.org/lodash.merge cache-miss
634 http fetch GET 200 https://registry.npmjs.org/glob 205ms (cache miss)
635 silly packumentCache full:https://registry.npmjs.org/glob set size:undefined disposed:false
636 silly fetch manifest lodash.castarray@^4.4.0
637 silly packumentCache full:https://registry.npmjs.org/lodash.castarray cache-miss
638 http fetch GET 200 https://registry.npmjs.org/convert-source-map 534ms (cache miss)
639 silly packumentCache full:https://registry.npmjs.org/convert-source-map set size:undefined disposed:false
640 silly fetch manifest lodash.isplainobject@^4.0.6
641 silly packumentCache full:https://registry.npmjs.org/lodash.isplainobject cache-miss
642 http fetch GET 200 https://registry.npmjs.org/fs-extra 201ms (cache miss)
643 silly packumentCache full:https://registry.npmjs.org/fs-extra set size:undefined disposed:false
644 silly fetch manifest postcss-selector-parser@6.0.10
645 silly packumentCache full:https://registry.npmjs.org/postcss-selector-parser cache-miss
646 http fetch GET 200 https://registry.npmjs.org/lodash.kebabcase 147ms (cache miss)
647 silly packumentCache full:https://registry.npmjs.org/lodash.kebabcase set size:undefined disposed:false
648 silly fetch manifest highlight.js@*
649 silly packumentCache full:https://registry.npmjs.org/highlight.js cache-miss
650 http fetch GET 200 https://registry.npmjs.org/highlight.js 4ms (cache hit)
651 silly packumentCache full:https://registry.npmjs.org/highlight.js set size:1244415 disposed:false
652 silly fetch manifest @svgdotjs/svg.js@^3.2.4
653 silly packumentCache full:https://registry.npmjs.org/@svgdotjs%2fsvg.js cache-miss
654 http fetch GET 200 https://registry.npmjs.org/@primeuix%2fstyled 165ms (cache miss)
655 silly packumentCache full:https://registry.npmjs.org/@primeuix%2fstyled set size:undefined disposed:false
656 silly fetch manifest @svgdotjs/svg.filter.js@^3.0.8
657 silly packumentCache full:https://registry.npmjs.org/@svgdotjs%2fsvg.filter.js cache-miss
658 http fetch GET 200 https://registry.npmjs.org/lodash.merge 147ms (cache miss)
659 silly packumentCache full:https://registry.npmjs.org/lodash.merge set size:undefined disposed:false
660 silly fetch manifest @svgdotjs/svg.resize.js@^2.0.2
661 silly packumentCache full:https://registry.npmjs.org/@svgdotjs%2fsvg.resize.js cache-miss
662 http fetch GET 200 https://registry.npmjs.org/lodash.isplainobject 223ms (cache miss)
663 silly packumentCache full:https://registry.npmjs.org/lodash.isplainobject set size:undefined disposed:false
664 silly fetch manifest @svgdotjs/svg.select.js@^4.0.1
665 silly packumentCache full:https://registry.npmjs.org/@svgdotjs%2fsvg.select.js cache-miss
666 http fetch GET 200 https://registry.npmjs.org/postcss-selector-parser 220ms (cache miss)
667 silly packumentCache full:https://registry.npmjs.org/postcss-selector-parser set size:undefined disposed:false
668 silly fetch manifest @yr/monotone-cubic-spline@^1.0.3
669 silly packumentCache full:https://registry.npmjs.org/@yr%2fmonotone-cubic-spline cache-miss
670 http fetch GET 200 https://registry.npmjs.org/@svgdotjs%2fsvg.js 362ms (cache miss)
671 silly packumentCache full:https://registry.npmjs.org/@svgdotjs%2fsvg.js set size:undefined disposed:false
672 silly fetch manifest @svgdotjs/svg.draggable.js@^3.0.4
673 silly packumentCache full:https://registry.npmjs.org/@svgdotjs%2fsvg.draggable.js cache-miss
674 http fetch GET 200 https://registry.npmjs.org/lodash.castarray 469ms (cache miss)
675 silly packumentCache full:https://registry.npmjs.org/lodash.castarray set size:undefined disposed:false
676 silly fetch manifest picocolors@^1.0.1
677 silly packumentCache full:https://registry.npmjs.org/picocolors cache-miss
678 http fetch GET 200 https://registry.npmjs.org/replace-in-file 556ms (cache miss)
679 silly packumentCache full:https://registry.npmjs.org/replace-in-file set size:undefined disposed:false
680 silly fetch manifest fraction.js@^4.3.7
681 silly packumentCache full:https://registry.npmjs.org/fraction.js cache-miss
682 http fetch GET 200 https://registry.npmjs.org/@svgdotjs%2fsvg.resize.js 355ms (cache miss)
683 silly packumentCache full:https://registry.npmjs.org/@svgdotjs%2fsvg.resize.js set size:undefined disposed:false
684 silly fetch manifest browserslist@^4.23.3
685 silly packumentCache full:https://registry.npmjs.org/browserslist cache-miss
686 http fetch GET 200 https://registry.npmjs.org/browserslist 4ms (cache hit)
687 silly packumentCache full:https://registry.npmjs.org/browserslist set size:502989 disposed:false
688 silly fetch manifest caniuse-lite@^1.0.30001646
689 silly packumentCache full:https://registry.npmjs.org/caniuse-lite cache-miss
690 http fetch GET 200 https://registry.npmjs.org/@svgdotjs%2fsvg.select.js 352ms (cache miss)
691 silly packumentCache full:https://registry.npmjs.org/@svgdotjs%2fsvg.select.js set size:undefined disposed:false
692 silly fetch manifest normalize-range@^0.1.2
693 silly packumentCache full:https://registry.npmjs.org/normalize-range cache-miss
694 http fetch GET 200 https://registry.npmjs.org/fraction.js 137ms (cache miss)
695 silly packumentCache full:https://registry.npmjs.org/fraction.js set size:undefined disposed:false
696 silly fetch manifest postcss-value-parser@^4.2.0
697 silly packumentCache full:https://registry.npmjs.org/postcss-value-parser cache-miss
698 http fetch GET 200 https://registry.npmjs.org/picocolors 544ms (cache miss)
699 silly packumentCache full:https://registry.npmjs.org/picocolors set size:undefined disposed:false
700 silly fetch manifest di@^0.0.1
701 silly packumentCache full:https://registry.npmjs.org/di cache-miss
702 http fetch GET 200 https://registry.npmjs.org/normalize-range 440ms (cache miss)
703 silly packumentCache full:https://registry.npmjs.org/normalize-range set size:undefined disposed:false
704 silly fetch manifest tmp@^0.2.1
705 silly packumentCache full:https://registry.npmjs.org/tmp cache-miss
706 http fetch GET 200 https://registry.npmjs.org/caniuse-lite 540ms (cache miss)
707 silly packumentCache full:https://registry.npmjs.org/caniuse-lite set size:undefined disposed:false
708 silly fetch manifest glob@^7.1.7
709 silly packumentCache full:https://registry.npmjs.org/glob cache-miss
710 http fetch GET 200 https://registry.npmjs.org/@jridgewell%2fsourcemap-codec 1291ms (cache miss)
711 silly packumentCache full:https://registry.npmjs.org/@jridgewell%2fsourcemap-codec set size:undefined disposed:false
712 silly fetch manifest mime@^2.5.2
713 silly packumentCache full:https://registry.npmjs.org/mime cache-miss
714 http fetch GET 200 https://registry.npmjs.org/@svgdotjs%2fsvg.filter.js 934ms (cache miss)
715 silly packumentCache full:https://registry.npmjs.org/@svgdotjs%2fsvg.filter.js set size:undefined disposed:false
716 silly fetch manifest qjobs@^1.2.0
717 silly packumentCache full:https://registry.npmjs.org/qjobs cache-miss
718 http fetch GET 200 https://registry.npmjs.org/postcss-value-parser 427ms (cache miss)
719 silly packumentCache full:https://registry.npmjs.org/postcss-value-parser set size:undefined disposed:false
720 silly fetch manifest yargs@^16.1.1
721 silly packumentCache full:https://registry.npmjs.org/yargs cache-miss
722 http fetch GET 200 https://registry.npmjs.org/glob 7ms (cache hit)
723 silly packumentCache full:https://registry.npmjs.org/glob set size:415427 disposed:false
724 silly fetch manifest braces@^3.0.2
725 silly packumentCache full:https://registry.npmjs.org/braces cache-miss
726 http fetch GET 200 https://registry.npmjs.org/yargs 10ms (cache hit)
727 silly packumentCache full:https://registry.npmjs.org/yargs set size:743056 disposed:false
728 silly fetch manifest lodash@^4.17.21
729 silly packumentCache full:https://registry.npmjs.org/lodash cache-miss
730 http fetch GET 200 https://registry.npmjs.org/lodash 4ms (cache hit)
731 silly packumentCache full:https://registry.npmjs.org/lodash set size:244244 disposed:false
732 silly fetch manifest log4js@^6.4.1
733 silly packumentCache full:https://registry.npmjs.org/log4js cache-miss
734 http fetch GET 200 https://registry.npmjs.org/@svgdotjs%2fsvg.draggable.js 636ms (cache miss)
735 silly packumentCache full:https://registry.npmjs.org/@svgdotjs%2fsvg.draggable.js set size:undefined disposed:false
736 silly fetch manifest mkdirp@^0.5.5
737 silly packumentCache full:https://registry.npmjs.org/mkdirp cache-miss
738 http fetch GET 200 https://registry.npmjs.org/qjobs 241ms (cache miss)
739 silly packumentCache full:https://registry.npmjs.org/qjobs set size:undefined disposed:false
740 silly fetch manifest rimraf@^3.0.2
741 silly packumentCache full:https://registry.npmjs.org/rimraf cache-miss
742 http fetch GET 200 https://registry.npmjs.org/braces 238ms (cache miss)
743 silly packumentCache full:https://registry.npmjs.org/braces set size:undefined disposed:false
744 silly fetch manifest connect@^3.7.0
745 silly packumentCache full:https://registry.npmjs.org/connect cache-miss
746 http fetch GET 200 https://registry.npmjs.org/tmp 262ms (cache miss)
747 silly packumentCache full:https://registry.npmjs.org/tmp set size:undefined disposed:false
748 silly fetch manifest chokidar@^3.5.1
749 silly packumentCache full:https://registry.npmjs.org/chokidar cache-miss
750 http fetch GET 200 https://registry.npmjs.org/mime 250ms (cache miss)
751 silly packumentCache full:https://registry.npmjs.org/mime set size:undefined disposed:false
752 silly fetch manifest minimatch@^3.0.4
753 silly packumentCache full:https://registry.npmjs.org/minimatch cache-miss
754 http fetch GET 200 https://registry.npmjs.org/chokidar 2ms (cache hit)
755 silly packumentCache full:https://registry.npmjs.org/chokidar set size:255902 disposed:false
756 silly fetch manifest socket.io@^4.7.2
757 silly packumentCache full:https://registry.npmjs.org/socket.io cache-miss
758 http fetch GET 200 https://registry.npmjs.org/@yr%2fmonotone-cubic-spline 1092ms (cache miss)
759 silly packumentCache full:https://registry.npmjs.org/@yr%2fmonotone-cubic-spline set size:undefined disposed:false
760 silly fetch manifest http-proxy@^1.18.1
761 silly packumentCache full:https://registry.npmjs.org/http-proxy cache-miss
762 http fetch GET 200 https://registry.npmjs.org/log4js 268ms (cache miss)
763 silly packumentCache full:https://registry.npmjs.org/log4js set size:undefined disposed:false
764 silly fetch manifest source-map@^0.6.1
765 silly packumentCache full:https://registry.npmjs.org/source-map cache-miss
766 http fetch GET 200 https://registry.npmjs.org/mkdirp 270ms (cache miss)
767 silly packumentCache full:https://registry.npmjs.org/mkdirp set size:undefined disposed:false
768 silly fetch manifest body-parser@^1.19.0
769 silly packumentCache full:https://registry.npmjs.org/body-parser cache-miss
770 http fetch GET 200 https://registry.npmjs.org/rimraf 192ms (cache miss)
771 silly packumentCache full:https://registry.npmjs.org/rimraf set size:undefined disposed:false
772 silly fetch manifest graceful-fs@^4.2.6
773 silly packumentCache full:https://registry.npmjs.org/graceful-fs cache-miss
774 http fetch GET 200 https://registry.npmjs.org/di 528ms (cache miss)
775 silly packumentCache full:https://registry.npmjs.org/di set size:undefined disposed:false
776 silly fetch manifest isbinaryfile@^4.0.8
777 silly packumentCache full:https://registry.npmjs.org/isbinaryfile cache-miss
778 http fetch GET 200 https://registry.npmjs.org/socket.io 275ms (cache miss)
779 silly packumentCache full:https://registry.npmjs.org/socket.io set size:undefined disposed:false
780 silly fetch manifest range-parser@^1.2.1
781 silly packumentCache full:https://registry.npmjs.org/range-parser cache-miss
782 http fetch GET 200 https://registry.npmjs.org/source-map 282ms (cache miss)
783 silly packumentCache full:https://registry.npmjs.org/source-map set size:undefined disposed:false
784 silly fetch manifest ua-parser-js@^0.7.30
785 silly packumentCache full:https://registry.npmjs.org/ua-parser-js cache-miss
786 http fetch GET 200 https://registry.npmjs.org/body-parser 276ms (cache miss)
787 silly packumentCache full:https://registry.npmjs.org/body-parser set size:undefined disposed:false
788 silly fetch manifest dom-serialize@^2.2.1
789 silly packumentCache full:https://registry.npmjs.org/dom-serialize cache-miss
790 http fetch GET 200 https://registry.npmjs.org/http-proxy 346ms (cache miss)
791 silly packumentCache full:https://registry.npmjs.org/http-proxy set size:undefined disposed:false
792 silly fetch manifest @colors/colors@1.5.0
793 silly packumentCache full:https://registry.npmjs.org/@colors%2fcolors cache-miss
794 http fetch GET 200 https://registry.npmjs.org/@jsverse%2ftransloco-utils 1774ms (cache miss)
795 silly packumentCache full:https://registry.npmjs.org/@jsverse%2ftransloco-utils set size:undefined disposed:false
796 silly fetch manifest which@^1.2.1
797 silly packumentCache full:https://registry.npmjs.org/which cache-miss
798 http fetch GET 200 https://registry.npmjs.org/minimatch 543ms (cache miss)
799 silly packumentCache full:https://registry.npmjs.org/minimatch set size:undefined disposed:false
800 silly fetch manifest istanbul-lib-coverage@^3.2.0
801 silly packumentCache full:https://registry.npmjs.org/istanbul-lib-coverage cache-miss
802 http fetch GET 200 https://registry.npmjs.org/range-parser 318ms (cache miss)
803 silly packumentCache full:https://registry.npmjs.org/range-parser set size:undefined disposed:false
804 silly fetch manifest istanbul-lib-instrument@^5.1.0
805 silly packumentCache full:https://registry.npmjs.org/istanbul-lib-instrument cache-miss
806 http fetch GET 200 https://registry.npmjs.org/graceful-fs 413ms (cache miss)
807 silly packumentCache full:https://registry.npmjs.org/graceful-fs set size:undefined disposed:false
808 silly fetch manifest istanbul-lib-report@^3.0.0
809 silly packumentCache full:https://registry.npmjs.org/istanbul-lib-report cache-miss
810 http fetch GET 200 https://registry.npmjs.org/istanbul-lib-instrument 6ms (cache hit)
811 silly packumentCache full:https://registry.npmjs.org/istanbul-lib-instrument set size:219175 disposed:false
812 silly fetch manifest istanbul-lib-source-maps@^4.0.1
813 silly packumentCache full:https://registry.npmjs.org/istanbul-lib-source-maps cache-miss
814 http fetch GET 200 https://registry.npmjs.org/isbinaryfile 364ms (cache miss)
815 silly packumentCache full:https://registry.npmjs.org/isbinaryfile set size:undefined disposed:false
816 silly fetch manifest istanbul-reports@^3.0.5
817 silly packumentCache full:https://registry.npmjs.org/istanbul-reports cache-miss
818 http fetch GET 200 https://registry.npmjs.org/ua-parser-js 345ms (cache miss)
819 silly packumentCache full:https://registry.npmjs.org/ua-parser-js set size:undefined disposed:false
820 silly fetch manifest jasmine-core@^4.1.0
821 silly packumentCache full:https://registry.npmjs.org/jasmine-core cache-miss
822 http fetch GET 200 https://registry.npmjs.org/jasmine-core 4ms (cache hit)
823 silly packumentCache full:https://registry.npmjs.org/jasmine-core set size:221688 disposed:false
824 silly fetch manifest tslib@^2.0.0
825 silly packumentCache full:https://registry.npmjs.org/tslib cache-hit
826 silly fetch manifest nanoid@^3.3.7
827 silly packumentCache full:https://registry.npmjs.org/nanoid cache-miss
828 http fetch GET 200 https://registry.npmjs.org/dom-serialize 382ms (cache miss)
829 silly packumentCache full:https://registry.npmjs.org/dom-serialize set size:undefined disposed:false
830 silly fetch manifest picocolors@^1.1.1
831 silly packumentCache full:https://registry.npmjs.org/picocolors cache-miss
832 http fetch GET 200 https://registry.npmjs.org/picocolors 2ms (cache hit)
833 silly packumentCache full:https://registry.npmjs.org/picocolors set size:16648 disposed:false
834 silly fetch manifest source-map-js@^1.2.1
835 silly packumentCache full:https://registry.npmjs.org/source-map-js cache-miss
836 http fetch GET 200 https://registry.npmjs.org/which 321ms (cache miss)
837 silly packumentCache full:https://registry.npmjs.org/which set size:undefined disposed:false
838 silly fetch manifest @primeuix/utils@^0.6.2
839 silly packumentCache full:https://registry.npmjs.org/@primeuix%2futils cache-miss
840 http fetch GET 200 https://registry.npmjs.org/@colors%2fcolors 365ms (cache miss)
841 silly packumentCache full:https://registry.npmjs.org/@colors%2fcolors set size:undefined disposed:false
842 silly fetch manifest @primeuix/styled@^0.7.4
843 silly packumentCache full:https://registry.npmjs.org/@primeuix%2fstyled cache-miss
844 http fetch GET 200 https://registry.npmjs.org/@primeuix%2fstyled 2ms (cache hit)
845 silly packumentCache full:https://registry.npmjs.org/@primeuix%2fstyled set size:63463 disposed:false
846 silly fetch manifest @primeuix/styles@^1.2.5
847 silly packumentCache full:https://registry.npmjs.org/@primeuix%2fstyles cache-miss
848 http fetch GET 200 https://registry.npmjs.org/connect 781ms (cache miss)
849 silly packumentCache full:https://registry.npmjs.org/connect set size:undefined disposed:false
850 silly fetch manifest parchment@^3.0.0
851 silly packumentCache full:https://registry.npmjs.org/parchment cache-miss
852 http fetch GET 200 https://registry.npmjs.org/istanbul-lib-coverage 282ms (cache miss)
853 silly packumentCache full:https://registry.npmjs.org/istanbul-lib-coverage set size:undefined disposed:false
854 silly fetch manifest quill-delta@^5.1.0
855 silly packumentCache full:https://registry.npmjs.org/quill-delta cache-miss
856 http fetch GET 200 https://registry.npmjs.org/istanbul-lib-report 227ms (cache miss)
857 silly packumentCache full:https://registry.npmjs.org/istanbul-lib-report set size:undefined disposed:false
858 silly fetch manifest eventemitter3@^5.0.1
859 silly packumentCache full:https://registry.npmjs.org/eventemitter3 cache-miss
860 http fetch GET 200 https://registry.npmjs.org/istanbul-lib-source-maps 263ms (cache miss)
861 silly packumentCache full:https://registry.npmjs.org/istanbul-lib-source-maps set size:undefined disposed:false
862 silly fetch manifest tslib@^2.1.0
863 silly packumentCache full:https://registry.npmjs.org/tslib cache-hit
864 silly fetch manifest arg@^5.0.2
865 silly packumentCache full:https://registry.npmjs.org/arg cache-miss
866 http fetch GET 200 https://registry.npmjs.org/istanbul-reports 245ms (cache miss)
867 silly packumentCache full:https://registry.npmjs.org/istanbul-reports set size:undefined disposed:false
868 silly fetch manifest dlv@^1.1.3
869 silly packumentCache full:https://registry.npmjs.org/dlv cache-miss
870 http fetch GET 200 https://registry.npmjs.org/nanoid 354ms (cache miss)
871 silly packumentCache full:https://registry.npmjs.org/nanoid set size:undefined disposed:false
872 silly fetch manifest jiti@^1.21.6
873 silly packumentCache full:https://registry.npmjs.org/jiti cache-miss
874 http fetch GET 200 https://registry.npmjs.org/source-map-js 326ms (cache miss)
875 silly packumentCache full:https://registry.npmjs.org/source-map-js set size:undefined disposed:false
876 silly fetch manifest is-glob@^4.0.3
877 silly packumentCache full:https://registry.npmjs.org/is-glob cache-miss
878 http fetch GET 200 https://registry.npmjs.org/parchment 270ms (cache miss)
879 silly packumentCache full:https://registry.npmjs.org/parchment set size:undefined disposed:false
880 silly fetch manifest resolve@^1.22.8
881 silly packumentCache full:https://registry.npmjs.org/resolve cache-miss
882 http fetch GET 200 https://registry.npmjs.org/resolve 1ms (cache hit)
883 silly packumentCache full:https://registry.npmjs.org/resolve set size:246681 disposed:false
884 silly fetch manifest sucrase@^3.35.0
885 silly packumentCache full:https://registry.npmjs.org/sucrase cache-miss
886 http fetch GET 200 https://registry.npmjs.org/eventemitter3 231ms (cache miss)
887 silly packumentCache full:https://registry.npmjs.org/eventemitter3 set size:undefined disposed:false
888 silly fetch manifest chokidar@^3.6.0
889 silly packumentCache full:https://registry.npmjs.org/chokidar cache-hit
890 silly fetch manifest fast-glob@^3.3.2
891 silly packumentCache full:https://registry.npmjs.org/fast-glob cache-miss
892 http fetch GET 200 https://registry.npmjs.org/dlv 191ms (cache miss)
893 silly packumentCache full:https://registry.npmjs.org/dlv set size:undefined disposed:false
894 silly fetch manifest lilconfig@^3.1.3
895 silly packumentCache full:https://registry.npmjs.org/lilconfig cache-miss
896 http fetch GET 200 https://registry.npmjs.org/arg 193ms (cache miss)
897 silly packumentCache full:https://registry.npmjs.org/arg set size:undefined disposed:false
898 silly fetch manifest didyoumean@^1.2.2
899 silly packumentCache full:https://registry.npmjs.org/didyoumean cache-miss
900 http fetch GET 200 https://registry.npmjs.org/quill-delta 237ms (cache miss)
901 silly packumentCache full:https://registry.npmjs.org/quill-delta set size:undefined disposed:false
902 silly fetch manifest micromatch@^4.0.8
903 silly packumentCache full:https://registry.npmjs.org/micromatch cache-miss
904 http fetch GET 200 https://registry.npmjs.org/fast-glob 4ms (cache hit)
905 silly packumentCache full:https://registry.npmjs.org/fast-glob set size:220556 disposed:false
906 silly fetch manifest postcss-js@^4.0.1
907 silly packumentCache full:https://registry.npmjs.org/postcss-js cache-miss
908 http fetch GET 200 https://registry.npmjs.org/@primeuix%2fstyles 342ms (cache miss)
909 silly packumentCache full:https://registry.npmjs.org/@primeuix%2fstyles set size:undefined disposed:false
910 silly fetch manifest glob-parent@^6.0.2
911 silly packumentCache full:https://registry.npmjs.org/glob-parent cache-miss
912 http fetch GET 200 https://registry.npmjs.org/jiti 238ms (cache miss)
913 silly packumentCache full:https://registry.npmjs.org/jiti set size:undefined disposed:false
914 silly fetch manifest object-hash@^3.0.0
915 silly packumentCache full:https://registry.npmjs.org/object-hash cache-miss
916 http fetch GET 200 https://registry.npmjs.org/micromatch 221ms (cache miss)
917 silly packumentCache full:https://registry.npmjs.org/micromatch set size:undefined disposed:false
918 silly fetch manifest normalize-path@^3.0.0
919 silly packumentCache full:https://registry.npmjs.org/normalize-path cache-miss
920 http fetch GET 200 https://registry.npmjs.org/is-glob 243ms (cache miss)
921 silly packumentCache full:https://registry.npmjs.org/is-glob set size:undefined disposed:false
922 silly fetch manifest postcss-import@^15.1.0
923 silly packumentCache full:https://registry.npmjs.org/postcss-import cache-miss
924 http fetch GET 200 https://registry.npmjs.org/didyoumean 228ms (cache miss)
925 silly packumentCache full:https://registry.npmjs.org/didyoumean set size:undefined disposed:false
926 silly fetch manifest postcss-nested@^6.2.0
927 silly packumentCache full:https://registry.npmjs.org/postcss-nested cache-miss
928 http fetch GET 200 https://registry.npmjs.org/postcss-js 227ms (cache miss)
929 silly packumentCache full:https://registry.npmjs.org/postcss-js set size:undefined disposed:false
930 silly fetch manifest @alloc/quick-lru@^5.2.0
931 silly packumentCache full:https://registry.npmjs.org/@alloc%2fquick-lru cache-miss
932 http fetch GET 200 https://registry.npmjs.org/lilconfig 233ms (cache miss)
933 silly packumentCache full:https://registry.npmjs.org/lilconfig set size:undefined disposed:false
934 silly fetch manifest postcss-load-config@^4.0.2
935 silly packumentCache full:https://registry.npmjs.org/postcss-load-config cache-miss
936 http fetch GET 200 https://registry.npmjs.org/glob-parent 202ms (cache miss)
937 silly packumentCache full:https://registry.npmjs.org/glob-parent set size:undefined disposed:false
938 silly fetch manifest postcss-selector-parser@^6.1.2
939 silly packumentCache full:https://registry.npmjs.org/postcss-selector-parser cache-miss
940 http fetch GET 200 https://registry.npmjs.org/postcss-selector-parser 2ms (cache hit)
941 silly packumentCache full:https://registry.npmjs.org/postcss-selector-parser set size:177140 disposed:false
942 http fetch GET 200 https://registry.npmjs.org/normalize-path 146ms (cache miss)
943 silly packumentCache full:https://registry.npmjs.org/normalize-path set size:undefined disposed:false
944 http fetch GET 200 https://registry.npmjs.org/object-hash 150ms (cache miss)
945 silly packumentCache full:https://registry.npmjs.org/object-hash set size:undefined disposed:false
946 http fetch GET 200 https://registry.npmjs.org/postcss-load-config 148ms (cache miss)
947 silly packumentCache full:https://registry.npmjs.org/postcss-load-config set size:undefined disposed:false
948 http fetch GET 200 https://registry.npmjs.org/postcss-import 161ms (cache miss)
949 silly packumentCache full:https://registry.npmjs.org/postcss-import set size:undefined disposed:false
950 http fetch GET 200 https://registry.npmjs.org/@alloc%2fquick-lru 163ms (cache miss)
951 silly packumentCache full:https://registry.npmjs.org/@alloc%2fquick-lru set size:undefined disposed:false
952 http fetch GET 200 https://registry.npmjs.org/sucrase 474ms (cache miss)
953 silly packumentCache full:https://registry.npmjs.org/sucrase set size:undefined disposed:false
954 http fetch GET 200 https://registry.npmjs.org/@primeuix%2futils 945ms (cache miss)
955 silly packumentCache full:https://registry.npmjs.org/@primeuix%2futils set size:undefined disposed:false
956 http fetch GET 200 https://registry.npmjs.org/postcss-nested 499ms (cache miss)
957 silly packumentCache full:https://registry.npmjs.org/postcss-nested set size:undefined disposed:false
958 silly placeDep ROOT @ampproject/remapping@2.3.0 OK for: @angular-devkit/build-angular@20.3.3 want: 2.3.0
959 silly placeDep ROOT @angular-devkit/architect@0.2003.3 OK for: @angular-devkit/build-angular@20.3.3 want: 0.2003.3
960 silly placeDep ROOT @angular-devkit/build-webpack@0.2003.3 OK for: @angular-devkit/build-angular@20.3.3 want: 0.2003.3
961 silly placeDep ROOT @angular-devkit/core@20.3.3 OK for: @angular-devkit/build-angular@20.3.3 want: 20.3.3
962 silly placeDep ROOT @angular/build@20.3.3 OK for: @angular-devkit/build-angular@20.3.3 want: 20.3.3
963 silly placeDep ROOT @babel/core@7.28.3 OK for: @angular-devkit/build-angular@20.3.3 want: 7.28.3
964 silly placeDep ROOT @babel/generator@7.28.3 OK for: @angular-devkit/build-angular@20.3.3 want: 7.28.3
965 silly placeDep ROOT @babel/helper-annotate-as-pure@7.27.3 OK for: @angular-devkit/build-angular@20.3.3 want: 7.27.3
966 silly placeDep ROOT @babel/helper-split-export-declaration@7.24.7 OK for: @angular-devkit/build-angular@20.3.3 want: 7.24.7
967 silly placeDep ROOT @babel/plugin-transform-async-generator-functions@7.28.0 OK for: @angular-devkit/build-angular@20.3.3 want: 7.28.0
968 silly placeDep ROOT @babel/plugin-transform-async-to-generator@7.27.1 OK for: @angular-devkit/build-angular@20.3.3 want: 7.27.1
969 silly placeDep ROOT @babel/plugin-transform-runtime@7.28.3 OK for: @angular-devkit/build-angular@20.3.3 want: 7.28.3
970 silly placeDep ROOT @babel/preset-env@7.28.3 OK for: @angular-devkit/build-angular@20.3.3 want: 7.28.3
971 silly placeDep ROOT @babel/runtime@7.28.3 OK for: @angular-devkit/build-angular@20.3.3 want: 7.28.3
972 silly placeDep ROOT @discoveryjs/json-ext@0.6.3 OK for: @angular-devkit/build-angular@20.3.3 want: 0.6.3
973 silly placeDep ROOT @ngtools/webpack@20.3.3 OK for: @angular-devkit/build-angular@20.3.3 want: 20.3.3
974 silly placeDep ROOT ansi-colors@4.1.3 OK for: @angular-devkit/build-angular@20.3.3 want: 4.1.3
975 silly placeDep node_modules/@angular-devkit/build-angular autoprefixer@10.4.21 OK for: @angular-devkit/build-angular@20.3.3 want: 10.4.21
976 silly placeDep ROOT babel-loader@10.0.0 OK for: @angular-devkit/build-angular@20.3.3 want: 10.0.0
977 silly placeDep ROOT browserslist@4.28.1 OK for: @angular-devkit/build-angular@20.3.3 want: ^4.21.5
978 silly placeDep ROOT copy-webpack-plugin@13.0.1 OK for: @angular-devkit/build-angular@20.3.3 want: 13.0.1
979 silly placeDep ROOT css-loader@7.1.2 OK for: @angular-devkit/build-angular@20.3.3 want: 7.1.2
980 silly placeDep ROOT esbuild@0.25.9 OK for: @angular-devkit/build-angular@20.3.3 want: 0.25.9
981 silly placeDep ROOT esbuild-wasm@0.25.9 OK for: @angular-devkit/build-angular@20.3.3 want: 0.25.9
982 silly placeDep ROOT fast-glob@3.3.3 OK for: @angular-devkit/build-angular@20.3.3 want: 3.3.3
983 silly placeDep ROOT http-proxy-middleware@3.0.5 OK for: @angular-devkit/build-angular@20.3.3 want: 3.0.5
984 silly placeDep ROOT istanbul-lib-instrument@6.0.3 OK for: @angular-devkit/build-angular@20.3.3 want: 6.0.3
985 silly placeDep ROOT jsonc-parser@3.3.1 OK for: @angular-devkit/build-angular@20.3.3 want: 3.3.1
986 silly placeDep ROOT karma-source-map-support@1.4.0 OK for: @angular-devkit/build-angular@20.3.3 want: 1.4.0
987 silly placeDep ROOT less@4.4.0 OK for: @angular-devkit/build-angular@20.3.3 want: 4.4.0
988 silly placeDep ROOT less-loader@12.3.0 OK for: @angular-devkit/build-angular@20.3.3 want: 12.3.0
989 silly placeDep ROOT license-webpack-plugin@4.0.2 OK for: @angular-devkit/build-angular@20.3.3 want: 4.0.2
990 silly placeDep ROOT loader-utils@3.3.1 OK for: @angular-devkit/build-angular@20.3.3 want: 3.3.1
991 silly placeDep ROOT mini-css-extract-plugin@2.9.4 OK for: @angular-devkit/build-angular@20.3.3 want: 2.9.4
992 silly placeDep ROOT open@10.2.0 OK for: @angular-devkit/build-angular@20.3.3 want: 10.2.0
993 silly placeDep ROOT ora@8.2.0 OK for: @angular-devkit/build-angular@20.3.3 want: 8.2.0
994 silly placeDep ROOT picomatch@4.0.3 OK for: @angular-devkit/build-angular@20.3.3 want: 4.0.3
995 silly placeDep ROOT piscina@5.1.3 OK for: @angular-devkit/build-angular@20.3.3 want: 5.1.3
996 silly placeDep node_modules/@angular-devkit/build-angular postcss@8.5.6 OK for: @angular-devkit/build-angular@20.3.3 want: 8.5.6
997 silly placeDep ROOT postcss-loader@8.1.1 OK for: @angular-devkit/build-angular@20.3.3 want: 8.1.1
998 silly placeDep ROOT resolve-url-loader@5.0.0 OK for: @angular-devkit/build-angular@20.3.3 want: 5.0.0
999 silly placeDep node_modules/@angular-devkit/build-angular rxjs@7.8.2 OK for: @angular-devkit/build-angular@20.3.3 want: 7.8.2
1000 silly placeDep ROOT sass@1.90.0 OK for: @angular-devkit/build-angular@20.3.3 want: 1.90.0
1001 silly placeDep ROOT sass-loader@16.0.5 OK for: @angular-devkit/build-angular@20.3.3 want: 16.0.5
1002 silly placeDep ROOT semver@7.7.2 OK for: @angular-devkit/build-angular@20.3.3 want: 7.7.2
1003 silly placeDep ROOT source-map-loader@5.0.0 OK for: @angular-devkit/build-angular@20.3.3 want: 5.0.0
1004 silly placeDep ROOT source-map-support@0.5.21 OK for: @angular-devkit/build-angular@20.3.3 want: 0.5.21
1005 silly placeDep ROOT terser@5.43.1 OK for: @angular-devkit/build-angular@20.3.3 want: 5.43.1
1006 silly placeDep ROOT tree-kill@1.2.2 OK for: @angular-devkit/build-angular@20.3.3 want: 1.2.2
1007 silly placeDep ROOT webpack@5.101.2 OK for: @angular-devkit/build-angular@20.3.3 want: 5.101.2
1008 silly placeDep ROOT webpack-dev-middleware@7.4.2 OK for: @angular-devkit/build-angular@20.3.3 want: 7.4.2
1009 silly placeDep ROOT webpack-dev-server@5.2.2 OK for: @angular-devkit/build-angular@20.3.3 want: 5.2.2
1010 silly placeDep ROOT webpack-merge@6.0.1 OK for: @angular-devkit/build-angular@20.3.3 want: 6.0.1
1011 silly placeDep ROOT webpack-subresource-integrity@5.1.0 OK for: @angular-devkit/build-angular@20.3.3 want: 5.1.0
1012 silly fetch manifest @jridgewell/gen-mapping@^0.3.5
1013 silly packumentCache full:https://registry.npmjs.org/@jridgewell%2fgen-mapping cache-miss
1014 silly fetch manifest @jridgewell/trace-mapping@^0.3.24
1015 silly packumentCache full:https://registry.npmjs.org/@jridgewell%2ftrace-mapping cache-miss
1016 silly fetch manifest ajv@8.17.1
1017 silly packumentCache full:https://registry.npmjs.org/ajv cache-miss
1018 silly fetch manifest source-map@0.7.6
1019 silly packumentCache full:https://registry.npmjs.org/source-map cache-miss
1020 silly fetch manifest ajv-formats@3.0.1
1021 silly packumentCache full:https://registry.npmjs.org/ajv-formats cache-miss
1022 silly fetch manifest vite@7.1.5
1023 silly packumentCache full:https://registry.npmjs.org/vite cache-miss
1024 silly fetch manifest mrmime@2.0.1
1025 silly packumentCache full:https://registry.npmjs.org/mrmime cache-miss
1026 silly fetch manifest beasties@0.3.5
1027 silly packumentCache full:https://registry.npmjs.org/beasties cache-miss
1028 silly fetch manifest rolldown@1.0.0-beta.38
1029 silly packumentCache full:https://registry.npmjs.org/rolldown cache-miss
1030 http fetch GET 200 https://registry.npmjs.org/source-map 7ms (cache hit)
1031 silly packumentCache full:https://registry.npmjs.org/source-map set size:226141 disposed:false
1032 silly fetch manifest watchpack@2.4.4
1033 silly packumentCache full:https://registry.npmjs.org/watchpack cache-miss
1034 http fetch GET 200 https://registry.npmjs.org/ajv-formats 283ms (cache miss)
1035 silly packumentCache full:https://registry.npmjs.org/ajv-formats set size:undefined disposed:false
1036 silly fetch manifest tinyglobby@0.2.14
1037 silly packumentCache full:https://registry.npmjs.org/tinyglobby cache-miss
1038 http fetch GET 200 https://registry.npmjs.org/watchpack 500ms (cache miss)
1039 silly packumentCache full:https://registry.npmjs.org/watchpack set size:undefined disposed:false
1040 silly fetch manifest browserslist@^4.23.0
1041 silly packumentCache full:https://registry.npmjs.org/browserslist cache-hit
1042 silly fetch manifest magic-string@0.30.17
1043 silly packumentCache full:https://registry.npmjs.org/magic-string cache-miss
1044 http fetch GET 200 https://registry.npmjs.org/ajv 524ms (cache miss)
1045 silly packumentCache full:https://registry.npmjs.org/ajv set size:undefined disposed:false
1046 silly fetch manifest @inquirer/confirm@5.1.14
1047 silly packumentCache full:https://registry.npmjs.org/@inquirer%2fconfirm cache-miss
1048 http fetch GET 200 https://registry.npmjs.org/mrmime 789ms (cache miss)
1049 silly packumentCache full:https://registry.npmjs.org/mrmime set size:undefined disposed:false
1050 silly fetch manifest https-proxy-agent@7.0.6
1051 silly packumentCache full:https://registry.npmjs.org/https-proxy-agent cache-miss
1052 http fetch GET 200 https://registry.npmjs.org/beasties 790ms (cache miss)
1053 silly packumentCache full:https://registry.npmjs.org/beasties set size:undefined disposed:false
1054 silly fetch manifest @vitejs/plugin-basic-ssl@2.1.0
1055 silly packumentCache full:https://registry.npmjs.org/@vitejs%2fplugin-basic-ssl cache-miss
1056 http fetch GET 200 https://registry.npmjs.org/@jridgewell%2fgen-mapping 848ms (cache miss)
1057 silly packumentCache full:https://registry.npmjs.org/@jridgewell%2fgen-mapping set size:undefined disposed:false
1058 silly fetch manifest parse5-html-rewriting-stream@8.0.0
1059 silly packumentCache full:https://registry.npmjs.org/parse5-html-rewriting-stream cache-miss
1060 http fetch GET 200 https://registry.npmjs.org/tinyglobby 716ms (cache miss)
1061 silly packumentCache full:https://registry.npmjs.org/tinyglobby set size:undefined disposed:false
1062 silly fetch manifest lmdb@3.4.2
1063 silly packumentCache full:https://registry.npmjs.org/lmdb cache-miss
1064 http fetch GET 200 https://registry.npmjs.org/@jridgewell%2ftrace-mapping 1036ms (cache miss)
1065 silly packumentCache full:https://registry.npmjs.org/@jridgewell%2ftrace-mapping set size:undefined disposed:false
1066 silly fetch manifest debug@^4.1.0
1067 silly packumentCache full:https://registry.npmjs.org/debug cache-miss
1068 http fetch GET 200 https://registry.npmjs.org/magic-string 809ms (cache miss)
1069 silly packumentCache full:https://registry.npmjs.org/magic-string set size:undefined disposed:false
1070 silly fetch manifest json5@^2.2.3
1071 silly packumentCache full:https://registry.npmjs.org/json5 cache-miss
1072 http fetch GET 200 https://registry.npmjs.org/@inquirer%2fconfirm 842ms (cache miss)
1073 silly packumentCache full:https://registry.npmjs.org/@inquirer%2fconfirm set size:undefined disposed:false
1074 silly fetch manifest semver@^6.3.1
1075 silly packumentCache full:https://registry.npmjs.org/semver cache-hit
1076 silly fetch manifest gensync@^1.0.0-beta.2
1077 silly packumentCache full:https://registry.npmjs.org/gensync cache-miss
1078 http fetch GET 200 https://registry.npmjs.org/https-proxy-agent 873ms (cache miss)
1079 silly packumentCache full:https://registry.npmjs.org/https-proxy-agent set size:undefined disposed:false
1080 silly fetch manifest @babel/types@^7.28.2
1081 silly packumentCache full:https://registry.npmjs.org/@babel%2ftypes cache-miss
1082 http fetch GET 200 https://registry.npmjs.org/debug 888ms (cache miss)
1083 silly packumentCache full:https://registry.npmjs.org/debug set size:undefined disposed:false
1084 silly fetch manifest @babel/parser@^7.28.3
1085 silly packumentCache full:https://registry.npmjs.org/@babel%2fparser cache-miss
1086 http fetch GET 200 https://registry.npmjs.org/@vitejs%2fplugin-basic-ssl 1143ms (cache miss)
1087 silly packumentCache full:https://registry.npmjs.org/@vitejs%2fplugin-basic-ssl set size:undefined disposed:false
1088 silly fetch manifest @babel/helpers@^7.28.3
1089 silly packumentCache full:https://registry.npmjs.org/@babel%2fhelpers cache-miss
1090 http fetch GET 200 https://registry.npmjs.org/json5 662ms (cache miss)
1091 silly packumentCache full:https://registry.npmjs.org/json5 set size:undefined disposed:false
1092 silly fetch manifest @babel/template@^7.27.2
1093 silly packumentCache full:https://registry.npmjs.org/@babel%2ftemplate cache-miss
1094 http fetch GET 200 https://registry.npmjs.org/gensync 615ms (cache miss)
1095 silly packumentCache full:https://registry.npmjs.org/gensync set size:undefined disposed:false
1096 silly fetch manifest @babel/traverse@^7.28.3
1097 silly packumentCache full:https://registry.npmjs.org/@babel%2ftraverse cache-miss
1098 http fetch GET 200 https://registry.npmjs.org/parse5-html-rewriting-stream 1275ms (cache miss)
1099 silly packumentCache full:https://registry.npmjs.org/parse5-html-rewriting-stream set size:undefined disposed:false
1100 silly fetch manifest @babel/generator@^7.28.3
1101 silly packumentCache full:https://registry.npmjs.org/@babel%2fgenerator cache-miss
1102 http fetch GET 200 https://registry.npmjs.org/@babel%2ftypes 460ms (cache miss)
1103 silly packumentCache full:https://registry.npmjs.org/@babel%2ftypes set size:undefined disposed:false
1104 silly fetch manifest @babel/code-frame@^7.27.1
1105 silly packumentCache full:https://registry.npmjs.org/@babel%2fcode-frame cache-miss
1106 http fetch GET 200 https://registry.npmjs.org/@babel%2fgenerator 8ms (cache hit)
1107 silly packumentCache full:https://registry.npmjs.org/@babel%2fgenerator set size:496498 disposed:false
1108 silly fetch manifest convert-source-map@^2.0.0
1109 silly packumentCache full:https://registry.npmjs.org/convert-source-map cache-miss
1110 http fetch GET 200 https://registry.npmjs.org/convert-source-map 4ms (cache hit)
1111 silly packumentCache full:https://registry.npmjs.org/convert-source-map set size:66997 disposed:false
1112 silly fetch manifest @babel/helper-module-transforms@^7.28.3
1113 silly packumentCache full:https://registry.npmjs.org/@babel%2fhelper-module-transforms cache-miss
1114 http fetch GET 200 https://registry.npmjs.org/rolldown 2140ms (cache miss)
1115 silly packumentCache full:https://registry.npmjs.org/rolldown set size:undefined disposed:false
1116 silly fetch manifest @babel/helper-compilation-targets@^7.27.2
1117 silly packumentCache full:https://registry.npmjs.org/@babel%2fhelper-compilation-targets cache-miss
1118 http fetch GET 200 https://registry.npmjs.org/@babel%2fhelpers 333ms (cache miss)
1119 silly packumentCache full:https://registry.npmjs.org/@babel%2fhelpers set size:undefined disposed:false
1120 silly fetch manifest jsesc@^3.0.2
1121 silly packumentCache full:https://registry.npmjs.org/jsesc cache-miss
1122 http fetch GET 200 https://registry.npmjs.org/@babel%2ftraverse 463ms (cache miss)
1123 silly packumentCache full:https://registry.npmjs.org/@babel%2ftraverse set size:undefined disposed:false
1124 silly fetch manifest @babel/parser@^7.28.3
1125 silly packumentCache full:https://registry.npmjs.org/@babel%2fparser cache-miss
1126 http fetch GET 200 https://registry.npmjs.org/@babel%2ftemplate 491ms (cache miss)
1127 silly packumentCache full:https://registry.npmjs.org/@babel%2ftemplate set size:undefined disposed:false
1128 silly fetch manifest @jridgewell/gen-mapping@^0.3.12
1129 silly packumentCache full:https://registry.npmjs.org/@jridgewell%2fgen-mapping cache-miss
1130 http fetch GET 200 https://registry.npmjs.org/@jridgewell%2fgen-mapping 2ms (cache hit)
1131 silly packumentCache full:https://registry.npmjs.org/@jridgewell%2fgen-mapping set size:80719 disposed:false
1132 silly fetch manifest @jridgewell/trace-mapping@^0.3.28
1133 silly packumentCache full:https://registry.npmjs.org/@jridgewell%2ftrace-mapping cache-miss
1134 http fetch GET 200 https://registry.npmjs.org/@jridgewell%2ftrace-mapping 2ms (cache hit)
1135 silly packumentCache full:https://registry.npmjs.org/@jridgewell%2ftrace-mapping set size:170909 disposed:false
1136 silly fetch manifest @babel/types@^7.27.3
1137 silly packumentCache full:https://registry.npmjs.org/@babel%2ftypes cache-miss
1138 http fetch GET 200 https://registry.npmjs.org/@babel%2ftypes 2ms (cache hit)
1139 silly packumentCache full:https://registry.npmjs.org/@babel%2ftypes set size:479758 disposed:false
1140 silly fetch manifest @babel/types@^7.24.7
1141 silly packumentCache full:https://registry.npmjs.org/@babel%2ftypes cache-hit
1142 silly fetch manifest @babel/traverse@^7.28.0
1143 silly packumentCache full:https://registry.npmjs.org/@babel%2ftraverse cache-miss
1144 http fetch GET 200 https://registry.npmjs.org/@babel%2ftraverse 2ms (cache hit)
1145 silly packumentCache full:https://registry.npmjs.org/@babel%2ftraverse set size:540005 disposed:false
1146 silly fetch manifest @babel/helper-plugin-utils@^7.27.1
1147 silly packumentCache full:https://registry.npmjs.org/@babel%2fhelper-plugin-utils cache-miss
1148 http fetch GET 200 https://registry.npmjs.org/@babel%2fcode-frame 386ms (cache miss)
1149 silly packumentCache full:https://registry.npmjs.org/@babel%2fcode-frame set size:undefined disposed:false
1150 silly fetch manifest @babel/helper-remap-async-to-generator@^7.27.1
1151 silly packumentCache full:https://registry.npmjs.org/@babel%2fhelper-remap-async-to-generator cache-miss
1152 http fetch GET 200 https://registry.npmjs.org/@babel%2fhelper-module-transforms 394ms (cache miss)
1153 silly packumentCache full:https://registry.npmjs.org/@babel%2fhelper-module-transforms set size:undefined disposed:false
1154 silly fetch manifest @babel/helper-plugin-utils@^7.27.1
1155 silly packumentCache full:https://registry.npmjs.org/@babel%2fhelper-plugin-utils cache-miss
1156 http fetch GET 200 https://registry.npmjs.org/@babel%2fhelper-compilation-targets 400ms (cache miss)
1157 silly packumentCache full:https://registry.npmjs.org/@babel%2fhelper-compilation-targets set size:undefined disposed:false
1158 silly fetch manifest @babel/helper-module-imports@^7.27.1
1159 silly packumentCache full:https://registry.npmjs.org/@babel%2fhelper-module-imports cache-miss
1160 http fetch GET 200 https://registry.npmjs.org/@babel%2fparser 722ms (cache miss)
1161 silly packumentCache full:https://registry.npmjs.org/@babel%2fparser set size:undefined disposed:false
1162 silly fetch manifest @babel/helper-remap-async-to-generator@^7.27.1
1163 silly packumentCache full:https://registry.npmjs.org/@babel%2fhelper-remap-async-to-generator cache-miss
1164 http fetch GET 200 https://registry.npmjs.org/lmdb 1656ms (cache miss)
1165 silly packumentCache full:https://registry.npmjs.org/lmdb set size:undefined disposed:false
1166 silly fetch manifest @babel/helper-plugin-utils@^7.27.1
1167 silly packumentCache full:https://registry.npmjs.org/@babel%2fhelper-plugin-utils cache-miss
1168 http fetch GET 200 https://registry.npmjs.org/jsesc 393ms (cache miss)
1169 silly packumentCache full:https://registry.npmjs.org/jsesc set size:undefined disposed:false
1170 silly fetch manifest @babel/helper-module-imports@^7.27.1
1171 silly packumentCache full:https://registry.npmjs.org/@babel%2fhelper-module-imports cache-miss
1172 http fetch GET 200 https://registry.npmjs.org/@babel%2fparser 248ms (cache miss)
1173 silly packumentCache full:https://registry.npmjs.org/@babel%2fparser set size:undefined disposed:false
1174 silly fetch manifest babel-plugin-polyfill-corejs2@^0.4.14
1175 silly packumentCache full:https://registry.npmjs.org/babel-plugin-polyfill-corejs2 cache-miss
1176 http fetch GET 200 https://registry.npmjs.org/@babel%2fhelper-remap-async-to-generator 237ms (cache miss)
1177 silly packumentCache full:https://registry.npmjs.org/@babel%2fhelper-remap-async-to-generator set size:undefined disposed:false
1178 silly fetch manifest babel-plugin-polyfill-corejs3@^0.13.0
1179 silly packumentCache full:https://registry.npmjs.org/babel-plugin-polyfill-corejs3 cache-miss
1180 http fetch GET 200 https://registry.npmjs.org/@babel%2fhelper-plugin-utils 278ms (cache miss)
1181 silly packumentCache full:https://registry.npmjs.org/@babel%2fhelper-plugin-utils set size:undefined disposed:false
1182 silly fetch manifest babel-plugin-polyfill-regenerator@^0.6.5
1183 silly packumentCache full:https://registry.npmjs.org/babel-plugin-polyfill-regenerator cache-miss
1184 http fetch GET 200 https://registry.npmjs.org/@babel%2fhelper-module-imports 237ms (cache miss)
1185 silly packumentCache full:https://registry.npmjs.org/@babel%2fhelper-module-imports set size:undefined disposed:false
1186 silly fetch manifest core-js-compat@^3.43.0
1187 silly packumentCache full:https://registry.npmjs.org/core-js-compat cache-miss
1188 http fetch GET 200 https://registry.npmjs.org/@babel%2fhelper-plugin-utils 261ms (cache miss)
1189 silly packumentCache full:https://registry.npmjs.org/@babel%2fhelper-plugin-utils set size:undefined disposed:false
1190 silly fetch manifest @babel/compat-data@^7.28.0
1191 silly packumentCache full:https://registry.npmjs.org/@babel%2fcompat-data cache-miss
1192 http fetch GET 200 https://registry.npmjs.org/@babel%2fhelper-remap-async-to-generator 272ms (cache miss)
1193 silly packumentCache full:https://registry.npmjs.org/@babel%2fhelper-remap-async-to-generator set size:undefined disposed:false
1194 silly fetch manifest @babel/preset-modules@0.1.6-no-external-plugins
1195 silly packumentCache full:https://registry.npmjs.org/@babel%2fpreset-modules cache-miss
1196 http fetch GET 200 https://registry.npmjs.org/@babel%2fhelper-plugin-utils 270ms (cache miss)
1197 silly packumentCache full:https://registry.npmjs.org/@babel%2fhelper-plugin-utils set size:undefined disposed:false
1198 silly fetch manifest babel-plugin-polyfill-corejs2@^0.4.14
1199 silly packumentCache full:https://registry.npmjs.org/babel-plugin-polyfill-corejs2 cache-miss
1200 http fetch GET 200 https://registry.npmjs.org/babel-plugin-polyfill-corejs2 247ms (cache miss)
1201 silly packumentCache full:https://registry.npmjs.org/babel-plugin-polyfill-corejs2 set size:undefined disposed:false
1202 silly fetch manifest babel-plugin-polyfill-corejs3@^0.13.0
1203 silly packumentCache full:https://registry.npmjs.org/babel-plugin-polyfill-corejs3 cache-miss
1204 http fetch GET 200 https://registry.npmjs.org/babel-plugin-polyfill-corejs3 217ms (cache miss)
1205 silly packumentCache full:https://registry.npmjs.org/babel-plugin-polyfill-corejs3 set size:undefined disposed:false
1206 silly fetch manifest @babel/helper-validator-option@^7.27.1
1207 silly packumentCache full:https://registry.npmjs.org/@babel%2fhelper-validator-option cache-miss
1208 http fetch GET 200 https://registry.npmjs.org/babel-plugin-polyfill-regenerator 205ms (cache miss)
1209 silly packumentCache full:https://registry.npmjs.org/babel-plugin-polyfill-regenerator set size:undefined disposed:false
1210 silly fetch manifest @babel/plugin-transform-for-of@^7.27.1
1211 silly packumentCache full:https://registry.npmjs.org/@babel%2fplugin-transform-for-of cache-miss
1212 http fetch GET 200 https://registry.npmjs.org/@babel%2fcompat-data 247ms (cache miss)
1213 silly packumentCache full:https://registry.npmjs.org/@babel%2fcompat-data set size:undefined disposed:false
1214 silly fetch manifest @babel/plugin-transform-spread@^7.27.1
1215 silly packumentCache full:https://registry.npmjs.org/@babel%2fplugin-transform-spread cache-miss
1216 http fetch GET 200 https://registry.npmjs.org/core-js-compat 284ms (cache miss)
1217 silly packumentCache full:https://registry.npmjs.org/core-js-compat set size:undefined disposed:false
1218 silly fetch manifest @babel/plugin-transform-classes@^7.28.3
1219 silly packumentCache full:https://registry.npmjs.org/@babel%2fplugin-transform-classes cache-miss
1220 http fetch GET 200 https://registry.npmjs.org/babel-plugin-polyfill-corejs2 217ms (cache miss)
1221 silly packumentCache full:https://registry.npmjs.org/babel-plugin-polyfill-corejs2 set size:undefined disposed:false
1222 silly fetch manifest @babel/plugin-transform-literals@^7.27.1
1223 silly packumentCache full:https://registry.npmjs.org/@babel%2fplugin-transform-literals cache-miss
1224 http fetch GET 200 https://registry.npmjs.org/@babel%2fpreset-modules 226ms (cache miss)
1225 silly packumentCache full:https://registry.npmjs.org/@babel%2fpreset-modules set size:undefined disposed:false
1226 silly fetch manifest @babel/plugin-transform-new-target@^7.27.1
1227 silly packumentCache full:https://registry.npmjs.org/@babel%2fplugin-transform-new-target cache-miss
1228 http fetch GET 200 https://registry.npmjs.org/babel-plugin-polyfill-corejs3 220ms (cache miss)
1229 silly packumentCache full:https://registry.npmjs.org/babel-plugin-polyfill-corejs3 set size:undefined disposed:false
1230 silly fetch manifest @babel/plugin-transform-parameters@^7.27.7
1231 silly packumentCache full:https://registry.npmjs.org/@babel%2fplugin-transform-parameters cache-miss
1232 http fetch GET 200 https://registry.npmjs.org/@babel%2fhelper-validator-option 209ms (cache miss)
1233 silly packumentCache full:https://registry.npmjs.org/@babel%2fhelper-validator-option set size:undefined disposed:false
1234 silly fetch manifest @babel/plugin-transform-modules-amd@^7.27.1
1235 silly packumentCache full:https://registry.npmjs.org/@babel%2fplugin-transform-modules-amd cache-miss
1236 http fetch GET 200 https://registry.npmjs.org/@babel%2fplugin-transform-for-of 274ms (cache miss)
1237 silly packumentCache full:https://registry.npmjs.org/@babel%2fplugin-transform-for-of set size:undefined disposed:false
1238 silly fetch manifest @babel/plugin-transform-modules-umd@^7.27.1
1239 silly packumentCache full:https://registry.npmjs.org/@babel%2fplugin-transform-modules-umd cache-miss
1240 http fetch GET 200 https://registry.npmjs.org/@babel%2fplugin-transform-spread 248ms (cache miss)
1241 silly packumentCache full:https://registry.npmjs.org/@babel%2fplugin-transform-spread set size:undefined disposed:false
1242 silly fetch manifest @babel/plugin-transform-regenerator@^7.28.3
1243 silly packumentCache full:https://registry.npmjs.org/@babel%2fplugin-transform-regenerator cache-miss
1244 http fetch GET 200 https://registry.npmjs.org/@babel%2fplugin-transform-classes 353ms (cache miss)
1245 silly packumentCache full:https://registry.npmjs.org/@babel%2fplugin-transform-classes set size:undefined disposed:false
1246 silly fetch manifest @babel/plugin-transform-dotall-regex@^7.27.1
1247 silly packumentCache full:https://registry.npmjs.org/@babel%2fplugin-transform-dotall-regex cache-miss
1248 http fetch GET 200 https://registry.npmjs.org/@babel%2fplugin-transform-new-target 288ms (cache miss)
1249 silly packumentCache full:https://registry.npmjs.org/@babel%2fplugin-transform-new-target set size:undefined disposed:false
1250 silly fetch manifest @babel/plugin-transform-json-strings@^7.27.1
1251 silly packumentCache full:https://registry.npmjs.org/@babel%2fplugin-transform-json-strings cache-miss
1252 http fetch GET 200 https://registry.npmjs.org/@babel%2fplugin-transform-literals 296ms (cache miss)
1253 silly packumentCache full:https://registry.npmjs.org/@babel%2fplugin-transform-literals set size:undefined disposed:false
1254 silly fetch manifest @babel/plugin-transform-object-super@^7.27.1
1255 silly packumentCache full:https://registry.npmjs.org/@babel%2fplugin-transform-object-super cache-miss
1256 http fetch GET 200 https://registry.npmjs.org/@babel%2fplugin-transform-parameters 286ms (cache miss)
1257 silly packumentCache full:https://registry.npmjs.org/@babel%2fplugin-transform-parameters set size:undefined disposed:false
1258 silly fetch manifest @babel/plugin-transform-sticky-regex@^7.27.1
1259 silly packumentCache full:https://registry.npmjs.org/@babel%2fplugin-transform-sticky-regex cache-miss
1260 http fetch GET 200 https://registry.npmjs.org/@babel%2fplugin-transform-modules-amd 283ms (cache miss)
1261 silly packumentCache full:https://registry.npmjs.org/@babel%2fplugin-transform-modules-amd set size:undefined disposed:false
1262 silly fetch manifest @babel/plugin-transform-block-scoping@^7.28.0
1263 silly packumentCache full:https://registry.npmjs.org/@babel%2fplugin-transform-block-scoping cache-miss
1264 http fetch GET 200 https://registry.npmjs.org/@babel%2fplugin-transform-modules-umd 230ms (cache miss)
1265 silly packumentCache full:https://registry.npmjs.org/@babel%2fplugin-transform-modules-umd set size:undefined disposed:false
1266 silly fetch manifest @babel/plugin-transform-destructuring@^7.28.0
1267 silly packumentCache full:https://registry.npmjs.org/@babel%2fplugin-transform-destructuring cache-miss
1268 http fetch GET 200 https://registry.npmjs.org/@babel%2fplugin-transform-regenerator 209ms (cache miss)
1269 silly packumentCache full:https://registry.npmjs.org/@babel%2fplugin-transform-regenerator set size:undefined disposed:false
1270 silly fetch manifest @babel/plugin-transform-function-name@^7.27.1
1271 silly packumentCache full:https://registry.npmjs.org/@babel%2fplugin-transform-function-name cache-miss
1272 http fetch GET 200 https://registry.npmjs.org/@babel%2fplugin-transform-dotall-regex 271ms (cache miss)
1273 silly packumentCache full:https://registry.npmjs.org/@babel%2fplugin-transform-dotall-regex set size:undefined disposed:false
1274 silly fetch manifest @babel/plugin-transform-typeof-symbol@^7.27.1
1275 silly packumentCache full:https://registry.npmjs.org/@babel%2fplugin-transform-typeof-symbol cache-miss
1276 http fetch GET 200 https://registry.npmjs.org/@babel%2fplugin-transform-block-scoping 524ms (cache miss)
1277 silly packumentCache full:https://registry.npmjs.org/@babel%2fplugin-transform-block-scoping set size:undefined disposed:false
1278 silly fetch manifest @babel/plugin-transform-unicode-regex@^7.27.1
1279 silly packumentCache full:https://registry.npmjs.org/@babel%2fplugin-transform-unicode-regex cache-miss
1280 http fetch GET 200 https://registry.npmjs.org/@babel%2fplugin-transform-json-strings 560ms (cache miss)
1281 silly packumentCache full:https://registry.npmjs.org/@babel%2fplugin-transform-json-strings set size:undefined disposed:false
1282 silly fetch manifest @babel/plugin-syntax-import-assertions@^7.27.1
1283 silly packumentCache full:https://registry.npmjs.org/@babel%2fplugin-syntax-import-assertions cache-miss
1284 http fetch GET 200 https://registry.npmjs.org/@babel%2fplugin-transform-destructuring 736ms (cache miss)
1285 silly packumentCache full:https://registry.npmjs.org/@babel%2fplugin-transform-destructuring set size:undefined disposed:false
1286 silly fetch manifest @babel/plugin-syntax-import-attributes@^7.27.1
1287 silly packumentCache full:https://registry.npmjs.org/@babel%2fplugin-syntax-import-attributes cache-miss
1288 http fetch GET 200 https://registry.npmjs.org/@babel%2fplugin-transform-object-super 777ms (cache miss)
1289 silly packumentCache full:https://registry.npmjs.org/@babel%2fplugin-transform-object-super set size:undefined disposed:false
1290 silly fetch manifest @babel/plugin-transform-duplicate-keys@^7.27.1
1291 silly packumentCache full:https://registry.npmjs.org/@babel%2fplugin-transform-duplicate-keys cache-miss
1292 http fetch GET 200 https://registry.npmjs.org/@babel%2fplugin-transform-function-name 769ms (cache miss)
1293 silly packumentCache full:https://registry.npmjs.org/@babel%2fplugin-transform-function-name set size:undefined disposed:false
1294 silly fetch manifest @babel/plugin-transform-dynamic-import@^7.27.1
1295 silly packumentCache full:https://registry.npmjs.org/@babel%2fplugin-transform-dynamic-import cache-miss
1296 http fetch GET 200 https://registry.npmjs.org/@babel%2fplugin-transform-sticky-regex 885ms (cache miss)
1297 silly packumentCache full:https://registry.npmjs.org/@babel%2fplugin-transform-sticky-regex set size:undefined disposed:false
1298 silly fetch manifest @babel/plugin-transform-reserved-words@^7.27.1
1299 silly packumentCache full:https://registry.npmjs.org/@babel%2fplugin-transform-reserved-words cache-miss
1300 http fetch GET 200 https://registry.npmjs.org/@babel%2fplugin-transform-unicode-regex 903ms (cache miss)
1301 silly packumentCache full:https://registry.npmjs.org/@babel%2fplugin-transform-unicode-regex set size:undefined disposed:false
1302 silly fetch manifest @babel/plugin-syntax-unicode-sets-regex@^7.18.6
1303 silly packumentCache full:https://registry.npmjs.org/@babel%2fplugin-syntax-unicode-sets-regex cache-miss
1304 http fetch GET 200 https://registry.npmjs.org/@babel%2fplugin-syntax-import-assertions 892ms (cache miss)
1305 silly packumentCache full:https://registry.npmjs.org/@babel%2fplugin-syntax-import-assertions set size:undefined disposed:false
1306 silly fetch manifest @babel/plugin-transform-arrow-functions@^7.27.1
1307 silly packumentCache full:https://registry.npmjs.org/@babel%2fplugin-transform-arrow-functions cache-miss
1308 http fetch GET 200 https://registry.npmjs.org/@babel%2fplugin-transform-dynamic-import 641ms (cache miss)
1309 silly packumentCache full:https://registry.npmjs.org/@babel%2fplugin-transform-dynamic-import set size:undefined disposed:false
1310 silly fetch manifest @babel/plugin-transform-private-methods@^7.27.1
1311 silly packumentCache full:https://registry.npmjs.org/@babel%2fplugin-transform-private-methods cache-miss
1312 http fetch GET 200 https://registry.npmjs.org/@babel%2fplugin-syntax-import-attributes 718ms (cache miss)
1313 silly packumentCache full:https://registry.npmjs.org/@babel%2fplugin-syntax-import-attributes set size:undefined disposed:false
1314 silly fetch manifest @babel/plugin-transform-unicode-escapes@^7.27.1
1315 silly packumentCache full:https://registry.npmjs.org/@babel%2fplugin-transform-unicode-escapes cache-miss
1316 http fetch GET 200 https://registry.npmjs.org/@babel%2fplugin-transform-duplicate-keys 726ms (cache miss)
1317 silly packumentCache full:https://registry.npmjs.org/@babel%2fplugin-transform-duplicate-keys set size:undefined disposed:false
1318 silly fetch manifest @babel/plugin-transform-class-properties@^7.27.1
1319 silly packumentCache full:https://registry.npmjs.org/@babel%2fplugin-transform-class-properties cache-miss
1320 http fetch GET 200 https://registry.npmjs.org/@babel%2fplugin-transform-reserved-words 649ms (cache miss)
1321 silly packumentCache full:https://registry.npmjs.org/@babel%2fplugin-transform-reserved-words set size:undefined disposed:false
1322 silly fetch manifest @babel/plugin-transform-modules-commonjs@^7.27.1
1323 silly packumentCache full:https://registry.npmjs.org/@babel%2fplugin-transform-modules-commonjs cache-miss
1324 http fetch GET 200 https://registry.npmjs.org/@babel%2fhelper-module-imports 2556ms (cache miss)
1325 silly packumentCache full:https://registry.npmjs.org/@babel%2fhelper-module-imports set size:undefined disposed:false
1326 silly fetch manifest @babel/plugin-transform-modules-systemjs@^7.27.1
1327 silly packumentCache full:https://registry.npmjs.org/@babel%2fplugin-transform-modules-systemjs cache-miss
1328 http fetch GET 200 https://registry.npmjs.org/@babel%2fplugin-syntax-unicode-sets-regex 358ms (cache miss)
1329 silly packumentCache full:https://registry.npmjs.org/@babel%2fplugin-syntax-unicode-sets-regex set size:undefined disposed:false
1330 silly fetch manifest @babel/plugin-transform-regexp-modifiers@^7.27.1
1331 silly packumentCache full:https://registry.npmjs.org/@babel%2fplugin-transform-regexp-modifiers cache-miss
1332 http fetch GET 200 https://registry.npmjs.org/@babel%2fplugin-transform-private-methods 436ms (cache miss)
1333 silly packumentCache full:https://registry.npmjs.org/@babel%2fplugin-transform-private-methods set size:undefined disposed:false
1334 silly fetch manifest @babel/plugin-transform-numeric-separator@^7.27.1
1335 silly packumentCache full:https://registry.npmjs.org/@babel%2fplugin-transform-numeric-separator cache-miss
1336 http fetch GET 200 https://registry.npmjs.org/@babel%2fplugin-transform-arrow-functions 502ms (cache miss)
1337 silly packumentCache full:https://registry.npmjs.org/@babel%2fplugin-transform-arrow-functions set size:undefined disposed:false
1338 silly fetch manifest @babel/plugin-transform-optional-chaining@^7.27.1
1339 silly packumentCache full:https://registry.npmjs.org/@babel%2fplugin-transform-optional-chaining cache-miss
1340 http fetch GET 200 https://registry.npmjs.org/@babel%2fplugin-transform-typeof-symbol 1702ms (cache miss)
1341 silly packumentCache full:https://registry.npmjs.org/@babel%2fplugin-transform-typeof-symbol set size:undefined disposed:false
1342 silly fetch manifest @babel/plugin-transform-property-literals@^7.27.1
1343 silly packumentCache full:https://registry.npmjs.org/@babel%2fplugin-transform-property-literals cache-miss
1344 http fetch GET 200 https://registry.npmjs.org/@babel%2fplugin-transform-unicode-escapes 593ms (cache miss)
1345 silly packumentCache full:https://registry.npmjs.org/@babel%2fplugin-transform-unicode-escapes set size:undefined disposed:false
1346 silly fetch manifest @babel/plugin-transform-template-literals@^7.27.1
1347 silly packumentCache full:https://registry.npmjs.org/@babel%2fplugin-transform-template-literals cache-miss
1348 http fetch GET 200 https://registry.npmjs.org/@babel%2fplugin-transform-class-properties 585ms (cache miss)
1349 silly packumentCache full:https://registry.npmjs.org/@babel%2fplugin-transform-class-properties set size:undefined disposed:false
1350 silly fetch manifest @babel/plugin-transform-class-static-block@^7.28.3
1351 silly packumentCache full:https://registry.npmjs.org/@babel%2fplugin-transform-class-static-block cache-miss
1352 http fetch GET 200 https://registry.npmjs.org/@babel%2fplugin-transform-modules-commonjs 717ms (cache miss)
1353 silly packumentCache full:https://registry.npmjs.org/@babel%2fplugin-transform-modules-commonjs set size:undefined disposed:false
1354 silly fetch manifest @babel/plugin-transform-object-rest-spread@^7.28.0
1355 silly packumentCache full:https://registry.npmjs.org/@babel%2fplugin-transform-object-rest-spread cache-miss
1356 http fetch GET 200 https://registry.npmjs.org/@babel%2fplugin-transform-regexp-modifiers 646ms (cache miss)
1357 silly packumentCache full:https://registry.npmjs.org/@babel%2fplugin-transform-regexp-modifiers set size:undefined disposed:false
1358 silly fetch manifest @babel/plugin-transform-unicode-sets-regex@^7.27.1
1359 silly packumentCache full:https://registry.npmjs.org/@babel%2fplugin-transform-unicode-sets-regex cache-miss
1360 http fetch GET 200 https://registry.npmjs.org/@babel%2fplugin-transform-numeric-separator 581ms (cache miss)
1361 silly packumentCache full:https://registry.npmjs.org/@babel%2fplugin-transform-numeric-separator set size:undefined disposed:false
1362 silly fetch manifest @babel/plugin-transform-computed-properties@^7.27.1
1363 silly packumentCache full:https://registry.npmjs.org/@babel%2fplugin-transform-computed-properties cache-miss
1364 http fetch GET 200 https://registry.npmjs.org/@babel%2fplugin-transform-property-literals 559ms (cache miss)
1365 silly packumentCache full:https://registry.npmjs.org/@babel%2fplugin-transform-property-literals set size:undefined disposed:false
1366 silly fetch manifest @babel/plugin-transform-shorthand-properties@^7.27.1
1367 silly packumentCache full:https://registry.npmjs.org/@babel%2fplugin-transform-shorthand-properties cache-miss
1368 http fetch GET 200 https://registry.npmjs.org/@babel%2fplugin-transform-optional-chaining 599ms (cache miss)
1369 silly packumentCache full:https://registry.npmjs.org/@babel%2fplugin-transform-optional-chaining set size:undefined disposed:false
1370 silly fetch manifest @babel/plugin-transform-export-namespace-from@^7.27.1
1371 silly packumentCache full:https://registry.npmjs.org/@babel%2fplugin-transform-export-namespace-from cache-miss
1372 http fetch GET 200 https://registry.npmjs.org/@babel%2fplugin-transform-template-literals 587ms (cache miss)
1373 silly packumentCache full:https://registry.npmjs.org/@babel%2fplugin-transform-template-literals set size:undefined disposed:false
1374 silly fetch manifest @babel/plugin-transform-block-scoped-functions@^7.27.1
1375 silly packumentCache full:https://registry.npmjs.org/@babel%2fplugin-transform-block-scoped-functions cache-miss
1376 http fetch GET 200 https://registry.npmjs.org/@babel%2fplugin-transform-class-static-block 594ms (cache miss)
1377 silly packumentCache full:https://registry.npmjs.org/@babel%2fplugin-transform-class-static-block set size:undefined disposed:false
1378 silly fetch manifest @babel/plugin-transform-optional-catch-binding@^7.27.1
1379 silly packumentCache full:https://registry.npmjs.org/@babel%2fplugin-transform-optional-catch-binding cache-miss
1380 http fetch GET 200 https://registry.npmjs.org/@babel%2fplugin-transform-object-rest-spread 455ms (cache miss)
1381 silly packumentCache full:https://registry.npmjs.org/@babel%2fplugin-transform-object-rest-spread set size:undefined disposed:false
1382 silly fetch manifest @babel/plugin-transform-unicode-property-regex@^7.27.1
1383 silly packumentCache full:https://registry.npmjs.org/@babel%2fplugin-transform-unicode-property-regex cache-miss
1384 http fetch GET 200 https://registry.npmjs.org/@babel%2fplugin-transform-unicode-sets-regex 457ms (cache miss)
1385 silly packumentCache full:https://registry.npmjs.org/@babel%2fplugin-transform-unicode-sets-regex set size:undefined disposed:false
1386 silly fetch manifest @babel/plugin-transform-exponentiation-operator@^7.27.1
1387 silly packumentCache full:https://registry.npmjs.org/@babel%2fplugin-transform-exponentiation-operator cache-miss
1388 http fetch GET 200 https://registry.npmjs.org/@babel%2fplugin-transform-shorthand-properties 467ms (cache miss)
1389 silly packumentCache full:https://registry.npmjs.org/@babel%2fplugin-transform-shorthand-properties set size:undefined disposed:false
1390 silly fetch manifest @babel/plugin-proposal-private-property-in-object@7.21.0-placeholder-for-preset-env.2
1391 silly packumentCache full:https://registry.npmjs.org/@babel%2fplugin-proposal-private-property-in-object cache-miss
1392 http fetch GET 200 https://registry.npmjs.org/@babel%2fplugin-transform-export-namespace-from 583ms (cache miss)
1393 silly packumentCache full:https://registry.npmjs.org/@babel%2fplugin-transform-export-namespace-from set size:undefined disposed:false
1394 silly fetch manifest @babel/plugin-transform-member-expression-literals@^7.27.1
1395 silly packumentCache full:https://registry.npmjs.org/@babel%2fplugin-transform-member-expression-literals cache-miss
1396 http fetch GET 200 https://registry.npmjs.org/@babel%2fplugin-transform-block-scoped-functions 472ms (cache miss)
1397 silly packumentCache full:https://registry.npmjs.org/@babel%2fplugin-transform-block-scoped-functions set size:undefined disposed:false
1398 silly fetch manifest @babel/plugin-transform-private-property-in-object@^7.27.1
1399 silly packumentCache full:https://registry.npmjs.org/@babel%2fplugin-transform-private-property-in-object cache-miss
1400 http fetch GET 200 https://registry.npmjs.org/@babel%2fplugin-transform-unicode-property-regex 426ms (cache miss)
1401 silly packumentCache full:https://registry.npmjs.org/@babel%2fplugin-transform-unicode-property-regex set size:undefined disposed:false
1402 silly fetch manifest @babel/plugin-transform-nullish-coalescing-operator@^7.27.1
1403 silly packumentCache full:https://registry.npmjs.org/@babel%2fplugin-transform-nullish-coalescing-operator cache-miss
1404 http fetch GET 200 https://registry.npmjs.org/@babel%2fplugin-transform-computed-properties 664ms (cache miss)
1405 silly packumentCache full:https://registry.npmjs.org/@babel%2fplugin-transform-computed-properties set size:undefined disposed:false
1406 silly fetch manifest @babel/plugin-transform-explicit-resource-management@^7.28.0
1407 silly packumentCache full:https://registry.npmjs.org/@babel%2fplugin-transform-explicit-resource-management cache-miss
1408 http fetch GET 200 https://registry.npmjs.org/@babel%2fplugin-transform-optional-catch-binding 523ms (cache miss)
1409 silly packumentCache full:https://registry.npmjs.org/@babel%2fplugin-transform-optional-catch-binding set size:undefined disposed:false
1410 silly fetch manifest @babel/plugin-transform-logical-assignment-operators@^7.27.1
1411 silly packumentCache full:https://registry.npmjs.org/@babel%2fplugin-transform-logical-assignment-operators cache-miss
1412 http fetch GET 200 https://registry.npmjs.org/@babel%2fplugin-transform-exponentiation-operator 386ms (cache miss)
1413 silly packumentCache full:https://registry.npmjs.org/@babel%2fplugin-transform-exponentiation-operator set size:undefined disposed:false
1414 silly fetch manifest @babel/plugin-transform-named-capturing-groups-regex@^7.27.1
1415 silly packumentCache full:https://registry.npmjs.org/@babel%2fplugin-transform-named-capturing-groups-regex cache-miss
1416 http fetch GET 200 https://registry.npmjs.org/@babel%2fplugin-proposal-private-property-in-object 397ms (cache miss)
1417 silly packumentCache full:https://registry.npmjs.org/@babel%2fplugin-proposal-private-property-in-object set size:undefined disposed:false
1418 silly fetch manifest @babel/plugin-bugfix-firefox-class-in-computed-class-key@^7.27.1
1419 silly packumentCache full:https://registry.npmjs.org/@babel%2fplugin-bugfix-firefox-class-in-computed-class-key cache-miss
1420 http fetch GET 200 https://registry.npmjs.org/@babel%2fplugin-transform-private-property-in-object 297ms (cache miss)
1421 silly packumentCache full:https://registry.npmjs.org/@babel%2fplugin-transform-private-property-in-object set size:undefined disposed:false
1422 silly fetch manifest @babel/plugin-bugfix-safari-class-field-initializer-scope@^7.27.1
1423 silly packumentCache full:https://registry.npmjs.org/@babel%2fplugin-bugfix-safari-class-field-initializer-scope cache-miss
1424 http fetch GET 200 https://registry.npmjs.org/@babel%2fplugin-transform-explicit-resource-management 296ms (cache miss)
1425 silly packumentCache full:https://registry.npmjs.org/@babel%2fplugin-transform-explicit-resource-management set size:undefined disposed:false
1426 silly fetch manifest @babel/plugin-bugfix-v8-static-class-fields-redefine-readonly@^7.28.3
1427 silly packumentCache full:https://registry.npmjs.org/@babel%2fplugin-bugfix-v8-static-class-fields-redefine-readonly cache-miss
1428 http fetch GET 200 https://registry.npmjs.org/@babel%2fplugin-transform-member-expression-literals 352ms (cache miss)
1429 silly packumentCache full:https://registry.npmjs.org/@babel%2fplugin-transform-member-expression-literals set size:undefined disposed:false
1430 silly fetch manifest @babel/plugin-bugfix-v8-spread-parameters-in-optional-chaining@^7.27.1
1431 silly packumentCache full:https://registry.npmjs.org/@babel%2fplugin-bugfix-v8-spread-parameters-in-optional-chaining cache-miss
1432 http fetch GET 200 https://registry.npmjs.org/@babel%2fplugin-transform-logical-assignment-operators 293ms (cache miss)
1433 silly packumentCache full:https://registry.npmjs.org/@babel%2fplugin-transform-logical-assignment-operators set size:undefined disposed:false
1434 silly fetch manifest @babel/plugin-transform-duplicate-named-capturing-groups-regex@^7.27.1
1435 silly packumentCache full:https://registry.npmjs.org/@babel%2fplugin-transform-duplicate-named-capturing-groups-regex cache-miss
1436 http fetch GET 200 https://registry.npmjs.org/@babel%2fplugin-transform-named-capturing-groups-regex 217ms (cache miss)
1437 silly packumentCache full:https://registry.npmjs.org/@babel%2fplugin-transform-named-capturing-groups-regex set size:undefined disposed:false
1438 silly fetch manifest @babel/plugin-bugfix-safari-id-destructuring-collision-in-function-expression@^7.27.1
1439 silly packumentCache full:https://registry.npmjs.org/@babel%2fplugin-bugfix-safari-id-destructuring-collision-in-function-expression cache-miss
1440 http fetch GET 200 https://registry.npmjs.org/@babel%2fplugin-bugfix-firefox-class-in-computed-class-key 162ms (cache miss)
1441 silly packumentCache full:https://registry.npmjs.org/@babel%2fplugin-bugfix-firefox-class-in-computed-class-key set size:undefined disposed:false
1442 silly fetch manifest browserslist@^4.24.4
1443 silly packumentCache full:https://registry.npmjs.org/browserslist cache-hit
1444 silly fetch manifest caniuse-lite@^1.0.30001702
1445 silly packumentCache full:https://registry.npmjs.org/caniuse-lite cache-miss
1446 http fetch GET 200 https://registry.npmjs.org/caniuse-lite 4ms (cache hit)
1447 silly packumentCache full:https://registry.npmjs.org/caniuse-lite set size:2246509 disposed:false
1448 silly fetch manifest find-up@^5.0.0
1449 silly packumentCache full:https://registry.npmjs.org/find-up cache-miss
1450 http fetch GET 200 https://registry.npmjs.org/@babel%2fplugin-transform-nullish-coalescing-operator 480ms (cache miss)
1451 silly packumentCache full:https://registry.npmjs.org/@babel%2fplugin-transform-nullish-coalescing-operator set size:undefined disposed:false
1452 silly fetch manifest baseline-browser-mapping@^2.9.0
1453 silly packumentCache full:https://registry.npmjs.org/baseline-browser-mapping cache-miss
1454 http fetch GET 200 https://registry.npmjs.org/vite 7078ms (cache miss)
1455 silly packumentCache full:https://registry.npmjs.org/vite set size:undefined disposed:false
1456 silly fetch manifest caniuse-lite@^1.0.30001759
1457 silly packumentCache full:https://registry.npmjs.org/caniuse-lite cache-miss
1458 http fetch GET 200 https://registry.npmjs.org/@babel%2fplugin-bugfix-safari-class-field-initializer-scope 290ms (cache miss)
1459 silly packumentCache full:https://registry.npmjs.org/@babel%2fplugin-bugfix-safari-class-field-initializer-scope set size:undefined disposed:false
1460 silly fetch manifest electron-to-chromium@^1.5.263
1461 silly packumentCache full:https://registry.npmjs.org/electron-to-chromium cache-miss
1462 http fetch GET 200 https://registry.npmjs.org/caniuse-lite 6ms (cache hit)
1463 silly packumentCache full:https://registry.npmjs.org/caniuse-lite set size:2246509 disposed:false
1464 silly fetch manifest node-releases@^2.0.27
1465 silly packumentCache full:https://registry.npmjs.org/node-releases cache-miss
1466 http fetch GET 200 https://registry.npmjs.org/@babel%2fplugin-transform-duplicate-named-capturing-groups-regex 240ms (cache miss)
1467 silly packumentCache full:https://registry.npmjs.org/@babel%2fplugin-transform-duplicate-named-capturing-groups-regex set size:undefined disposed:false
1468 silly fetch manifest update-browserslist-db@^1.2.0
1469 silly packumentCache full:https://registry.npmjs.org/update-browserslist-db cache-miss
1470 http fetch GET 200 https://registry.npmjs.org/@babel%2fplugin-bugfix-v8-static-class-fields-redefine-readonly 294ms (cache miss)
1471 silly packumentCache full:https://registry.npmjs.org/@babel%2fplugin-bugfix-v8-static-class-fields-redefine-readonly set size:undefined disposed:false
1472 silly fetch manifest glob-parent@^6.0.1
1473 silly packumentCache full:https://registry.npmjs.org/glob-parent cache-miss
1474 http fetch GET 200 https://registry.npmjs.org/find-up 188ms (cache miss)
1475 silly packumentCache full:https://registry.npmjs.org/find-up set size:undefined disposed:false
1476 silly fetch manifest schema-utils@^4.2.0
1477 silly packumentCache full:https://registry.npmjs.org/schema-utils cache-miss
1478 http fetch GET 200 https://registry.npmjs.org/@babel%2fplugin-bugfix-safari-id-destructuring-collision-in-function-expression 228ms (cache miss)
1479 silly packumentCache full:https://registry.npmjs.org/@babel%2fplugin-bugfix-safari-id-destructuring-collision-in-function-expression set size:undefined disposed:false
1480 silly fetch manifest serialize-javascript@^6.0.2
1481 silly packumentCache full:https://registry.npmjs.org/serialize-javascript cache-miss
1482 http fetch GET 200 https://registry.npmjs.org/@babel%2fplugin-bugfix-v8-spread-parameters-in-optional-chaining 253ms (cache miss)
1483 silly packumentCache full:https://registry.npmjs.org/@babel%2fplugin-bugfix-v8-spread-parameters-in-optional-chaining set size:undefined disposed:false
1484 silly fetch manifest tinyglobby@^0.2.12
1485 silly packumentCache full:https://registry.npmjs.org/tinyglobby cache-miss
1486 http fetch GET 200 https://registry.npmjs.org/glob-parent 3ms (cache hit)
1487 silly packumentCache full:https://registry.npmjs.org/glob-parent set size:42445 disposed:false
1488 silly fetch manifest icss-utils@^5.1.0
1489 silly packumentCache full:https://registry.npmjs.org/icss-utils cache-miss
1490 http fetch GET 200 https://registry.npmjs.org/tinyglobby 2ms (cache hit)
1491 silly packumentCache full:https://registry.npmjs.org/tinyglobby set size:49812 disposed:false
1492 silly fetch manifest postcss-modules-extract-imports@^3.1.0
1493 silly packumentCache full:https://registry.npmjs.org/postcss-modules-extract-imports cache-miss
1494 http fetch GET 200 https://registry.npmjs.org/update-browserslist-db 145ms (cache miss)
1495 silly packumentCache full:https://registry.npmjs.org/update-browserslist-db set size:undefined disposed:false
1496 silly fetch manifest postcss-modules-local-by-default@^4.0.5
1497 silly packumentCache full:https://registry.npmjs.org/postcss-modules-local-by-default cache-miss
1498 http fetch GET 200 https://registry.npmjs.org/baseline-browser-mapping 302ms (cache miss)
1499 silly packumentCache full:https://registry.npmjs.org/baseline-browser-mapping set size:undefined disposed:false
1500 silly fetch manifest postcss-modules-scope@^3.2.0
1501 silly packumentCache full:https://registry.npmjs.org/postcss-modules-scope cache-miss
1502 http fetch GET 200 https://registry.npmjs.org/schema-utils 219ms (cache miss)
1503 silly packumentCache full:https://registry.npmjs.org/schema-utils set size:undefined disposed:false
1504 silly fetch manifest postcss-modules-values@^4.0.0
1505 silly packumentCache full:https://registry.npmjs.org/postcss-modules-values cache-miss
1506 http fetch GET 200 https://registry.npmjs.org/icss-utils 263ms (cache miss)
1507 silly packumentCache full:https://registry.npmjs.org/icss-utils set size:undefined disposed:false
1508 silly fetch manifest semver@^7.5.4
1509 silly packumentCache full:https://registry.npmjs.org/semver cache-hit
1510 silly fetch manifest @esbuild/aix-ppc64@0.25.9
1511 silly packumentCache full:https://registry.npmjs.org/@esbuild%2faix-ppc64 cache-miss
1512 http fetch GET 200 https://registry.npmjs.org/node-releases 302ms (cache miss)
1513 silly packumentCache full:https://registry.npmjs.org/node-releases set size:undefined disposed:false
1514 silly fetch manifest @esbuild/linux-arm@0.25.9
1515 silly packumentCache full:https://registry.npmjs.org/@esbuild%2flinux-arm cache-miss
1516 http fetch GET 200 https://registry.npmjs.org/serialize-javascript 431ms (cache miss)
1517 silly packumentCache full:https://registry.npmjs.org/serialize-javascript set size:undefined disposed:false
1518 silly fetch manifest @esbuild/linux-x64@0.25.9
1519 silly packumentCache full:https://registry.npmjs.org/@esbuild%2flinux-x64 cache-miss
1520 http fetch GET 200 https://registry.npmjs.org/postcss-modules-extract-imports 430ms (cache miss)
1521 silly packumentCache full:https://registry.npmjs.org/postcss-modules-extract-imports set size:undefined disposed:false
1522 silly fetch manifest @esbuild/sunos-x64@0.25.9
1523 silly packumentCache full:https://registry.npmjs.org/@esbuild%2fsunos-x64 cache-miss
1524 http fetch GET 200 https://registry.npmjs.org/postcss-modules-local-by-default 309ms (cache miss)
1525 silly packumentCache full:https://registry.npmjs.org/postcss-modules-local-by-default set size:undefined disposed:false
1526 silly fetch manifest @esbuild/win32-x64@0.25.9
1527 silly packumentCache full:https://registry.npmjs.org/@esbuild%2fwin32-x64 cache-miss
1528 http fetch GET 200 https://registry.npmjs.org/postcss-modules-scope 315ms (cache miss)
1529 silly packumentCache full:https://registry.npmjs.org/postcss-modules-scope set size:undefined disposed:false
1530 silly fetch manifest @esbuild/darwin-x64@0.25.9
1531 silly packumentCache full:https://registry.npmjs.org/@esbuild%2fdarwin-x64 cache-miss
1532 http fetch GET 200 https://registry.npmjs.org/postcss-modules-values 299ms (cache miss)
1533 silly packumentCache full:https://registry.npmjs.org/postcss-modules-values set size:undefined disposed:false
1534 silly fetch manifest @esbuild/linux-ia32@0.25.9
1535 silly packumentCache full:https://registry.npmjs.org/@esbuild%2flinux-ia32 cache-miss
1536 http fetch GET 200 https://registry.npmjs.org/@babel%2fplugin-transform-modules-systemjs 2491ms (cache miss)
1537 silly packumentCache full:https://registry.npmjs.org/@babel%2fplugin-transform-modules-systemjs set size:undefined disposed:false
1538 silly fetch manifest @esbuild/netbsd-x64@0.25.9
1539 silly packumentCache full:https://registry.npmjs.org/@esbuild%2fnetbsd-x64 cache-miss
1540 http fetch GET 200 https://registry.npmjs.org/@esbuild%2faix-ppc64 255ms (cache miss)
1541 silly packumentCache full:https://registry.npmjs.org/@esbuild%2faix-ppc64 set size:undefined disposed:false
1542 silly fetch manifest @esbuild/win32-ia32@0.25.9
1543 silly packumentCache full:https://registry.npmjs.org/@esbuild%2fwin32-ia32 cache-miss
1544 http fetch GET 200 https://registry.npmjs.org/@esbuild%2flinux-arm 243ms (cache miss)
1545 silly packumentCache full:https://registry.npmjs.org/@esbuild%2flinux-arm set size:undefined disposed:false
1546 silly fetch manifest @esbuild/android-arm@0.25.9
1547 silly packumentCache full:https://registry.npmjs.org/@esbuild%2fandroid-arm cache-miss
1548 http fetch GET 200 https://registry.npmjs.org/@esbuild%2fwin32-x64 176ms (cache miss)
1549 silly packumentCache full:https://registry.npmjs.org/@esbuild%2fwin32-x64 set size:undefined disposed:false
1550 silly fetch manifest @esbuild/android-x64@0.25.9
1551 silly packumentCache full:https://registry.npmjs.org/@esbuild%2fandroid-x64 cache-miss
1552 http fetch GET 200 https://registry.npmjs.org/@esbuild%2flinux-x64 246ms (cache miss)
1553 silly packumentCache full:https://registry.npmjs.org/@esbuild%2flinux-x64 set size:undefined disposed:false
1554 silly fetch manifest @esbuild/freebsd-x64@0.25.9
1555 silly packumentCache full:https://registry.npmjs.org/@esbuild%2ffreebsd-x64 cache-miss
1556 http fetch GET 200 https://registry.npmjs.org/@esbuild%2fdarwin-x64 193ms (cache miss)
1557 silly packumentCache full:https://registry.npmjs.org/@esbuild%2fdarwin-x64 set size:undefined disposed:false
1558 silly fetch manifest @esbuild/linux-arm64@0.25.9
1559 silly packumentCache full:https://registry.npmjs.org/@esbuild%2flinux-arm64 cache-miss
1560 http fetch GET 200 https://registry.npmjs.org/@esbuild%2fwin32-ia32 212ms (cache miss)
1561 silly packumentCache full:https://registry.npmjs.org/@esbuild%2fwin32-ia32 set size:undefined disposed:false
1562 silly fetch manifest @esbuild/linux-ppc64@0.25.9
1563 silly packumentCache full:https://registry.npmjs.org/@esbuild%2flinux-ppc64 cache-miss
1564 http fetch GET 200 https://registry.npmjs.org/@esbuild%2fsunos-x64 339ms (cache miss)
1565 silly packumentCache full:https://registry.npmjs.org/@esbuild%2fsunos-x64 set size:undefined disposed:false
1566 silly fetch manifest @esbuild/linux-s390x@0.25.9
1567 silly packumentCache full:https://registry.npmjs.org/@esbuild%2flinux-s390x cache-miss
1568 http fetch GET 200 https://registry.npmjs.org/@esbuild%2flinux-ia32 255ms (cache miss)
1569 silly packumentCache full:https://registry.npmjs.org/@esbuild%2flinux-ia32 set size:undefined disposed:false
1570 silly fetch manifest @esbuild/openbsd-x64@0.25.9
1571 silly packumentCache full:https://registry.npmjs.org/@esbuild%2fopenbsd-x64 cache-miss
1572 http fetch GET 200 https://registry.npmjs.org/@esbuild%2fandroid-x64 206ms (cache miss)
1573 silly packumentCache full:https://registry.npmjs.org/@esbuild%2fandroid-x64 set size:undefined disposed:false
1574 silly fetch manifest @esbuild/win32-arm64@0.25.9
1575 silly packumentCache full:https://registry.npmjs.org/@esbuild%2fwin32-arm64 cache-miss
1576 http fetch GET 200 https://registry.npmjs.org/@esbuild%2ffreebsd-x64 255ms (cache miss)
1577 silly packumentCache full:https://registry.npmjs.org/@esbuild%2ffreebsd-x64 set size:undefined disposed:false
1578 silly fetch manifest @esbuild/darwin-arm64@0.25.9
1579 silly packumentCache full:https://registry.npmjs.org/@esbuild%2fdarwin-arm64 cache-miss
1580 http fetch GET 200 https://registry.npmjs.org/@esbuild%2flinux-arm64 240ms (cache miss)
1581 silly packumentCache full:https://registry.npmjs.org/@esbuild%2flinux-arm64 set size:undefined disposed:false
1582 silly fetch manifest @esbuild/netbsd-arm64@0.25.9
1583 silly packumentCache full:https://registry.npmjs.org/@esbuild%2fnetbsd-arm64 cache-miss
1584 http fetch GET 200 https://registry.npmjs.org/electron-to-chromium 949ms (cache miss)
1585 silly packumentCache full:https://registry.npmjs.org/electron-to-chromium set size:undefined disposed:false
1586 silly fetch manifest @esbuild/android-arm64@0.25.9
1587 silly packumentCache full:https://registry.npmjs.org/@esbuild%2fandroid-arm64 cache-miss
1588 http fetch GET 200 https://registry.npmjs.org/@esbuild%2fwin32-arm64 254ms (cache miss)
1589 silly packumentCache full:https://registry.npmjs.org/@esbuild%2fwin32-arm64 set size:undefined disposed:false
1590 silly fetch manifest @esbuild/freebsd-arm64@0.25.9
1591 silly packumentCache full:https://registry.npmjs.org/@esbuild%2ffreebsd-arm64 cache-miss
1592 http fetch GET 200 https://registry.npmjs.org/@esbuild%2fandroid-arm 554ms (cache miss)
1593 silly packumentCache full:https://registry.npmjs.org/@esbuild%2fandroid-arm set size:undefined disposed:false
1594 silly fetch manifest @esbuild/linux-loong64@0.25.9
1595 silly packumentCache full:https://registry.npmjs.org/@esbuild%2flinux-loong64 cache-miss
1596 http fetch GET 200 https://registry.npmjs.org/@esbuild%2fandroid-arm64 171ms (cache miss)
1597 silly packumentCache full:https://registry.npmjs.org/@esbuild%2fandroid-arm64 set size:undefined disposed:false
1598 silly fetch manifest @esbuild/linux-riscv64@0.25.9
1599 silly packumentCache full:https://registry.npmjs.org/@esbuild%2flinux-riscv64 cache-miss
1600 http fetch GET 200 https://registry.npmjs.org/@esbuild%2fnetbsd-arm64 190ms (cache miss)
1601 silly packumentCache full:https://registry.npmjs.org/@esbuild%2fnetbsd-arm64 set size:undefined disposed:false
1602 silly fetch manifest @esbuild/openbsd-arm64@0.25.9
1603 silly packumentCache full:https://registry.npmjs.org/@esbuild%2fopenbsd-arm64 cache-miss
1604 http fetch GET 200 https://registry.npmjs.org/@esbuild%2fdarwin-arm64 235ms (cache miss)
1605 silly packumentCache full:https://registry.npmjs.org/@esbuild%2fdarwin-arm64 set size:undefined disposed:false
1606 silly fetch manifest @esbuild/linux-mips64el@0.25.9
1607 silly packumentCache full:https://registry.npmjs.org/@esbuild%2flinux-mips64el cache-miss
1608 http fetch GET 200 https://registry.npmjs.org/@esbuild%2flinux-s390x 426ms (cache miss)
1609 silly packumentCache full:https://registry.npmjs.org/@esbuild%2flinux-s390x set size:undefined disposed:false
1610 silly fetch manifest @esbuild/openharmony-arm64@0.25.9
1611 silly packumentCache full:https://registry.npmjs.org/@esbuild%2fopenharmony-arm64 cache-miss
1612 http fetch GET 200 https://registry.npmjs.org/@esbuild%2flinux-ppc64 528ms (cache miss)
1613 silly packumentCache full:https://registry.npmjs.org/@esbuild%2flinux-ppc64 set size:undefined disposed:false
1614 silly fetch manifest @nodelib/fs.stat@^2.0.2
1615 silly packumentCache full:https://registry.npmjs.org/@nodelib%2ffs.stat cache-miss
1616 http fetch GET 200 https://registry.npmjs.org/@esbuild%2fopenbsd-x64 493ms (cache miss)
1617 silly packumentCache full:https://registry.npmjs.org/@esbuild%2fopenbsd-x64 set size:undefined disposed:false
1618 silly fetch manifest @nodelib/fs.walk@^1.2.3
1619 silly packumentCache full:https://registry.npmjs.org/@nodelib%2ffs.walk cache-miss
1620 http fetch GET 200 https://registry.npmjs.org/@esbuild%2flinux-riscv64 157ms (cache miss)
1621 silly packumentCache full:https://registry.npmjs.org/@esbuild%2flinux-riscv64 set size:undefined disposed:false
1622 silly fetch manifest glob-parent@^5.1.2
1623 silly packumentCache full:https://registry.npmjs.org/glob-parent cache-hit
1624 silly fetch manifest merge2@^1.3.0
1625 silly packumentCache full:https://registry.npmjs.org/merge2 cache-miss
1626 http fetch GET 200 https://registry.npmjs.org/@esbuild%2fopenbsd-arm64 165ms (cache miss)
1627 silly packumentCache full:https://registry.npmjs.org/@esbuild%2fopenbsd-arm64 set size:undefined disposed:false
1628 silly fetch manifest @types/http-proxy@^1.17.15
1629 silly packumentCache full:https://registry.npmjs.org/@types%2fhttp-proxy cache-miss
1630 http fetch GET 200 https://registry.npmjs.org/@esbuild%2ffreebsd-arm64 214ms (cache miss)
1631 silly packumentCache full:https://registry.npmjs.org/@esbuild%2ffreebsd-arm64 set size:undefined disposed:false
1632 silly fetch manifest debug@^4.3.6
1633 silly packumentCache full:https://registry.npmjs.org/debug cache-miss
1634 http fetch GET 200 https://registry.npmjs.org/debug 9ms (cache hit)
1635 silly packumentCache full:https://registry.npmjs.org/debug set size:195840 disposed:false
1636 silly fetch manifest is-plain-object@^5.0.0
1637 silly packumentCache full:https://registry.npmjs.org/is-plain-object cache-miss
1638 http fetch GET 200 https://registry.npmjs.org/@esbuild%2flinux-loong64 224ms (cache miss)
1639 silly packumentCache full:https://registry.npmjs.org/@esbuild%2flinux-loong64 set size:undefined disposed:false
1640 silly fetch manifest @babel/parser@^7.23.9
1641 silly packumentCache full:https://registry.npmjs.org/@babel%2fparser cache-miss
1642 http fetch GET 200 https://registry.npmjs.org/@babel%2fparser 3ms (cache hit)
1643 silly packumentCache full:https://registry.npmjs.org/@babel%2fparser set size:707345 disposed:false
1644 silly fetch manifest @istanbuljs/schema@^0.1.3
1645 silly packumentCache full:https://registry.npmjs.org/@istanbuljs%2fschema cache-miss
1646 http fetch GET 200 https://registry.npmjs.org/@esbuild%2flinux-mips64el 308ms (cache miss)
1647 silly packumentCache full:https://registry.npmjs.org/@esbuild%2flinux-mips64el set size:undefined disposed:false
1648 silly fetch manifest source-map-support@^0.5.5
1649 silly packumentCache full:https://registry.npmjs.org/source-map-support cache-miss
1650 http fetch GET 200 https://registry.npmjs.org/merge2 210ms (cache miss)
1651 silly packumentCache full:https://registry.npmjs.org/merge2 set size:undefined disposed:false
1652 silly fetch manifest copy-anything@^2.0.1
1653 silly packumentCache full:https://registry.npmjs.org/copy-anything cache-miss
1654 http fetch GET 200 https://registry.npmjs.org/@esbuild%2fopenharmony-arm64 291ms (cache miss)
1655 silly packumentCache full:https://registry.npmjs.org/@esbuild%2fopenharmony-arm64 set size:undefined disposed:false
1656 silly fetch manifest parse-node-version@^1.0.1
1657 silly packumentCache full:https://registry.npmjs.org/parse-node-version cache-miss
1658 http fetch GET 200 https://registry.npmjs.org/@nodelib%2ffs.stat 227ms (cache miss)
1659 silly packumentCache full:https://registry.npmjs.org/@nodelib%2ffs.stat set size:undefined disposed:false
1660 silly fetch manifest mime@^1.4.1
1661 silly packumentCache full:https://registry.npmjs.org/mime cache-miss
1662 http fetch GET 200 https://registry.npmjs.org/source-map-support 12ms (cache hit)
1663 silly packumentCache full:https://registry.npmjs.org/source-map-support set size:125488 disposed:false
1664 silly fetch manifest errno@^0.1.1
1665 silly packumentCache full:https://registry.npmjs.org/errno cache-miss
1666 http fetch GET 200 https://registry.npmjs.org/@nodelib%2ffs.walk 227ms (cache miss)
1667 silly packumentCache full:https://registry.npmjs.org/@nodelib%2ffs.walk set size:undefined disposed:false
1668 silly fetch manifest needle@^3.1.0
1669 silly packumentCache full:https://registry.npmjs.org/needle cache-miss
1670 http fetch GET 200 https://registry.npmjs.org/is-plain-object 175ms (cache miss)
1671 silly packumentCache full:https://registry.npmjs.org/is-plain-object set size:undefined disposed:false
1672 silly fetch manifest make-dir@^2.1.0
1673 silly packumentCache full:https://registry.npmjs.org/make-dir cache-miss
1674 http fetch GET 200 https://registry.npmjs.org/mime 5ms (cache hit)
1675 silly packumentCache full:https://registry.npmjs.org/mime set size:119236 disposed:false
1676 silly fetch manifest image-size@~0.5.0
1677 silly packumentCache full:https://registry.npmjs.org/image-size cache-miss
1678 http fetch GET 200 https://registry.npmjs.org/@istanbuljs%2fschema 208ms (cache miss)
1679 silly packumentCache full:https://registry.npmjs.org/@istanbuljs%2fschema set size:undefined disposed:false
1680 silly fetch manifest source-map@~0.6.0
1681 silly packumentCache full:https://registry.npmjs.org/source-map cache-hit
1682 silly fetch manifest graceful-fs@^4.1.2
1683 silly packumentCache full:https://registry.npmjs.org/graceful-fs cache-miss
1684 http fetch GET 200 https://registry.npmjs.org/graceful-fs 2ms (cache hit)
1685 silly packumentCache full:https://registry.npmjs.org/graceful-fs set size:124285 disposed:false
1686 silly fetch manifest webpack-sources@^3.0.0
1687 silly packumentCache full:https://registry.npmjs.org/webpack-sources cache-miss
1688 http fetch GET 200 https://registry.npmjs.org/image-size 155ms (cache miss)
1689 silly packumentCache full:https://registry.npmjs.org/image-size set size:undefined disposed:false
1690 silly fetch manifest tapable@^2.2.1
1691 silly packumentCache full:https://registry.npmjs.org/tapable cache-miss
1692 http fetch GET 200 https://registry.npmjs.org/make-dir 190ms (cache miss)
1693 silly packumentCache full:https://registry.npmjs.org/make-dir set size:undefined disposed:false
1694 silly fetch manifest schema-utils@^4.0.0
1695 silly packumentCache full:https://registry.npmjs.org/schema-utils cache-miss
1696 http fetch GET 200 https://registry.npmjs.org/copy-anything 197ms (cache miss)
1697 silly packumentCache full:https://registry.npmjs.org/copy-anything set size:undefined disposed:false
1698 silly fetch manifest wsl-utils@^0.1.0
1699 silly packumentCache full:https://registry.npmjs.org/wsl-utils cache-miss
1700 http fetch GET 200 https://registry.npmjs.org/schema-utils 6ms (cache hit)
1701 silly packumentCache full:https://registry.npmjs.org/schema-utils set size:166364 disposed:false
1702 silly fetch manifest default-browser@^5.2.1
1703 silly packumentCache full:https://registry.npmjs.org/default-browser cache-miss
1704 http fetch GET 200 https://registry.npmjs.org/webpack-sources 190ms (cache miss)
1705 silly packumentCache full:https://registry.npmjs.org/webpack-sources set size:undefined disposed:false
1706 silly fetch manifest define-lazy-prop@^3.0.0
1707 silly packumentCache full:https://registry.npmjs.org/define-lazy-prop cache-miss
1708 http fetch GET 200 https://registry.npmjs.org/needle 260ms (cache miss)
1709 silly packumentCache full:https://registry.npmjs.org/needle set size:undefined disposed:false
1710 silly fetch manifest is-inside-container@^1.0.0
1711 silly packumentCache full:https://registry.npmjs.org/is-inside-container cache-miss
1712 http fetch GET 200 https://registry.npmjs.org/tapable 139ms (cache miss)
1713 silly packumentCache full:https://registry.npmjs.org/tapable set size:undefined disposed:false
1714 silly fetch manifest chalk@^5.3.0
1715 silly packumentCache full:https://registry.npmjs.org/chalk cache-miss
1716 http fetch GET 200 https://registry.npmjs.org/@types%2fhttp-proxy 505ms (cache miss)
1717 silly packumentCache full:https://registry.npmjs.org/@types%2fhttp-proxy set size:undefined disposed:false
1718 silly fetch manifest cli-cursor@^5.0.0
1719 silly packumentCache full:https://registry.npmjs.org/cli-cursor cache-miss
1720 http fetch GET 200 https://registry.npmjs.org/default-browser 148ms (cache miss)
1721 silly packumentCache full:https://registry.npmjs.org/default-browser set size:undefined disposed:false
1722 silly fetch manifest strip-ansi@^7.1.0
1723 silly packumentCache full:https://registry.npmjs.org/strip-ansi cache-miss
1724 http fetch GET 200 https://registry.npmjs.org/define-lazy-prop 164ms (cache miss)
1725 silly packumentCache full:https://registry.npmjs.org/define-lazy-prop set size:undefined disposed:false
1726 silly fetch manifest log-symbols@^6.0.0
1727 silly packumentCache full:https://registry.npmjs.org/log-symbols cache-miss
1728 http fetch GET 200 https://registry.npmjs.org/errno 436ms (cache miss)
1729 silly packumentCache full:https://registry.npmjs.org/errno set size:undefined disposed:false
1730 silly fetch manifest cli-spinners@^2.9.2
1731 silly packumentCache full:https://registry.npmjs.org/cli-spinners cache-miss
1732 http fetch GET 200 https://registry.npmjs.org/parse-node-version 439ms (cache miss)
1733 silly packumentCache full:https://registry.npmjs.org/parse-node-version set size:undefined disposed:false
1734 silly fetch manifest string-width@^7.2.0
1735 silly packumentCache full:https://registry.npmjs.org/string-width cache-miss
1736 http fetch GET 200 https://registry.npmjs.org/cli-cursor 143ms (cache miss)
1737 silly packumentCache full:https://registry.npmjs.org/cli-cursor set size:undefined disposed:false
1738 silly fetch manifest is-interactive@^2.0.0
1739 silly packumentCache full:https://registry.npmjs.org/is-interactive cache-miss
1740 http fetch GET 200 https://registry.npmjs.org/chalk 160ms (cache miss)
1741 silly packumentCache full:https://registry.npmjs.org/chalk set size:undefined disposed:false
1742 silly fetch manifest stdin-discarder@^0.2.2
1743 silly packumentCache full:https://registry.npmjs.org/stdin-discarder cache-miss
1744 http fetch GET 200 https://registry.npmjs.org/@esbuild%2fnetbsd-x64 1439ms (cache miss)
1745 silly packumentCache full:https://registry.npmjs.org/@esbuild%2fnetbsd-x64 set size:undefined disposed:false
1746 silly fetch manifest is-unicode-supported@^2.0.0
1747 silly packumentCache full:https://registry.npmjs.org/is-unicode-supported cache-miss
1748 http fetch GET 200 https://registry.npmjs.org/strip-ansi 151ms (cache miss)
1749 silly packumentCache full:https://registry.npmjs.org/strip-ansi set size:undefined disposed:false
1750 silly fetch manifest @napi-rs/nice@^1.0.4
1751 silly packumentCache full:https://registry.npmjs.org/@napi-rs%2fnice cache-miss
1752 http fetch GET 200 https://registry.npmjs.org/log-symbols 152ms (cache miss)
1753 silly packumentCache full:https://registry.npmjs.org/log-symbols set size:undefined disposed:false
1754 silly fetch manifest nanoid@^3.3.11
1755 silly packumentCache full:https://registry.npmjs.org/nanoid cache-miss
1756 http fetch GET 200 https://registry.npmjs.org/nanoid 2ms (cache hit)
1757 silly packumentCache full:https://registry.npmjs.org/nanoid set size:298419 disposed:false
1758 silly fetch manifest jiti@^1.20.0
1759 silly packumentCache full:https://registry.npmjs.org/jiti cache-miss
1760 http fetch GET 200 https://registry.npmjs.org/jiti 2ms (cache hit)
1761 silly packumentCache full:https://registry.npmjs.org/jiti set size:382310 disposed:false
1762 silly fetch manifest cosmiconfig@^9.0.0
1763 silly packumentCache full:https://registry.npmjs.org/cosmiconfig cache-miss
1764 http fetch GET 200 https://registry.npmjs.org/stdin-discarder 106ms (cache miss)
1765 silly packumentCache full:https://registry.npmjs.org/stdin-discarder set size:undefined disposed:false
1766 silly fetch manifest adjust-sourcemap-loader@^4.0.0
1767 silly packumentCache full:https://registry.npmjs.org/adjust-sourcemap-loader cache-miss
1768 http fetch GET 200 https://registry.npmjs.org/cli-spinners 138ms (cache miss)
1769 silly packumentCache full:https://registry.npmjs.org/cli-spinners set size:undefined disposed:false
1770 silly fetch manifest convert-source-map@^1.7.0
1771 silly packumentCache full:https://registry.npmjs.org/convert-source-map cache-hit
1772 silly fetch manifest loader-utils@^2.0.0
1773 silly packumentCache full:https://registry.npmjs.org/loader-utils cache-miss
1774 http fetch GET 200 https://registry.npmjs.org/loader-utils 1ms (cache hit)
1775 silly packumentCache full:https://registry.npmjs.org/loader-utils set size:168663 disposed:false
1776 silly fetch manifest source-map@0.6.1
1777 silly packumentCache full:https://registry.npmjs.org/source-map cache-hit
1778 silly fetch manifest immutable@^5.0.2
1779 silly packumentCache full:https://registry.npmjs.org/immutable cache-miss
1780 http fetch GET 200 https://registry.npmjs.org/string-width 172ms (cache miss)
1781 silly packumentCache full:https://registry.npmjs.org/string-width set size:undefined disposed:false
1782 silly fetch manifest source-map-js@>=0.6.2 <2.0.0
1783 silly packumentCache full:https://registry.npmjs.org/source-map-js cache-miss
1784 http fetch GET 200 https://registry.npmjs.org/source-map-js 1ms (cache hit)
1785 silly packumentCache full:https://registry.npmjs.org/source-map-js set size:62640 disposed:false
1786 silly fetch manifest @parcel/watcher@^2.4.1
1787 silly packumentCache full:https://registry.npmjs.org/@parcel%2fwatcher cache-miss
1788 http fetch GET 200 https://registry.npmjs.org/is-interactive 180ms (cache miss)
1789 silly packumentCache full:https://registry.npmjs.org/is-interactive set size:undefined disposed:false
1790 silly fetch manifest neo-async@^2.6.2
1791 silly packumentCache full:https://registry.npmjs.org/neo-async cache-miss
1792 http fetch GET 200 https://registry.npmjs.org/wsl-utils 450ms (cache miss)
1793 silly packumentCache full:https://registry.npmjs.org/wsl-utils set size:undefined disposed:false
1794 silly fetch manifest iconv-lite@^0.6.3
1795 silly packumentCache full:https://registry.npmjs.org/iconv-lite cache-miss
1796 http fetch GET 200 https://registry.npmjs.org/adjust-sourcemap-loader 152ms (cache miss)
1797 silly packumentCache full:https://registry.npmjs.org/adjust-sourcemap-loader set size:undefined disposed:false
1798 silly fetch manifest source-map-js@^1.0.2
1799 silly packumentCache full:https://registry.npmjs.org/source-map-js cache-hit
1800 silly fetch manifest buffer-from@^1.0.0
1801 silly packumentCache full:https://registry.npmjs.org/buffer-from cache-miss
1802 http fetch GET 200 https://registry.npmjs.org/immutable 148ms (cache miss)
1803 silly packumentCache full:https://registry.npmjs.org/immutable set size:undefined disposed:false
1804 silly fetch manifest source-map@^0.6.0
1805 silly packumentCache full:https://registry.npmjs.org/source-map cache-hit
1806 silly fetch manifest acorn@^8.14.0
1807 silly packumentCache full:https://registry.npmjs.org/acorn cache-miss
1808 http fetch GET 200 https://registry.npmjs.org/cosmiconfig 173ms (cache miss)
1809 silly packumentCache full:https://registry.npmjs.org/cosmiconfig set size:undefined disposed:false
1810 silly fetch manifest commander@^2.20.0
1811 silly packumentCache full:https://registry.npmjs.org/commander cache-miss
1812 http fetch GET 200 https://registry.npmjs.org/neo-async 131ms (cache miss)
1813 silly packumentCache full:https://registry.npmjs.org/neo-async set size:undefined disposed:false
1814 silly fetch manifest @jridgewell/source-map@^0.3.3
1815 silly packumentCache full:https://registry.npmjs.org/@jridgewell%2fsource-map cache-miss
1816 http fetch GET 200 https://registry.npmjs.org/@parcel%2fwatcher 160ms (cache miss)
1817 silly packumentCache full:https://registry.npmjs.org/@parcel%2fwatcher set size:undefined disposed:false
1818 silly fetch manifest acorn@^8.15.0
1819 silly packumentCache full:https://registry.npmjs.org/acorn cache-miss
1820 http fetch GET 200 https://registry.npmjs.org/iconv-lite 164ms (cache miss)
1821 silly packumentCache full:https://registry.npmjs.org/iconv-lite set size:undefined disposed:false
1822 silly fetch manifest events@^3.2.0
1823 silly packumentCache full:https://registry.npmjs.org/events cache-miss
1824 http fetch GET 200 https://registry.npmjs.org/is-inside-container 557ms (cache miss)
1825 silly packumentCache full:https://registry.npmjs.org/is-inside-container set size:undefined disposed:false
1826 silly fetch manifest tapable@^2.1.1
1827 silly packumentCache full:https://registry.npmjs.org/tapable cache-miss
1828 http fetch GET 200 https://registry.npmjs.org/tapable 2ms (cache hit)
1829 silly packumentCache full:https://registry.npmjs.org/tapable set size:110219 disposed:false
1830 silly fetch manifest watchpack@^2.4.1
1831 silly packumentCache full:https://registry.npmjs.org/watchpack cache-miss
1832 http fetch GET 200 https://registry.npmjs.org/watchpack 2ms (cache hit)
1833 silly packumentCache full:https://registry.npmjs.org/watchpack set size:144389 disposed:false
1834 silly fetch manifest mime-types@^2.1.27
1835 silly packumentCache full:https://registry.npmjs.org/mime-types cache-miss
1836 http fetch GET 200 https://registry.npmjs.org/buffer-from 139ms (cache miss)
1837 silly packumentCache full:https://registry.npmjs.org/buffer-from set size:undefined disposed:false
1838 silly fetch manifest graceful-fs@^4.2.11
1839 silly packumentCache full:https://registry.npmjs.org/graceful-fs cache-hit
1840 silly fetch manifest eslint-scope@5.1.1
1841 silly packumentCache full:https://registry.npmjs.org/eslint-scope cache-miss
1842 http fetch GET 200 https://registry.npmjs.org/acorn 378ms (cache miss)
1843 silly packumentCache full:https://registry.npmjs.org/acorn set size:undefined disposed:false
1844 silly fetch manifest schema-utils@^4.3.2
1845 silly packumentCache full:https://registry.npmjs.org/schema-utils cache-hit
1846 silly fetch manifest @types/estree@^1.0.8
1847 silly packumentCache full:https://registry.npmjs.org/@types%2festree cache-miss
1848 http fetch GET 200 https://registry.npmjs.org/@napi-rs%2fnice 630ms (cache miss)
1849 silly packumentCache full:https://registry.npmjs.org/@napi-rs%2fnice set size:undefined disposed:false
1850 silly fetch manifest loader-runner@^4.2.0
1851 silly packumentCache full:https://registry.npmjs.org/loader-runner cache-miss
1852 http fetch GET 200 https://registry.npmjs.org/commander 394ms (cache miss)
1853 silly packumentCache full:https://registry.npmjs.org/commander set size:undefined disposed:false
1854 silly fetch manifest glob-to-regexp@^0.4.1
1855 silly packumentCache full:https://registry.npmjs.org/glob-to-regexp cache-miss
1856 http fetch GET 200 https://registry.npmjs.org/@jridgewell%2fsource-map 383ms (cache miss)
1857 silly packumentCache full:https://registry.npmjs.org/@jridgewell%2fsource-map set size:undefined disposed:false
1858 silly fetch manifest es-module-lexer@^1.2.1
1859 silly packumentCache full:https://registry.npmjs.org/es-module-lexer cache-miss
1860 http fetch GET 200 https://registry.npmjs.org/acorn 377ms (cache miss)
1861 silly packumentCache full:https://registry.npmjs.org/acorn set size:undefined disposed:false
1862 silly fetch manifest webpack-sources@^3.3.3
1863 silly packumentCache full:https://registry.npmjs.org/webpack-sources cache-miss
1864 http fetch GET 200 https://registry.npmjs.org/webpack-sources 7ms (cache hit)
1865 silly packumentCache full:https://registry.npmjs.org/webpack-sources set size:165698 disposed:false
1866 silly fetch manifest enhanced-resolve@^5.17.3
1867 silly packumentCache full:https://registry.npmjs.org/enhanced-resolve cache-miss
1868 http fetch GET 200 https://registry.npmjs.org/is-unicode-supported 695ms (cache miss)
1869 silly packumentCache full:https://registry.npmjs.org/is-unicode-supported set size:undefined disposed:false
1870 silly fetch manifest @types/json-schema@^7.0.15
1871 silly packumentCache full:https://registry.npmjs.org/@types%2fjson-schema cache-miss
1872 http fetch GET 200 https://registry.npmjs.org/eslint-scope 301ms (cache miss)
1873 silly packumentCache full:https://registry.npmjs.org/eslint-scope set size:undefined disposed:false
1874 silly fetch manifest @webassemblyjs/ast@^1.14.1
1875 silly packumentCache full:https://registry.npmjs.org/@webassemblyjs%2fast cache-miss
1876 http fetch GET 200 https://registry.npmjs.org/mime-types 338ms (cache miss)
1877 silly packumentCache full:https://registry.npmjs.org/mime-types set size:undefined disposed:false
1878 silly fetch manifest chrome-trace-event@^1.0.2
1879 silly packumentCache full:https://registry.npmjs.org/chrome-trace-event cache-miss
1880 http fetch GET 200 https://registry.npmjs.org/events 464ms (cache miss)
1881 silly packumentCache full:https://registry.npmjs.org/events set size:undefined disposed:false
1882 silly fetch manifest @types/eslint-scope@^3.7.7
1883 silly packumentCache full:https://registry.npmjs.org/@types%2feslint-scope cache-miss
1884 http fetch GET 200 https://registry.npmjs.org/@types%2festree 170ms (cache miss)
1885 silly packumentCache full:https://registry.npmjs.org/@types%2festree set size:undefined disposed:false
1886 silly fetch manifest acorn-import-phases@^1.0.3
1887 silly packumentCache full:https://registry.npmjs.org/acorn-import-phases cache-miss
1888 http fetch GET 200 https://registry.npmjs.org/es-module-lexer 156ms (cache miss)
1889 silly packumentCache full:https://registry.npmjs.org/es-module-lexer set size:undefined disposed:false
1890 silly fetch manifest terser-webpack-plugin@^5.3.11
1891 silly packumentCache full:https://registry.npmjs.org/terser-webpack-plugin cache-miss
1892 http fetch GET 200 https://registry.npmjs.org/glob-to-regexp 172ms (cache miss)
1893 silly packumentCache full:https://registry.npmjs.org/glob-to-regexp set size:undefined disposed:false
1894 silly fetch manifest @webassemblyjs/wasm-edit@^1.14.1
1895 silly packumentCache full:https://registry.npmjs.org/@webassemblyjs%2fwasm-edit cache-miss
1896 http fetch GET 200 https://registry.npmjs.org/@types%2fjson-schema 150ms (cache miss)
1897 silly packumentCache full:https://registry.npmjs.org/@types%2fjson-schema set size:undefined disposed:false
1898 silly fetch manifest @webassemblyjs/wasm-parser@^1.14.1
1899 silly packumentCache full:https://registry.npmjs.org/@webassemblyjs%2fwasm-parser cache-miss
1900 http fetch GET 200 https://registry.npmjs.org/loader-runner 181ms (cache miss)
1901 silly packumentCache full:https://registry.npmjs.org/loader-runner set size:undefined disposed:false
1902 silly fetch manifest json-parse-even-better-errors@^2.3.1
1903 silly packumentCache full:https://registry.npmjs.org/json-parse-even-better-errors cache-miss
1904 http fetch GET 200 https://registry.npmjs.org/enhanced-resolve 181ms (cache miss)
1905 silly packumentCache full:https://registry.npmjs.org/enhanced-resolve set size:undefined disposed:false
1906 silly fetch manifest memfs@^4.6.0
1907 silly packumentCache full:https://registry.npmjs.org/memfs cache-miss
1908 http fetch GET 200 https://registry.npmjs.org/@types%2feslint-scope 142ms (cache miss)
1909 silly packumentCache full:https://registry.npmjs.org/@types%2feslint-scope set size:undefined disposed:false
1910 silly fetch manifest colorette@^2.0.10
1911 silly packumentCache full:https://registry.npmjs.org/colorette cache-miss
1912 http fetch GET 200 https://registry.npmjs.org/acorn-import-phases 139ms (cache miss)
1913 silly packumentCache full:https://registry.npmjs.org/acorn-import-phases set size:undefined disposed:false
1914 silly fetch manifest mime-types@^2.1.31
1915 silly packumentCache full:https://registry.npmjs.org/mime-types cache-miss
1916 http fetch GET 200 https://registry.npmjs.org/mime-types 2ms (cache hit)
1917 silly packumentCache full:https://registry.npmjs.org/mime-types set size:139110 disposed:false
1918 silly fetch manifest on-finished@^2.4.1
1919 silly packumentCache full:https://registry.npmjs.org/on-finished cache-miss
1920 http fetch GET 200 https://registry.npmjs.org/chrome-trace-event 271ms (cache miss)
1921 silly packumentCache full:https://registry.npmjs.org/chrome-trace-event set size:undefined disposed:false
1922 silly fetch manifest ws@^8.18.0
1923 silly packumentCache full:https://registry.npmjs.org/ws cache-miss
1924 http fetch GET 200 https://registry.npmjs.org/json-parse-even-better-errors 123ms (cache miss)
1925 silly packumentCache full:https://registry.npmjs.org/json-parse-even-better-errors set size:undefined disposed:false
1926 silly fetch manifest spdy@^4.0.2
1927 silly packumentCache full:https://registry.npmjs.org/spdy cache-miss
1928 http fetch GET 200 https://registry.npmjs.org/terser-webpack-plugin 149ms (cache miss)
1929 silly packumentCache full:https://registry.npmjs.org/terser-webpack-plugin set size:undefined disposed:false
1930 silly fetch manifest sockjs@^0.3.24
1931 silly packumentCache full:https://registry.npmjs.org/sockjs cache-miss
1932 http fetch GET 200 https://registry.npmjs.org/@webassemblyjs%2fwasm-parser 171ms (cache miss)
1933 silly packumentCache full:https://registry.npmjs.org/@webassemblyjs%2fwasm-parser set size:undefined disposed:false
1934 silly fetch manifest express@^4.21.2
1935 silly packumentCache full:https://registry.npmjs.org/express cache-miss
1936 http fetch GET 200 https://registry.npmjs.org/@webassemblyjs%2fwasm-edit 177ms (cache miss)
1937 silly packumentCache full:https://registry.npmjs.org/@webassemblyjs%2fwasm-edit set size:undefined disposed:false
1938 silly fetch manifest p-retry@^6.2.0
1939 silly packumentCache full:https://registry.npmjs.org/p-retry cache-miss
1940 http fetch GET 200 https://registry.npmjs.org/memfs 165ms (cache miss)
1941 silly packumentCache full:https://registry.npmjs.org/memfs set size:undefined disposed:false
1942 silly fetch manifest @types/ws@^8.5.10
1943 silly packumentCache full:https://registry.npmjs.org/@types%2fws cache-miss
1944 http fetch GET 200 https://registry.npmjs.org/on-finished 119ms (cache miss)
1945 silly packumentCache full:https://registry.npmjs.org/on-finished set size:undefined disposed:false
1946 silly fetch manifest colorette@^2.0.10
1947 silly packumentCache full:https://registry.npmjs.org/colorette cache-miss
1948 http fetch GET 200 https://registry.npmjs.org/ws 140ms (cache miss)
1949 silly packumentCache full:https://registry.npmjs.org/ws set size:undefined disposed:false
1950 silly fetch manifest ipaddr.js@^2.1.0
1951 silly packumentCache full:https://registry.npmjs.org/ipaddr.js cache-miss
1952 http fetch GET 200 https://registry.npmjs.org/colorette 161ms (cache miss)
1953 silly packumentCache full:https://registry.npmjs.org/colorette set size:undefined disposed:false
1954 silly fetch manifest selfsigned@^2.4.1
1955 silly packumentCache full:https://registry.npmjs.org/selfsigned cache-miss
1956 http fetch GET 200 https://registry.npmjs.org/sockjs 169ms (cache miss)
1957 silly packumentCache full:https://registry.npmjs.org/sockjs set size:undefined disposed:false
1958 silly fetch manifest compression@^1.7.4
1959 silly packumentCache full:https://registry.npmjs.org/compression cache-miss
1960 http fetch GET 200 https://registry.npmjs.org/@webassemblyjs%2fast 464ms (cache miss)
1961 silly packumentCache full:https://registry.npmjs.org/@webassemblyjs%2fast set size:undefined disposed:false
1962 silly fetch manifest serve-index@^1.9.1
1963 silly packumentCache full:https://registry.npmjs.org/serve-index cache-miss
1964 http fetch GET 200 https://registry.npmjs.org/p-retry 149ms (cache miss)
1965 silly packumentCache full:https://registry.npmjs.org/p-retry set size:undefined disposed:false
1966 silly fetch manifest @types/sockjs@^0.3.36
1967 silly packumentCache full:https://registry.npmjs.org/@types%2fsockjs cache-miss
1968 http fetch GET 200 https://registry.npmjs.org/@types%2fws 146ms (cache miss)
1969 silly packumentCache full:https://registry.npmjs.org/@types%2fws set size:undefined disposed:false
1970 silly fetch manifest launch-editor@^2.6.1
1971 silly packumentCache full:https://registry.npmjs.org/launch-editor cache-miss
1972 http fetch GET 200 https://registry.npmjs.org/colorette 188ms (cache miss)
1973 silly packumentCache full:https://registry.npmjs.org/colorette set size:undefined disposed:false
1974 silly fetch manifest @types/bonjour@^3.5.13
1975 silly packumentCache full:https://registry.npmjs.org/@types%2fbonjour cache-miss
1976 http fetch GET 200 https://registry.npmjs.org/ipaddr.js 154ms (cache miss)
1977 silly packumentCache full:https://registry.npmjs.org/ipaddr.js set size:undefined disposed:false
1978 silly fetch manifest @types/express@^4.17.21
1979 silly packumentCache full:https://registry.npmjs.org/@types%2fexpress cache-miss
1980 http fetch GET 200 https://registry.npmjs.org/selfsigned 164ms (cache miss)
1981 silly packumentCache full:https://registry.npmjs.org/selfsigned set size:undefined disposed:false
1982 silly fetch manifest bonjour-service@^1.2.1
1983 silly packumentCache full:https://registry.npmjs.org/bonjour-service cache-miss
1984 http fetch GET 200 https://registry.npmjs.org/express 385ms (cache miss)
1985 silly packumentCache full:https://registry.npmjs.org/express set size:undefined disposed:false
1986 silly fetch manifest @types/serve-index@^1.9.4
1987 silly packumentCache full:https://registry.npmjs.org/@types%2fserve-index cache-miss
1988 http fetch GET 200 https://registry.npmjs.org/serve-index 255ms (cache miss)
1989 silly packumentCache full:https://registry.npmjs.org/serve-index set size:undefined disposed:false
1990 silly fetch manifest @types/serve-static@^1.15.5
1991 silly packumentCache full:https://registry.npmjs.org/@types%2fserve-static cache-miss
1992 http fetch GET 200 https://registry.npmjs.org/compression 261ms (cache miss)
1993 silly packumentCache full:https://registry.npmjs.org/compression set size:undefined disposed:false
1994 silly fetch manifest ansi-html-community@^0.0.8
1995 silly packumentCache full:https://registry.npmjs.org/ansi-html-community cache-miss
1996 http fetch GET 200 https://registry.npmjs.org/@types%2fsockjs 249ms (cache miss)
1997 silly packumentCache full:https://registry.npmjs.org/@types%2fsockjs set size:undefined disposed:false
1998 silly fetch manifest http-proxy-middleware@^2.0.9
1999 silly packumentCache full:https://registry.npmjs.org/http-proxy-middleware cache-miss
2000 http fetch GET 200 https://registry.npmjs.org/@types%2fbonjour 156ms (cache miss)
2001 silly packumentCache full:https://registry.npmjs.org/@types%2fbonjour set size:undefined disposed:false
2002 silly fetch manifest connect-history-api-fallback@^2.0.0
2003 silly packumentCache full:https://registry.npmjs.org/connect-history-api-fallback cache-miss
2004 http fetch GET 200 https://registry.npmjs.org/launch-editor 231ms (cache miss)
2005 silly packumentCache full:https://registry.npmjs.org/launch-editor set size:undefined disposed:false
2006 silly fetch manifest @types/express-serve-static-core@^4.17.21
2007 silly packumentCache full:https://registry.npmjs.org/@types%2fexpress-serve-static-core cache-miss
2008 http fetch GET 200 https://registry.npmjs.org/http-proxy-middleware 4ms (cache hit)
2009 silly packumentCache full:https://registry.npmjs.org/http-proxy-middleware set size:316066 disposed:false
2010 silly fetch manifest @types/connect-history-api-fallback@^1.5.4
2011 silly packumentCache full:https://registry.npmjs.org/@types%2fconnect-history-api-fallback cache-miss
2012 http fetch GET 200 https://registry.npmjs.org/bonjour-service 170ms (cache miss)
2013 silly packumentCache full:https://registry.npmjs.org/bonjour-service set size:undefined disposed:false
2014 silly fetch manifest flat@^5.0.2
2015 silly packumentCache full:https://registry.npmjs.org/flat cache-miss
2016 http fetch GET 200 https://registry.npmjs.org/@types%2fserve-index 200ms (cache miss)
2017 silly packumentCache full:https://registry.npmjs.org/@types%2fserve-index set size:undefined disposed:false
2018 silly fetch manifest wildcard@^2.0.1
2019 silly packumentCache full:https://registry.npmjs.org/wildcard cache-miss
2020 http fetch GET 200 https://registry.npmjs.org/ansi-html-community 195ms (cache miss)
2021 silly packumentCache full:https://registry.npmjs.org/ansi-html-community set size:undefined disposed:false
2022 silly fetch manifest clone-deep@^4.0.1
2023 silly packumentCache full:https://registry.npmjs.org/clone-deep cache-miss
2024 http fetch GET 200 https://registry.npmjs.org/@types%2fconnect-history-api-fallback 188ms (cache miss)
2025 silly packumentCache full:https://registry.npmjs.org/@types%2fconnect-history-api-fallback set size:undefined disposed:false
2026 silly fetch manifest typed-assert@^1.0.8
2027 silly packumentCache full:https://registry.npmjs.org/typed-assert cache-miss
2028 http fetch GET 200 https://registry.npmjs.org/connect-history-api-fallback 196ms (cache miss)
2029 silly packumentCache full:https://registry.npmjs.org/connect-history-api-fallback set size:undefined disposed:false
2030 http fetch GET 200 https://registry.npmjs.org/@types%2fserve-static 201ms (cache miss)
2031 silly packumentCache full:https://registry.npmjs.org/@types%2fserve-static set size:undefined disposed:false
2032 http fetch GET 200 https://registry.npmjs.org/flat 172ms (cache miss)
2033 silly packumentCache full:https://registry.npmjs.org/flat set size:undefined disposed:false
2034 http fetch GET 200 https://registry.npmjs.org/@types%2fexpress-serve-static-core 199ms (cache miss)
2035 silly packumentCache full:https://registry.npmjs.org/@types%2fexpress-serve-static-core set size:undefined disposed:false
2036 http fetch GET 200 https://registry.npmjs.org/@types%2fexpress 466ms (cache miss)
2037 silly packumentCache full:https://registry.npmjs.org/@types%2fexpress set size:undefined disposed:false
2038 http fetch GET 200 https://registry.npmjs.org/clone-deep 142ms (cache miss)
2039 silly packumentCache full:https://registry.npmjs.org/clone-deep set size:undefined disposed:false
2040 http fetch GET 200 https://registry.npmjs.org/wildcard 177ms (cache miss)
2041 silly packumentCache full:https://registry.npmjs.org/wildcard set size:undefined disposed:false
2042 http fetch GET 200 https://registry.npmjs.org/typed-assert 438ms (cache miss)
2043 silly packumentCache full:https://registry.npmjs.org/typed-assert set size:undefined disposed:false
2044 http fetch GET 200 https://registry.npmjs.org/spdy 1233ms (cache miss)
2045 silly packumentCache full:https://registry.npmjs.org/spdy set size:undefined disposed:false
2046 silly placeDep ROOT @jridgewell/gen-mapping@0.3.13 OK for: @ampproject/remapping@2.3.0 want: ^0.3.5
2047 silly placeDep ROOT @jridgewell/trace-mapping@0.3.31 OK for: @ampproject/remapping@2.3.0 want: ^0.3.24
2048 silly fetch manifest @jridgewell/sourcemap-codec@^1.5.0
2049 silly packumentCache full:https://registry.npmjs.org/@jridgewell%2fsourcemap-codec cache-miss
2050 silly fetch manifest @jridgewell/resolve-uri@^3.1.0
2051 silly packumentCache full:https://registry.npmjs.org/@jridgewell%2fresolve-uri cache-miss
2052 http fetch GET 200 https://registry.npmjs.org/@jridgewell%2fsourcemap-codec 2ms (cache hit)
2053 silly packumentCache full:https://registry.npmjs.org/@jridgewell%2fsourcemap-codec set size:59275 disposed:false
2054 http fetch GET 200 https://registry.npmjs.org/@jridgewell%2fresolve-uri 172ms (cache miss)
2055 silly packumentCache full:https://registry.npmjs.org/@jridgewell%2fresolve-uri set size:undefined disposed:false
2056 silly placeDep node_modules/@angular-devkit/architect rxjs@7.8.2 OK for: @angular-devkit/architect@0.2003.3 want: 7.8.2
2057 silly placeDep node_modules/@angular-devkit/build-webpack rxjs@7.8.2 OK for: @angular-devkit/build-webpack@0.2003.3 want: 7.8.2
2058 silly placeDep ROOT ajv@8.17.1 OK for: @angular-devkit/core@20.3.3 want: 8.17.1
2059 silly placeDep ROOT ajv-formats@3.0.1 OK for: @angular-devkit/core@20.3.3 want: 3.0.1
2060 silly placeDep node_modules/@angular-devkit/core rxjs@7.8.2 OK for: @angular-devkit/core@20.3.3 want: 7.8.2
2061 silly placeDep ROOT source-map@0.7.6 OK for: @angular-devkit/core@20.3.3 want: 0.7.6
2062 silly fetch manifest fast-uri@^3.0.1
2063 silly packumentCache full:https://registry.npmjs.org/fast-uri cache-miss
2064 silly fetch manifest fast-deep-equal@^3.1.3
2065 silly packumentCache full:https://registry.npmjs.org/fast-deep-equal cache-miss
2066 silly fetch manifest require-from-string@^2.0.2
2067 silly packumentCache full:https://registry.npmjs.org/require-from-string cache-miss
2068 silly fetch manifest json-schema-traverse@^1.0.0
2069 silly packumentCache full:https://registry.npmjs.org/json-schema-traverse cache-miss
2070 http fetch GET 200 https://registry.npmjs.org/fast-uri 176ms (cache miss)
2071 silly packumentCache full:https://registry.npmjs.org/fast-uri set size:undefined disposed:false
2072 http fetch GET 200 https://registry.npmjs.org/json-schema-traverse 176ms (cache miss)
2073 silly packumentCache full:https://registry.npmjs.org/json-schema-traverse set size:undefined disposed:false
2074 http fetch GET 200 https://registry.npmjs.org/fast-deep-equal 178ms (cache miss)
2075 silly packumentCache full:https://registry.npmjs.org/fast-deep-equal set size:undefined disposed:false
2076 http fetch GET 200 https://registry.npmjs.org/require-from-string 279ms (cache miss)
2077 silly packumentCache full:https://registry.npmjs.org/require-from-string set size:undefined disposed:false
2078 silly placeDep ROOT @inquirer/confirm@5.1.14 OK for: @angular/build@20.3.3 want: 5.1.14
2079 silly placeDep ROOT @vitejs/plugin-basic-ssl@2.1.0 OK for: @angular/build@20.3.3 want: 2.1.0
2080 silly placeDep ROOT beasties@0.3.5 OK for: @angular/build@20.3.3 want: 0.3.5
2081 silly placeDep ROOT https-proxy-agent@7.0.6 OK for: @angular/build@20.3.3 want: 7.0.6
2082 silly placeDep ROOT listr2@9.0.1 OK for: @angular/build@20.3.3 want: 9.0.1
2083 silly placeDep ROOT lmdb@3.4.2 OK for: @angular/build@20.3.3 want: 3.4.2
2084 silly placeDep ROOT magic-string@0.30.17 OK for: @angular/build@20.3.3 want: 0.30.17
2085 silly placeDep ROOT mrmime@2.0.1 OK for: @angular/build@20.3.3 want: 2.0.1
2086 silly placeDep ROOT parse5-html-rewriting-stream@8.0.0 OK for: @angular/build@20.3.3 want: 8.0.0
2087 silly placeDep ROOT rolldown@1.0.0-beta.38 OK for: @angular/build@20.3.3 want: 1.0.0-beta.38
2088 silly placeDep ROOT tinyglobby@0.2.14 OK for: @angular/build@20.3.3 want: 0.2.14
2089 silly placeDep ROOT vite@7.1.5 OK for: @angular/build@20.3.3 want: 7.1.5
2090 silly placeDep ROOT watchpack@2.4.4 OK for: @angular/build@20.3.3 want: 2.4.4
2091 silly fetch manifest @inquirer/core@^10.1.15
2092 silly packumentCache full:https://registry.npmjs.org/@inquirer%2fcore cache-miss
2093 silly fetch manifest @inquirer/type@^3.0.8
2094 silly packumentCache full:https://registry.npmjs.org/@inquirer%2ftype cache-miss
2095 silly fetch manifest css-what@^7.0.0
2096 silly packumentCache full:https://registry.npmjs.org/css-what cache-miss
2097 silly fetch manifest css-select@^6.0.0
2098 silly packumentCache full:https://registry.npmjs.org/css-select cache-miss
2099 silly fetch manifest domhandler@^5.0.3
2100 silly packumentCache full:https://registry.npmjs.org/domhandler cache-miss
2101 silly fetch manifest htmlparser2@^10.0.0
2102 silly packumentCache full:https://registry.npmjs.org/htmlparser2 cache-miss
2103 silly fetch manifest dom-serializer@^2.0.0
2104 silly packumentCache full:https://registry.npmjs.org/dom-serializer cache-miss
2105 silly fetch manifest postcss-media-query-parser@^0.2.3
2106 silly packumentCache full:https://registry.npmjs.org/postcss-media-query-parser cache-miss
2107 silly fetch manifest debug@4
2108 silly packumentCache full:https://registry.npmjs.org/debug cache-hit
2109 silly fetch manifest agent-base@^7.1.2
2110 silly packumentCache full:https://registry.npmjs.org/agent-base cache-miss
2111 http fetch GET 200 https://registry.npmjs.org/agent-base 138ms (cache miss)
2112 silly packumentCache full:https://registry.npmjs.org/agent-base set size:undefined disposed:false
2113 silly fetch manifest rfdc@^1.4.1
2114 silly packumentCache full:https://registry.npmjs.org/rfdc cache-miss
2115 http fetch GET 200 https://registry.npmjs.org/postcss-media-query-parser 142ms (cache miss)
2116 silly packumentCache full:https://registry.npmjs.org/postcss-media-query-parser set size:undefined disposed:false
2117 silly fetch manifest colorette@^2.0.20
2118 silly packumentCache full:https://registry.npmjs.org/colorette cache-miss
2119 http fetch GET 200 https://registry.npmjs.org/colorette 3ms (cache hit)
2120 silly packumentCache full:https://registry.npmjs.org/colorette set size:92733 disposed:false
2121 silly fetch manifest wrap-ansi@^9.0.0
2122 silly packumentCache full:https://registry.npmjs.org/wrap-ansi cache-miss
2123 http fetch GET 200 https://registry.npmjs.org/dom-serializer 173ms (cache miss)
2124 silly packumentCache full:https://registry.npmjs.org/dom-serializer set size:undefined disposed:false
2125 silly fetch manifest log-update@^6.1.0
2126 silly packumentCache full:https://registry.npmjs.org/log-update cache-miss
2127 http fetch GET 200 https://registry.npmjs.org/htmlparser2 175ms (cache miss)
2128 silly packumentCache full:https://registry.npmjs.org/htmlparser2 set size:undefined disposed:false
2129 silly fetch manifest cli-truncate@^4.0.0
2130 silly packumentCache full:https://registry.npmjs.org/cli-truncate cache-miss
2131 http fetch GET 200 https://registry.npmjs.org/domhandler 177ms (cache miss)
2132 silly packumentCache full:https://registry.npmjs.org/domhandler set size:undefined disposed:false
2133 silly fetch manifest msgpackr@^1.11.2
2134 silly packumentCache full:https://registry.npmjs.org/msgpackr cache-miss
2135 http fetch GET 200 https://registry.npmjs.org/css-what 202ms (cache miss)
2136 silly packumentCache full:https://registry.npmjs.org/css-what set size:undefined disposed:false
2137 silly fetch manifest node-addon-api@^6.1.0
2138 silly packumentCache full:https://registry.npmjs.org/node-addon-api cache-miss
2139 http fetch GET 200 https://registry.npmjs.org/@inquirer%2ftype 203ms (cache miss)
2140 silly packumentCache full:https://registry.npmjs.org/@inquirer%2ftype set size:undefined disposed:false
2141 silly fetch manifest ordered-binary@^1.5.3
2142 silly packumentCache full:https://registry.npmjs.org/ordered-binary cache-miss
2143 http fetch GET 200 https://registry.npmjs.org/@inquirer%2fcore 208ms (cache miss)
2144 silly packumentCache full:https://registry.npmjs.org/@inquirer%2fcore set size:undefined disposed:false
2145 silly fetch manifest weak-lru-cache@^1.2.2
2146 silly packumentCache full:https://registry.npmjs.org/weak-lru-cache cache-miss
2147 http fetch GET 200 https://registry.npmjs.org/rfdc 148ms (cache miss)
2148 silly packumentCache full:https://registry.npmjs.org/rfdc set size:undefined disposed:false
2149 silly fetch manifest node-gyp-build-optional-packages@5.2.2
2150 silly packumentCache full:https://registry.npmjs.org/node-gyp-build-optional-packages cache-miss
2151 http fetch GET 200 https://registry.npmjs.org/wrap-ansi 148ms (cache miss)
2152 silly packumentCache full:https://registry.npmjs.org/wrap-ansi set size:undefined disposed:false
2153 silly fetch manifest @lmdb/lmdb-linux-arm@3.4.2
2154 silly packumentCache full:https://registry.npmjs.org/@lmdb%2flmdb-linux-arm cache-miss
2155 http fetch GET 200 https://registry.npmjs.org/log-update 151ms (cache miss)
2156 silly packumentCache full:https://registry.npmjs.org/log-update set size:undefined disposed:false
2157 silly fetch manifest @lmdb/lmdb-linux-x64@3.4.2
2158 silly packumentCache full:https://registry.npmjs.org/@lmdb%2flmdb-linux-x64 cache-miss
2159 http fetch GET 200 https://registry.npmjs.org/cli-truncate 180ms (cache miss)
2160 silly packumentCache full:https://registry.npmjs.org/cli-truncate set size:undefined disposed:false
2161 silly fetch manifest @lmdb/lmdb-win32-x64@3.4.2
2162 silly packumentCache full:https://registry.npmjs.org/@lmdb%2flmdb-win32-x64 cache-miss
2163 http fetch GET 200 https://registry.npmjs.org/weak-lru-cache 151ms (cache miss)
2164 silly packumentCache full:https://registry.npmjs.org/weak-lru-cache set size:undefined disposed:false
2165 silly fetch manifest @lmdb/lmdb-darwin-x64@3.4.2
2166 silly packumentCache full:https://registry.npmjs.org/@lmdb%2flmdb-darwin-x64 cache-miss
2167 http fetch GET 200 https://registry.npmjs.org/ordered-binary 158ms (cache miss)
2168 silly packumentCache full:https://registry.npmjs.org/ordered-binary set size:undefined disposed:false
2169 silly fetch manifest @lmdb/lmdb-linux-arm64@3.4.2
2170 silly packumentCache full:https://registry.npmjs.org/@lmdb%2flmdb-linux-arm64 cache-miss
2171 http fetch GET 200 https://registry.npmjs.org/msgpackr 188ms (cache miss)
2172 silly packumentCache full:https://registry.npmjs.org/msgpackr set size:undefined disposed:false
2173 silly fetch manifest @lmdb/lmdb-win32-arm64@3.4.2
2174 silly packumentCache full:https://registry.npmjs.org/@lmdb%2flmdb-win32-arm64 cache-miss
2175 http fetch GET 200 https://registry.npmjs.org/node-addon-api 189ms (cache miss)
2176 silly packumentCache full:https://registry.npmjs.org/node-addon-api set size:undefined disposed:false
2177 silly fetch manifest @lmdb/lmdb-darwin-arm64@3.4.2
2178 silly packumentCache full:https://registry.npmjs.org/@lmdb%2flmdb-darwin-arm64 cache-miss
2179 http fetch GET 200 https://registry.npmjs.org/node-gyp-build-optional-packages 177ms (cache miss)
2180 silly packumentCache full:https://registry.npmjs.org/node-gyp-build-optional-packages set size:undefined disposed:false
2181 silly fetch manifest entities@^6.0.0
2182 silly packumentCache full:https://registry.npmjs.org/entities cache-miss
2183 http fetch GET 200 https://registry.npmjs.org/@lmdb%2flmdb-linux-x64 158ms (cache miss)
2184 silly packumentCache full:https://registry.npmjs.org/@lmdb%2flmdb-linux-x64 set size:undefined disposed:false
2185 silly fetch manifest parse5-sax-parser@^8.0.0
2186 silly packumentCache full:https://registry.npmjs.org/parse5-sax-parser cache-miss
2187 http fetch GET 200 https://registry.npmjs.org/@lmdb%2flmdb-linux-arm 240ms (cache miss)
2188 silly packumentCache full:https://registry.npmjs.org/@lmdb%2flmdb-linux-arm set size:undefined disposed:false
2189 silly fetch manifest ansis@^4.0.0
2190 silly packumentCache full:https://registry.npmjs.org/ansis cache-miss
2191 http fetch GET 200 https://registry.npmjs.org/@lmdb%2flmdb-darwin-arm64 151ms (cache miss)
2192 silly packumentCache full:https://registry.npmjs.org/@lmdb%2flmdb-darwin-arm64 set size:undefined disposed:false
2193 silly fetch manifest @oxc-project/types@=0.89.0
2194 silly packumentCache full:https://registry.npmjs.org/@oxc-project%2ftypes cache-miss
2195 http fetch GET 200 https://registry.npmjs.org/@lmdb%2flmdb-darwin-x64 201ms (cache miss)
2196 silly packumentCache full:https://registry.npmjs.org/@lmdb%2flmdb-darwin-x64 set size:undefined disposed:false
2197 silly fetch manifest @rolldown/pluginutils@1.0.0-beta.38
2198 silly packumentCache full:https://registry.npmjs.org/@rolldown%2fpluginutils cache-miss
2199 http fetch GET 200 https://registry.npmjs.org/@lmdb%2flmdb-win32-x64 211ms (cache miss)
2200 silly packumentCache full:https://registry.npmjs.org/@lmdb%2flmdb-win32-x64 set size:undefined disposed:false
2201 silly fetch manifest @rolldown/binding-darwin-x64@1.0.0-beta.38
2202 silly packumentCache full:https://registry.npmjs.org/@rolldown%2fbinding-darwin-x64 cache-miss
2203 http fetch GET 200 https://registry.npmjs.org/@lmdb%2flmdb-win32-arm64 203ms (cache miss)
2204 silly packumentCache full:https://registry.npmjs.org/@lmdb%2flmdb-win32-arm64 set size:undefined disposed:false
2205 silly fetch manifest @rolldown/binding-freebsd-x64@1.0.0-beta.38
2206 silly packumentCache full:https://registry.npmjs.org/@rolldown%2fbinding-freebsd-x64 cache-miss
2207 http fetch GET 200 https://registry.npmjs.org/@lmdb%2flmdb-linux-arm64 231ms (cache miss)
2208 silly packumentCache full:https://registry.npmjs.org/@lmdb%2flmdb-linux-arm64 set size:undefined disposed:false
2209 silly fetch manifest @rolldown/binding-wasm32-wasi@1.0.0-beta.38
2210 silly packumentCache full:https://registry.npmjs.org/@rolldown%2fbinding-wasm32-wasi cache-miss
2211 http fetch GET 200 https://registry.npmjs.org/parse5-sax-parser 129ms (cache miss)
2212 silly packumentCache full:https://registry.npmjs.org/parse5-sax-parser set size:undefined disposed:false
2213 silly fetch manifest @rolldown/binding-darwin-arm64@1.0.0-beta.38
2214 silly packumentCache full:https://registry.npmjs.org/@rolldown%2fbinding-darwin-arm64 cache-miss
2215 http fetch GET 200 https://registry.npmjs.org/entities 148ms (cache miss)
2216 silly packumentCache full:https://registry.npmjs.org/entities set size:undefined disposed:false
2217 silly fetch manifest @rolldown/binding-android-arm64@1.0.0-beta.38
2218 silly packumentCache full:https://registry.npmjs.org/@rolldown%2fbinding-android-arm64 cache-miss
2219 http fetch GET 200 https://registry.npmjs.org/css-select 631ms (cache miss)
2220 silly packumentCache full:https://registry.npmjs.org/css-select set size:undefined disposed:false
2221 silly fetch manifest @rolldown/binding-linux-x64-gnu@1.0.0-beta.38
2222 silly packumentCache full:https://registry.npmjs.org/@rolldown%2fbinding-linux-x64-gnu cache-miss
2223 http fetch GET 200 https://registry.npmjs.org/ansis 208ms (cache miss)
2224 silly packumentCache full:https://registry.npmjs.org/ansis set size:undefined disposed:false
2225 silly fetch manifest @rolldown/binding-linux-x64-musl@1.0.0-beta.38
2226 silly packumentCache full:https://registry.npmjs.org/@rolldown%2fbinding-linux-x64-musl cache-miss
2227 http fetch GET 200 https://registry.npmjs.org/@rolldown%2fpluginutils 189ms (cache miss)
2228 silly packumentCache full:https://registry.npmjs.org/@rolldown%2fpluginutils set size:undefined disposed:false
2229 silly fetch manifest @rolldown/binding-win32-x64-msvc@1.0.0-beta.38
2230 silly packumentCache full:https://registry.npmjs.org/@rolldown%2fbinding-win32-x64-msvc cache-miss
2231 http fetch GET 200 https://registry.npmjs.org/@oxc-project%2ftypes 329ms (cache miss)
2232 silly packumentCache full:https://registry.npmjs.org/@oxc-project%2ftypes set size:undefined disposed:false
2233 silly fetch manifest @rolldown/binding-linux-arm64-gnu@1.0.0-beta.38
2234 silly packumentCache full:https://registry.npmjs.org/@rolldown%2fbinding-linux-arm64-gnu cache-miss
2235 http fetch GET 200 https://registry.npmjs.org/@rolldown%2fbinding-darwin-arm64 442ms (cache miss)
2236 silly packumentCache full:https://registry.npmjs.org/@rolldown%2fbinding-darwin-arm64 set size:undefined disposed:false
2237 silly fetch manifest @rolldown/binding-win32-ia32-msvc@1.0.0-beta.38
2238 silly packumentCache full:https://registry.npmjs.org/@rolldown%2fbinding-win32-ia32-msvc cache-miss
2239 http fetch GET 200 https://registry.npmjs.org/@rolldown%2fbinding-freebsd-x64 665ms (cache miss)
2240 silly packumentCache full:https://registry.npmjs.org/@rolldown%2fbinding-freebsd-x64 set size:undefined disposed:false
2241 silly fetch manifest @rolldown/binding-linux-arm64-musl@1.0.0-beta.38
2242 silly packumentCache full:https://registry.npmjs.org/@rolldown%2fbinding-linux-arm64-musl cache-miss
2243 http fetch GET 200 https://registry.npmjs.org/@rolldown%2fbinding-wasm32-wasi 716ms (cache miss)
2244 silly packumentCache full:https://registry.npmjs.org/@rolldown%2fbinding-wasm32-wasi set size:undefined disposed:false
2245 silly fetch manifest @rolldown/binding-win32-arm64-msvc@1.0.0-beta.38
2246 silly packumentCache full:https://registry.npmjs.org/@rolldown%2fbinding-win32-arm64-msvc cache-miss
2247 http fetch GET 200 https://registry.npmjs.org/@rolldown%2fbinding-linux-arm64-gnu 684ms (cache miss)
2248 silly packumentCache full:https://registry.npmjs.org/@rolldown%2fbinding-linux-arm64-gnu set size:undefined disposed:false
2249 silly fetch manifest @rolldown/binding-openharmony-arm64@1.0.0-beta.38
2250 silly packumentCache full:https://registry.npmjs.org/@rolldown%2fbinding-openharmony-arm64 cache-miss
2251 http fetch GET 200 https://registry.npmjs.org/@rolldown%2fbinding-win32-x64-msvc 841ms (cache miss)
2252 silly packumentCache full:https://registry.npmjs.org/@rolldown%2fbinding-win32-x64-msvc set size:undefined disposed:false
2253 silly fetch manifest @rolldown/binding-linux-arm-gnueabihf@1.0.0-beta.38
2254 silly packumentCache full:https://registry.npmjs.org/@rolldown%2fbinding-linux-arm-gnueabihf cache-miss
2255 http fetch GET 200 https://registry.npmjs.org/@rolldown%2fbinding-linux-arm64-musl 446ms (cache miss)
2256 silly packumentCache full:https://registry.npmjs.org/@rolldown%2fbinding-linux-arm64-musl set size:undefined disposed:false
2257 silly fetch manifest fdir@^6.4.4
2258 silly packumentCache full:https://registry.npmjs.org/fdir cache-miss
2259 http fetch GET 200 https://registry.npmjs.org/@rolldown%2fbinding-darwin-x64 1135ms (cache miss)
2260 silly packumentCache full:https://registry.npmjs.org/@rolldown%2fbinding-darwin-x64 set size:undefined disposed:false
2261 silly fetch manifest fdir@^6.5.0
2262 silly packumentCache full:https://registry.npmjs.org/fdir cache-miss
2263 http fetch GET 200 https://registry.npmjs.org/fdir 172ms (cache miss)
2264 silly packumentCache full:https://registry.npmjs.org/fdir set size:undefined disposed:false
2265 silly fetch manifest rollup@^4.43.0
2266 silly packumentCache full:https://registry.npmjs.org/rollup cache-miss
2267 http fetch GET 200 https://registry.npmjs.org/fdir 168ms (cache miss)
2268 silly packumentCache full:https://registry.npmjs.org/fdir set size:undefined disposed:false
2269 silly fetch manifest postcss@^8.5.6
2270 silly packumentCache full:https://registry.npmjs.org/postcss cache-hit
2271 silly fetch manifest tinyglobby@^0.2.15
2272 silly packumentCache full:https://registry.npmjs.org/tinyglobby cache-hit
2273 silly fetch manifest fsevents@~2.3.3
2274 silly packumentCache full:https://registry.npmjs.org/fsevents cache-miss
2275 http fetch GET 200 https://registry.npmjs.org/@rolldown%2fbinding-linux-arm-gnueabihf 532ms (cache miss)
2276 silly packumentCache full:https://registry.npmjs.org/@rolldown%2fbinding-linux-arm-gnueabihf set size:undefined disposed:false
2277 http fetch GET 200 https://registry.npmjs.org/fsevents 264ms (cache miss)
2278 silly packumentCache full:https://registry.npmjs.org/fsevents set size:undefined disposed:false
2279 http fetch GET 200 https://registry.npmjs.org/@rolldown%2fbinding-win32-ia32-msvc 1407ms (cache miss)
2280 silly packumentCache full:https://registry.npmjs.org/@rolldown%2fbinding-win32-ia32-msvc set size:undefined disposed:false
2281 http fetch GET 200 https://registry.npmjs.org/@rolldown%2fbinding-openharmony-arm64 930ms (cache miss)
2282 silly packumentCache full:https://registry.npmjs.org/@rolldown%2fbinding-openharmony-arm64 set size:undefined disposed:false
2283 http fetch GET 200 https://registry.npmjs.org/@rolldown%2fbinding-android-arm64 1877ms (cache miss)
2284 silly packumentCache full:https://registry.npmjs.org/@rolldown%2fbinding-android-arm64 set size:undefined disposed:false
2285 http fetch GET 200 https://registry.npmjs.org/rollup 647ms (cache miss)
2286 silly packumentCache full:https://registry.npmjs.org/rollup set size:undefined disposed:false
2287 http fetch GET 200 https://registry.npmjs.org/@rolldown%2fbinding-win32-arm64-msvc 1284ms (cache miss)
2288 silly packumentCache full:https://registry.npmjs.org/@rolldown%2fbinding-win32-arm64-msvc set size:undefined disposed:false
2289 http fetch GET 200 https://registry.npmjs.org/@rolldown%2fbinding-linux-x64-musl 1923ms (cache miss)
2290 silly packumentCache full:https://registry.npmjs.org/@rolldown%2fbinding-linux-x64-musl set size:undefined disposed:false
2291 http fetch GET 200 https://registry.npmjs.org/@rolldown%2fbinding-linux-x64-gnu 3148ms (cache miss)
2292 silly packumentCache full:https://registry.npmjs.org/@rolldown%2fbinding-linux-x64-gnu set size:undefined disposed:false
2293 silly placeDep ROOT parse5@8.0.0 OK for: @angular/cdk@20.2.5 want: ^8.0.0
2294 silly placeDep ROOT @angular-devkit/schematics@20.3.3 OK for: @angular/cli@20.3.3 want: 20.3.3
2295 silly placeDep ROOT @inquirer/prompts@7.8.2 OK for: @angular/cli@20.3.3 want: 7.8.2
2296 silly placeDep ROOT @listr2/prompt-adapter-inquirer@3.0.1 OK for: @angular/cli@20.3.3 want: 3.0.1
2297 silly placeDep ROOT @modelcontextprotocol/sdk@1.17.3 OK for: @angular/cli@20.3.3 want: 1.17.3
2298 silly placeDep ROOT @schematics/angular@20.3.3 OK for: @angular/cli@20.3.3 want: 20.3.3
2299 silly placeDep ROOT @yarnpkg/lockfile@1.1.0 OK for: @angular/cli@20.3.3 want: 1.1.0
2300 silly placeDep ROOT algoliasearch@5.35.0 OK for: @angular/cli@20.3.3 want: 5.35.0
2301 silly placeDep ROOT ini@5.0.0 OK for: @angular/cli@20.3.3 want: 5.0.0
2302 silly placeDep ROOT npm-package-arg@13.0.0 OK for: @angular/cli@20.3.3 want: 13.0.0
2303 silly placeDep ROOT pacote@21.0.0 OK for: @angular/cli@20.3.3 want: 21.0.0
2304 silly placeDep ROOT resolve@1.22.10 OK for: @angular/cli@20.3.3 want: 1.22.10
2305 silly placeDep ROOT yargs@18.0.0 OK for: @angular/cli@20.3.3 want: 18.0.0
2306 silly placeDep ROOT zod@3.25.76 OK for: @angular/cli@20.3.3 want: 3.25.76
2307 silly fetch manifest @inquirer/input@^4.2.1
2308 silly packumentCache full:https://registry.npmjs.org/@inquirer%2finput cache-miss
2309 silly fetch manifest @inquirer/editor@^4.2.17
2310 silly packumentCache full:https://registry.npmjs.org/@inquirer%2feditor cache-miss
2311 silly fetch manifest @inquirer/expand@^4.0.17
2312 silly packumentCache full:https://registry.npmjs.org/@inquirer%2fexpand cache-miss
2313 silly fetch manifest @inquirer/number@^3.0.17
2314 silly packumentCache full:https://registry.npmjs.org/@inquirer%2fnumber cache-miss
2315 silly fetch manifest @inquirer/search@^3.1.0
2316 silly packumentCache full:https://registry.npmjs.org/@inquirer%2fsearch cache-miss
2317 silly fetch manifest @inquirer/select@^4.3.1
2318 silly packumentCache full:https://registry.npmjs.org/@inquirer%2fselect cache-miss
2319 silly fetch manifest @inquirer/rawlist@^4.1.5
2320 silly packumentCache full:https://registry.npmjs.org/@inquirer%2frawlist cache-miss
2321 silly fetch manifest @inquirer/checkbox@^4.2.1
2322 silly packumentCache full:https://registry.npmjs.org/@inquirer%2fcheckbox cache-miss
2323 silly fetch manifest @inquirer/password@^4.0.17
2324 silly packumentCache full:https://registry.npmjs.org/@inquirer%2fpassword cache-miss
2325 http fetch GET 200 https://registry.npmjs.org/@inquirer%2fexpand 203ms (cache miss)
2326 silly packumentCache full:https://registry.npmjs.org/@inquirer%2fexpand set size:undefined disposed:false
2327 silly fetch manifest @inquirer/type@^3.0.7
2328 silly packumentCache full:https://registry.npmjs.org/@inquirer%2ftype cache-miss
2329 http fetch GET 200 https://registry.npmjs.org/@inquirer%2finput 207ms (cache miss)
2330 silly packumentCache full:https://registry.npmjs.org/@inquirer%2finput set size:undefined disposed:false
2331 silly fetch manifest ajv@^6.12.6
2332 silly packumentCache full:https://registry.npmjs.org/ajv cache-miss
2333 http fetch GET 200 https://registry.npmjs.org/@inquirer%2ftype 16ms (cache hit)
2334 silly packumentCache full:https://registry.npmjs.org/@inquirer%2ftype set size:110497 disposed:false
2335 silly fetch manifest zod@^3.23.8
2336 silly packumentCache full:https://registry.npmjs.org/zod cache-miss
2337 http fetch GET 200 https://registry.npmjs.org/ajv 17ms (cache hit)
2338 silly packumentCache full:https://registry.npmjs.org/ajv set size:1126055 disposed:false
2339 silly fetch manifest cors@^2.8.5
2340 silly packumentCache full:https://registry.npmjs.org/cors cache-miss
2341 http fetch GET 200 https://registry.npmjs.org/@inquirer%2fcheckbox 236ms (cache miss)
2342 silly packumentCache full:https://registry.npmjs.org/@inquirer%2fcheckbox set size:undefined disposed:false
2343 silly fetch manifest express@^5.0.1
2344 silly packumentCache full:https://registry.npmjs.org/express cache-miss
2345 http fetch GET 200 https://registry.npmjs.org/@inquirer%2fnumber 241ms (cache miss)
2346 silly packumentCache full:https://registry.npmjs.org/@inquirer%2fnumber set size:undefined disposed:false
2347 silly fetch manifest raw-body@^3.0.0
2348 silly packumentCache full:https://registry.npmjs.org/raw-body cache-miss
2349 http fetch GET 200 https://registry.npmjs.org/zod 20ms (cache hit)
2350 silly packumentCache full:https://registry.npmjs.org/zod set size:3489329 disposed:false
2351 silly fetch manifest cross-spawn@^7.0.5
2352 silly packumentCache full:https://registry.npmjs.org/cross-spawn cache-miss
2353 http fetch GET 200 https://registry.npmjs.org/@inquirer%2fselect 256ms (cache miss)
2354 silly packumentCache full:https://registry.npmjs.org/@inquirer%2fselect set size:undefined disposed:false
2355 silly fetch manifest eventsource@^3.0.2
2356 silly packumentCache full:https://registry.npmjs.org/eventsource cache-miss
2357 http fetch GET 200 https://registry.npmjs.org/express 19ms (cache hit)
2358 silly packumentCache full:https://registry.npmjs.org/express set size:801222 disposed:false
2359 silly fetch manifest content-type@^1.0.5
2360 silly packumentCache full:https://registry.npmjs.org/content-type cache-miss
2361 http fetch GET 200 https://registry.npmjs.org/@inquirer%2fsearch 264ms (cache miss)
2362 silly packumentCache full:https://registry.npmjs.org/@inquirer%2fsearch set size:undefined disposed:false
2363 silly fetch manifest pkce-challenge@^5.0.0
2364 silly packumentCache full:https://registry.npmjs.org/pkce-challenge cache-miss
2365 http fetch GET 200 https://registry.npmjs.org/raw-body 132ms (cache miss)
2366 silly packumentCache full:https://registry.npmjs.org/raw-body set size:undefined disposed:false
2367 silly fetch manifest eventsource-parser@^3.0.0
2368 silly packumentCache full:https://registry.npmjs.org/eventsource-parser cache-miss
2369 http fetch GET 200 https://registry.npmjs.org/cors 149ms (cache miss)
2370 silly packumentCache full:https://registry.npmjs.org/cors set size:undefined disposed:false
2371 silly fetch manifest express-rate-limit@^7.5.0
2372 silly packumentCache full:https://registry.npmjs.org/express-rate-limit cache-miss
2373 http fetch GET 200 https://registry.npmjs.org/content-type 137ms (cache miss)
2374 silly packumentCache full:https://registry.npmjs.org/content-type set size:undefined disposed:false
2375 silly fetch manifest zod-to-json-schema@^3.24.1
2376 silly packumentCache full:https://registry.npmjs.org/zod-to-json-schema cache-miss
2377 http fetch GET 200 https://registry.npmjs.org/pkce-challenge 140ms (cache miss)
2378 silly packumentCache full:https://registry.npmjs.org/pkce-challenge set size:undefined disposed:false
2379 silly fetch manifest @algolia/abtesting@1.1.0
2380 silly packumentCache full:https://registry.npmjs.org/@algolia%2fabtesting cache-miss
2381 http fetch GET 200 https://registry.npmjs.org/eventsource 151ms (cache miss)
2382 silly packumentCache full:https://registry.npmjs.org/eventsource set size:undefined disposed:false
2383 silly fetch manifest @algolia/ingestion@1.35.0
2384 silly packumentCache full:https://registry.npmjs.org/@algolia%2fingestion cache-miss
2385 http fetch GET 200 https://registry.npmjs.org/cross-spawn 166ms (cache miss)
2386 silly packumentCache full:https://registry.npmjs.org/cross-spawn set size:undefined disposed:false
2387 silly fetch manifest @algolia/recommend@5.35.0
2388 silly packumentCache full:https://registry.npmjs.org/@algolia%2frecommend cache-miss
2389 http fetch GET 200 https://registry.npmjs.org/@inquirer%2frawlist 516ms (cache miss)
2390 silly packumentCache full:https://registry.npmjs.org/@inquirer%2frawlist set size:undefined disposed:false
2391 silly fetch manifest @algolia/monitoring@1.35.0
2392 silly packumentCache full:https://registry.npmjs.org/@algolia%2fmonitoring cache-miss
2393 http fetch GET 200 https://registry.npmjs.org/zod-to-json-schema 137ms (cache miss)
2394 silly packumentCache full:https://registry.npmjs.org/zod-to-json-schema set size:undefined disposed:false
2395 silly fetch manifest @algolia/client-common@5.35.0
2396 silly packumentCache full:https://registry.npmjs.org/@algolia%2fclient-common cache-miss
2397 http fetch GET 200 https://registry.npmjs.org/express-rate-limit 172ms (cache miss)
2398 silly packumentCache full:https://registry.npmjs.org/express-rate-limit set size:undefined disposed:false
2399 silly fetch manifest @algolia/client-search@5.35.0
2400 silly packumentCache full:https://registry.npmjs.org/@algolia%2fclient-search cache-miss
2401 http fetch GET 200 https://registry.npmjs.org/@algolia%2fabtesting 153ms (cache miss)
2402 silly packumentCache full:https://registry.npmjs.org/@algolia%2fabtesting set size:undefined disposed:false
2403 silly fetch manifest @algolia/client-insights@5.35.0
2404 silly packumentCache full:https://registry.npmjs.org/@algolia%2fclient-insights cache-miss
2405 http fetch GET 200 https://registry.npmjs.org/@algolia%2frecommend 209ms (cache miss)
2406 silly packumentCache full:https://registry.npmjs.org/@algolia%2frecommend set size:undefined disposed:false
2407 silly fetch manifest @algolia/requester-fetch@5.35.0
2408 silly packumentCache full:https://registry.npmjs.org/@algolia%2frequester-fetch cache-miss
2409 http fetch GET 200 https://registry.npmjs.org/@inquirer%2feditor 656ms (cache miss)
2410 silly packumentCache full:https://registry.npmjs.org/@inquirer%2feditor set size:undefined disposed:false
2411 silly fetch manifest @algolia/client-abtesting@5.35.0
2412 silly packumentCache full:https://registry.npmjs.org/@algolia%2fclient-abtesting cache-miss
2413 http fetch GET 200 https://registry.npmjs.org/@algolia%2fingestion 252ms (cache miss)
2414 silly packumentCache full:https://registry.npmjs.org/@algolia%2fingestion set size:undefined disposed:false
2415 silly fetch manifest @algolia/client-analytics@5.35.0
2416 silly packumentCache full:https://registry.npmjs.org/@algolia%2fclient-analytics cache-miss
2417 http fetch GET 200 https://registry.npmjs.org/@algolia%2fmonitoring 243ms (cache miss)
2418 silly packumentCache full:https://registry.npmjs.org/@algolia%2fmonitoring set size:undefined disposed:false
2419 silly fetch manifest @algolia/requester-node-http@5.35.0
2420 silly packumentCache full:https://registry.npmjs.org/@algolia%2frequester-node-http cache-miss
2421 http fetch GET 200 https://registry.npmjs.org/@algolia%2fclient-insights 246ms (cache miss)
2422 silly packumentCache full:https://registry.npmjs.org/@algolia%2fclient-insights set size:undefined disposed:false
2423 silly fetch manifest @algolia/requester-browser-xhr@5.35.0
2424 silly packumentCache full:https://registry.npmjs.org/@algolia%2frequester-browser-xhr cache-miss
2425 http fetch GET 200 https://registry.npmjs.org/@algolia%2fclient-search 299ms (cache miss)
2426 silly packumentCache full:https://registry.npmjs.org/@algolia%2fclient-search set size:undefined disposed:false
2427 silly fetch manifest @algolia/client-personalization@5.35.0
2428 silly packumentCache full:https://registry.npmjs.org/@algolia%2fclient-personalization cache-miss
2429 http fetch GET 200 https://registry.npmjs.org/@algolia%2frequester-fetch 244ms (cache miss)
2430 silly packumentCache full:https://registry.npmjs.org/@algolia%2frequester-fetch set size:undefined disposed:false
2431 silly fetch manifest @algolia/client-query-suggestions@5.35.0
2432 silly packumentCache full:https://registry.npmjs.org/@algolia%2fclient-query-suggestions cache-miss
2433 http fetch GET 200 https://registry.npmjs.org/eventsource-parser 543ms (cache miss)
2434 silly packumentCache full:https://registry.npmjs.org/eventsource-parser set size:undefined disposed:false
2435 silly fetch manifest proc-log@^5.0.0
2436 silly packumentCache full:https://registry.npmjs.org/proc-log cache-miss
2437 http fetch GET 200 https://registry.npmjs.org/@algolia%2fclient-abtesting 297ms (cache miss)
2438 silly packumentCache full:https://registry.npmjs.org/@algolia%2fclient-abtesting set size:undefined disposed:false
2439 silly fetch manifest hosted-git-info@^9.0.0
2440 silly packumentCache full:https://registry.npmjs.org/hosted-git-info cache-miss
2441 http fetch GET 200 https://registry.npmjs.org/@inquirer%2fpassword 963ms (cache miss)
2442 silly packumentCache full:https://registry.npmjs.org/@inquirer%2fpassword set size:undefined disposed:false
2443 silly fetch manifest validate-npm-package-name@^6.0.0
2444 silly packumentCache full:https://registry.npmjs.org/validate-npm-package-name cache-miss
2445 http fetch GET 200 https://registry.npmjs.org/@algolia%2frequester-node-http 439ms (cache miss)
2446 silly packumentCache full:https://registry.npmjs.org/@algolia%2frequester-node-http set size:undefined disposed:false
2447 silly fetch manifest tar@^6.1.11
2448 silly packumentCache full:https://registry.npmjs.org/tar cache-miss
2449 http fetch GET 200 https://registry.npmjs.org/@algolia%2fclient-analytics 578ms (cache miss)
2450 silly packumentCache full:https://registry.npmjs.org/@algolia%2fclient-analytics set size:undefined disposed:false
2451 silly fetch manifest ssri@^12.0.0
2452 silly packumentCache full:https://registry.npmjs.org/ssri cache-miss
2453 http fetch GET 200 https://registry.npmjs.org/@algolia%2fclient-common 733ms (cache miss)
2454 silly packumentCache full:https://registry.npmjs.org/@algolia%2fclient-common set size:undefined disposed:false
2455 silly fetch manifest cacache@^19.0.0
2456 silly packumentCache full:https://registry.npmjs.org/cacache cache-miss
2457 http fetch GET 200 https://registry.npmjs.org/proc-log 372ms (cache miss)
2458 silly packumentCache full:https://registry.npmjs.org/proc-log set size:undefined disposed:false
2459 silly fetch manifest minipass@^7.0.2
2460 silly packumentCache full:https://registry.npmjs.org/minipass cache-miss
2461 http fetch GET 200 https://registry.npmjs.org/hosted-git-info 348ms (cache miss)
2462 silly packumentCache full:https://registry.npmjs.org/hosted-git-info set size:undefined disposed:false
2463 silly fetch manifest sigstore@^3.0.0
2464 silly packumentCache full:https://registry.npmjs.org/sigstore cache-miss
2465 http fetch GET 200 https://registry.npmjs.org/@algolia%2frequester-browser-xhr 615ms (cache miss)
2466 silly packumentCache full:https://registry.npmjs.org/@algolia%2frequester-browser-xhr set size:undefined disposed:false
2467 silly fetch manifest @npmcli/git@^6.0.0
2468 silly packumentCache full:https://registry.npmjs.org/@npmcli%2fgit cache-miss
2469 http fetch GET 200 https://registry.npmjs.org/@algolia%2fclient-personalization 573ms (cache miss)
2470 silly packumentCache full:https://registry.npmjs.org/@algolia%2fclient-personalization set size:undefined disposed:false
2471 silly fetch manifest fs-minipass@^3.0.0
2472 silly packumentCache full:https://registry.npmjs.org/fs-minipass cache-miss
2473 http fetch GET 200 https://registry.npmjs.org/validate-npm-package-name 477ms (cache miss)
2474 silly packumentCache full:https://registry.npmjs.org/validate-npm-package-name set size:undefined disposed:false
2475 silly fetch manifest npm-packlist@^10.0.0
2476 silly packumentCache full:https://registry.npmjs.org/npm-packlist cache-miss
2477 http fetch GET 200 https://registry.npmjs.org/@algolia%2fclient-query-suggestions 561ms (cache miss)
2478 silly packumentCache full:https://registry.npmjs.org/@algolia%2fclient-query-suggestions set size:undefined disposed:false
2479 silly fetch manifest promise-retry@^2.0.1
2480 silly packumentCache full:https://registry.npmjs.org/promise-retry cache-miss
2481 http fetch GET 200 https://registry.npmjs.org/ssri 200ms (cache miss)
2482 silly packumentCache full:https://registry.npmjs.org/ssri set size:undefined disposed:false
2483 silly fetch manifest npm-package-arg@^12.0.0
2484 silly packumentCache full:https://registry.npmjs.org/npm-package-arg cache-miss
2485 http fetch GET 200 https://registry.npmjs.org/npm-package-arg 3ms (cache hit)
2486 silly packumentCache full:https://registry.npmjs.org/npm-package-arg set size:131455 disposed:false
2487 silly fetch manifest npm-pick-manifest@^10.0.0
2488 silly packumentCache full:https://registry.npmjs.org/npm-pick-manifest cache-miss
2489 http fetch GET 200 https://registry.npmjs.org/cacache 189ms (cache miss)
2490 silly packumentCache full:https://registry.npmjs.org/cacache set size:undefined disposed:false
2491 silly fetch manifest @npmcli/run-script@^9.0.0
2492 silly packumentCache full:https://registry.npmjs.org/@npmcli%2frun-script cache-miss
2493 http fetch GET 200 https://registry.npmjs.org/minipass 180ms (cache miss)
2494 silly packumentCache full:https://registry.npmjs.org/minipass set size:undefined disposed:false
2495 silly fetch manifest npm-registry-fetch@^18.0.0
2496 silly packumentCache full:https://registry.npmjs.org/npm-registry-fetch cache-miss
2497 http fetch GET 200 https://registry.npmjs.org/fs-minipass 167ms (cache miss)
2498 silly packumentCache full:https://registry.npmjs.org/fs-minipass set size:undefined disposed:false
2499 silly fetch manifest @npmcli/package-json@^6.0.0
2500 silly packumentCache full:https://registry.npmjs.org/@npmcli%2fpackage-json cache-miss
2501 http fetch GET 200 https://registry.npmjs.org/sigstore 298ms (cache miss)
2502 silly packumentCache full:https://registry.npmjs.org/sigstore set size:undefined disposed:false
2503 silly fetch manifest @npmcli/promise-spawn@^8.0.0
2504 silly packumentCache full:https://registry.npmjs.org/@npmcli%2fpromise-spawn cache-miss
2505 http fetch GET 200 https://registry.npmjs.org/npm-packlist 185ms (cache miss)
2506 silly packumentCache full:https://registry.npmjs.org/npm-packlist set size:undefined disposed:false
2507 silly fetch manifest @npmcli/installed-package-contents@^3.0.0
2508 silly packumentCache full:https://registry.npmjs.org/@npmcli%2finstalled-package-contents cache-miss
2509 http fetch GET 200 https://registry.npmjs.org/npm-registry-fetch 158ms (cache miss)
2510 silly packumentCache full:https://registry.npmjs.org/npm-registry-fetch set size:undefined disposed:false
2511 silly fetch manifest path-parse@^1.0.7
2512 silly packumentCache full:https://registry.npmjs.org/path-parse cache-miss
2513 http fetch GET 200 https://registry.npmjs.org/@npmcli%2frun-script 177ms (cache miss)
2514 silly packumentCache full:https://registry.npmjs.org/@npmcli%2frun-script set size:undefined disposed:false
2515 silly fetch manifest is-core-module@^2.16.0
2516 silly packumentCache full:https://registry.npmjs.org/is-core-module cache-miss
2517 http fetch GET 200 https://registry.npmjs.org/@npmcli%2fgit 223ms (cache miss)
2518 silly packumentCache full:https://registry.npmjs.org/@npmcli%2fgit set size:undefined disposed:false
2519 silly fetch manifest supports-preserve-symlinks-flag@^1.0.0
2520 silly packumentCache full:https://registry.npmjs.org/supports-preserve-symlinks-flag cache-miss
2521 http fetch GET 200 https://registry.npmjs.org/npm-pick-manifest 196ms (cache miss)
2522 silly packumentCache full:https://registry.npmjs.org/npm-pick-manifest set size:undefined disposed:false
2523 silly fetch manifest cliui@^9.0.1
2524 silly packumentCache full:https://registry.npmjs.org/cliui cache-miss
2525 http fetch GET 200 https://registry.npmjs.org/promise-retry 241ms (cache miss)
2526 silly packumentCache full:https://registry.npmjs.org/promise-retry set size:undefined disposed:false
2527 silly fetch manifest escalade@^3.1.1
2528 silly packumentCache full:https://registry.npmjs.org/escalade cache-miss
2529 http fetch GET 200 https://registry.npmjs.org/tar 483ms (cache miss)
2530 silly packumentCache full:https://registry.npmjs.org/tar set size:undefined disposed:false
2531 silly fetch manifest get-caller-file@^2.0.5
2532 silly packumentCache full:https://registry.npmjs.org/get-caller-file cache-miss
2533 http fetch GET 200 https://registry.npmjs.org/path-parse 146ms (cache miss)
2534 silly packumentCache full:https://registry.npmjs.org/path-parse set size:undefined disposed:false
2535 silly fetch manifest y18n@^5.0.5
2536 silly packumentCache full:https://registry.npmjs.org/y18n cache-miss
2537 http fetch GET 200 https://registry.npmjs.org/@npmcli%2finstalled-package-contents 183ms (cache miss)
2538 silly packumentCache full:https://registry.npmjs.org/@npmcli%2finstalled-package-contents set size:undefined disposed:false
2539 silly fetch manifest yargs-parser@^22.0.0
2540 silly packumentCache full:https://registry.npmjs.org/yargs-parser cache-miss
2541 http fetch GET 200 https://registry.npmjs.org/@npmcli%2fpackage-json 210ms (cache miss)
2542 silly packumentCache full:https://registry.npmjs.org/@npmcli%2fpackage-json set size:undefined disposed:false
2543 http fetch GET 200 https://registry.npmjs.org/supports-preserve-symlinks-flag 169ms (cache miss)
2544 silly packumentCache full:https://registry.npmjs.org/supports-preserve-symlinks-flag set size:undefined disposed:false
2545 http fetch GET 200 https://registry.npmjs.org/is-core-module 171ms (cache miss)
2546 silly packumentCache full:https://registry.npmjs.org/is-core-module set size:undefined disposed:false
2547 http fetch GET 200 https://registry.npmjs.org/escalade 145ms (cache miss)
2548 silly packumentCache full:https://registry.npmjs.org/escalade set size:undefined disposed:false
2549 http fetch GET 200 https://registry.npmjs.org/cliui 187ms (cache miss)
2550 silly packumentCache full:https://registry.npmjs.org/cliui set size:undefined disposed:false
2551 http fetch GET 200 https://registry.npmjs.org/y18n 141ms (cache miss)
2552 silly packumentCache full:https://registry.npmjs.org/y18n set size:undefined disposed:false
2553 http fetch GET 200 https://registry.npmjs.org/get-caller-file 229ms (cache miss)
2554 silly packumentCache full:https://registry.npmjs.org/get-caller-file set size:undefined disposed:false
2555 http fetch GET 200 https://registry.npmjs.org/yargs-parser 183ms (cache miss)
2556 silly packumentCache full:https://registry.npmjs.org/yargs-parser set size:undefined disposed:false
2557 http fetch GET 200 https://registry.npmjs.org/@npmcli%2fpromise-spawn 485ms (cache miss)
2558 silly packumentCache full:https://registry.npmjs.org/@npmcli%2fpromise-spawn set size:undefined disposed:false
2559 silly placeDep node_modules/@angular-devkit/schematics rxjs@7.8.2 OK for: @angular-devkit/schematics@20.3.3 want: 7.8.2
2560 silly placeDep ROOT @jridgewell/sourcemap-codec@1.5.5 OK for: @angular/compiler-cli@20.3.2 want: ^1.4.14
2561 silly placeDep ROOT chokidar@4.0.3 OK for: @angular/compiler-cli@20.3.2 want: ^4.0.0
2562 silly placeDep ROOT convert-source-map@1.9.0 OK for: @angular/compiler-cli@20.3.2 want: ^1.5.1
2563 silly placeDep ROOT reflect-metadata@0.2.2 OK for: @angular/compiler-cli@20.3.2 want: ^0.2.0
2564 silly fetch manifest readdirp@^4.0.1
2565 silly packumentCache full:https://registry.npmjs.org/readdirp cache-miss
2566 http fetch GET 200 https://registry.npmjs.org/readdirp 136ms (cache miss)
2567 silly packumentCache full:https://registry.npmjs.org/readdirp set size:undefined disposed:false
2568 silly placeDep ROOT @babel/code-frame@7.28.6 OK for: @babel/core@7.28.3 want: ^7.27.1
2569 silly placeDep ROOT @babel/helper-compilation-targets@7.28.6 OK for: @babel/core@7.28.3 want: ^7.27.2
2570 silly placeDep ROOT @babel/helper-module-transforms@7.28.6 OK for: @babel/core@7.28.3 want: ^7.28.3
2571 silly placeDep ROOT @babel/helpers@7.28.6 OK for: @babel/core@7.28.3 want: ^7.28.3
2572 silly placeDep ROOT @babel/parser@7.28.6 OK for: @babel/core@7.28.3 want: ^7.28.3
2573 silly placeDep ROOT @babel/template@7.28.6 OK for: @babel/core@7.28.3 want: ^7.27.2
2574 silly placeDep ROOT @babel/traverse@7.28.6 OK for: @babel/core@7.28.3 want: ^7.28.3
2575 silly placeDep ROOT @babel/types@7.28.6 OK for: @babel/core@7.28.3 want: ^7.28.2
2576 silly placeDep node_modules/@babel/core convert-source-map@2.0.0 OK for: @babel/core@7.28.3 want: ^2.0.0
2577 silly placeDep ROOT debug@4.4.3 OK for: @babel/core@7.28.3 want: ^4.1.0
2578 silly placeDep ROOT gensync@1.0.0-beta.2 OK for: @babel/core@7.28.3 want: ^1.0.0-beta.2
2579 silly placeDep ROOT json5@2.2.3 OK for: @babel/core@7.28.3 want: ^2.2.3
2580 silly placeDep node_modules/@babel/core semver@6.3.1 OK for: @babel/core@7.28.3 want: ^6.3.1
2581 silly fetch manifest @babel/helper-validator-identifier@^7.28.5
2582 silly packumentCache full:https://registry.npmjs.org/@babel%2fhelper-validator-identifier cache-miss
2583 silly fetch manifest js-tokens@^4.0.0
2584 silly packumentCache full:https://registry.npmjs.org/js-tokens cache-miss
2585 silly fetch manifest @babel/compat-data@^7.28.6
2586 silly packumentCache full:https://registry.npmjs.org/@babel%2fcompat-data cache-miss
2587 silly fetch manifest lru-cache@^5.1.1
2588 silly packumentCache full:https://registry.npmjs.org/lru-cache cache-miss
2589 silly fetch manifest @babel/helper-module-imports@^7.28.6
2590 silly packumentCache full:https://registry.npmjs.org/@babel%2fhelper-module-imports cache-miss
2591 silly fetch manifest @babel/helper-validator-identifier@^7.28.5
2592 silly packumentCache full:https://registry.npmjs.org/@babel%2fhelper-validator-identifier cache-miss
2593 silly fetch manifest @babel/traverse@^7.28.6
2594 silly packumentCache full:https://registry.npmjs.org/@babel%2ftraverse cache-hit
2595 silly fetch manifest @babel/template@^7.28.6
2596 silly packumentCache full:https://registry.npmjs.org/@babel%2ftemplate cache-miss
2597 silly fetch manifest @babel/types@^7.28.6
2598 silly packumentCache full:https://registry.npmjs.org/@babel%2ftypes cache-hit
2599 silly fetch manifest @babel/generator@^7.28.6
2600 silly packumentCache full:https://registry.npmjs.org/@babel%2fgenerator cache-hit
2601 silly fetch manifest @babel/helper-globals@^7.28.0
2602 silly packumentCache full:https://registry.npmjs.org/@babel%2fhelper-globals cache-miss
2603 silly fetch manifest debug@^4.3.1
2604 silly packumentCache full:https://registry.npmjs.org/debug cache-hit
2605 silly fetch manifest @babel/helper-string-parser@^7.27.1
2606 silly packumentCache full:https://registry.npmjs.org/@babel%2fhelper-string-parser cache-miss
2607 http fetch GET 200 https://registry.npmjs.org/@babel%2ftemplate 7ms (cache hit)
2608 silly packumentCache full:https://registry.npmjs.org/@babel%2ftemplate set size:221398 disposed:false
2609 silly fetch manifest @babel/helper-validator-identifier@^7.28.5
2610 silly packumentCache full:https://registry.npmjs.org/@babel%2fhelper-validator-identifier cache-miss
2611 http fetch GET 200 https://registry.npmjs.org/@babel%2fcompat-data 11ms (cache hit)
2612 silly packumentCache full:https://registry.npmjs.org/@babel%2fcompat-data set size:297216 disposed:false
2613 silly fetch manifest ms@^2.1.3
2614 silly packumentCache full:https://registry.npmjs.org/ms cache-miss
2615 http fetch GET 200 https://registry.npmjs.org/@babel%2fhelper-module-imports 12ms (cache hit)
2616 silly packumentCache full:https://registry.npmjs.org/@babel%2fhelper-module-imports set size:187679 disposed:false
2617 http fetch GET 200 https://registry.npmjs.org/ms 230ms (cache miss)
2618 silly packumentCache full:https://registry.npmjs.org/ms set size:undefined disposed:false
2619 http fetch GET 200 https://registry.npmjs.org/js-tokens 244ms (cache miss)
2620 silly packumentCache full:https://registry.npmjs.org/js-tokens set size:undefined disposed:false
2621 http fetch GET 200 https://registry.npmjs.org/lru-cache 248ms (cache miss)
2622 silly packumentCache full:https://registry.npmjs.org/lru-cache set size:undefined disposed:false
2623 http fetch GET 200 https://registry.npmjs.org/@babel%2fhelper-validator-identifier 258ms (cache miss)
2624 silly packumentCache full:https://registry.npmjs.org/@babel%2fhelper-validator-identifier set size:undefined disposed:false
2625 http fetch GET 200 https://registry.npmjs.org/@babel%2fhelper-validator-identifier 249ms (cache miss)
2626 silly packumentCache full:https://registry.npmjs.org/@babel%2fhelper-validator-identifier set size:undefined disposed:false
2627 http fetch GET 200 https://registry.npmjs.org/@babel%2fhelper-globals 260ms (cache miss)
2628 silly packumentCache full:https://registry.npmjs.org/@babel%2fhelper-globals set size:undefined disposed:false
2629 http fetch GET 200 https://registry.npmjs.org/@babel%2fhelper-validator-identifier 264ms (cache miss)
2630 silly packumentCache full:https://registry.npmjs.org/@babel%2fhelper-validator-identifier set size:undefined disposed:false
2631 http fetch GET 200 https://registry.npmjs.org/@babel%2fhelper-string-parser 324ms (cache miss)
2632 silly packumentCache full:https://registry.npmjs.org/@babel%2fhelper-string-parser set size:undefined disposed:false
2633 silly placeDep ROOT @babel/helper-validator-identifier@7.28.5 OK for: @babel/code-frame@7.28.6 want: ^7.28.5
2634 silly placeDep ROOT js-tokens@4.0.0 OK for: @babel/code-frame@7.28.6 want: ^4.0.0
2635 silly placeDep ROOT picocolors@1.1.1 OK for: @babel/code-frame@7.28.6 want: ^1.1.1
2636 silly placeDep ROOT jsesc@3.1.0 OK for: @babel/generator@7.28.3 want: ^3.0.2
2637 silly placeDep ROOT @babel/compat-data@7.28.6 OK for: @babel/helper-compilation-targets@7.28.6 want: ^7.28.6
2638 silly placeDep ROOT @babel/helper-validator-option@7.27.1 OK for: @babel/helper-compilation-targets@7.28.6 want: ^7.27.1
2639 silly placeDep ROOT lru-cache@5.1.1 OK for: @babel/helper-compilation-targets@7.28.6 want: ^5.1.1
2640 silly placeDep node_modules/@babel/helper-compilation-targets semver@6.3.1 OK for: @babel/helper-compilation-targets@7.28.6 want: ^6.3.1
2641 silly fetch manifest yallist@^3.0.2
2642 silly packumentCache full:https://registry.npmjs.org/yallist cache-miss
2643 http fetch GET 200 https://registry.npmjs.org/yallist 157ms (cache miss)
2644 silly packumentCache full:https://registry.npmjs.org/yallist set size:undefined disposed:false
2645 silly placeDep ROOT @babel/helper-module-imports@7.28.6 OK for: @babel/helper-module-transforms@7.28.6 want: ^7.28.6
2646 silly placeDep ROOT @babel/helper-plugin-utils@7.28.6 OK for: @babel/plugin-transform-async-generator-functions@7.28.0 want: ^7.27.1
2647 silly placeDep ROOT @babel/helper-remap-async-to-generator@7.27.1 OK for: @babel/plugin-transform-async-generator-functions@7.28.0 want: ^7.27.1
2648 silly fetch manifest @babel/helper-wrap-function@^7.27.1
2649 silly packumentCache full:https://registry.npmjs.org/@babel%2fhelper-wrap-function cache-miss
2650 http fetch GET 200 https://registry.npmjs.org/@babel%2fhelper-wrap-function 214ms (cache miss)
2651 silly packumentCache full:https://registry.npmjs.org/@babel%2fhelper-wrap-function set size:undefined disposed:false
2652 silly placeDep ROOT @babel/helper-wrap-function@7.28.6 OK for: @babel/helper-remap-async-to-generator@7.27.1 want: ^7.27.1
2653 silly placeDep ROOT babel-plugin-polyfill-corejs2@0.4.15 OK for: @babel/plugin-transform-runtime@7.28.3 want: ^0.4.14
2654 silly placeDep ROOT babel-plugin-polyfill-corejs3@0.13.0 OK for: @babel/plugin-transform-runtime@7.28.3 want: ^0.13.0
2655 silly placeDep ROOT babel-plugin-polyfill-regenerator@0.6.6 OK for: @babel/plugin-transform-runtime@7.28.3 want: ^0.6.5
2656 silly placeDep node_modules/@babel/plugin-transform-runtime semver@6.3.1 OK for: @babel/plugin-transform-runtime@7.28.3 want: ^6.3.1
2657 silly fetch manifest @babel/helper-define-polyfill-provider@^0.6.6
2658 silly packumentCache full:https://registry.npmjs.org/@babel%2fhelper-define-polyfill-provider cache-miss
2659 silly fetch manifest @babel/helper-define-polyfill-provider@^0.6.5
2660 silly packumentCache full:https://registry.npmjs.org/@babel%2fhelper-define-polyfill-provider cache-miss
2661 silly fetch manifest @babel/helper-define-polyfill-provider@^0.6.6
2662 silly packumentCache full:https://registry.npmjs.org/@babel%2fhelper-define-polyfill-provider cache-miss
2663 http fetch GET 200 https://registry.npmjs.org/@babel%2fhelper-define-polyfill-provider 173ms (cache miss)
2664 silly packumentCache full:https://registry.npmjs.org/@babel%2fhelper-define-polyfill-provider set size:undefined disposed:false
2665 http fetch GET 200 https://registry.npmjs.org/@babel%2fhelper-define-polyfill-provider 174ms (cache miss)
2666 silly packumentCache full:https://registry.npmjs.org/@babel%2fhelper-define-polyfill-provider set size:undefined disposed:false
2667 http fetch GET 200 https://registry.npmjs.org/@babel%2fhelper-define-polyfill-provider 205ms (cache miss)
2668 silly packumentCache full:https://registry.npmjs.org/@babel%2fhelper-define-polyfill-provider set size:undefined disposed:false
2669 silly placeDep ROOT @babel/plugin-bugfix-firefox-class-in-computed-class-key@7.28.5 OK for: @babel/preset-env@7.28.3 want: ^7.27.1
2670 silly placeDep ROOT @babel/plugin-bugfix-safari-class-field-initializer-scope@7.27.1 OK for: @babel/preset-env@7.28.3 want: ^7.27.1
2671 silly placeDep ROOT @babel/plugin-bugfix-safari-id-destructuring-collision-in-function-expression@7.27.1 OK for: @babel/preset-env@7.28.3 want: ^7.27.1
2672 silly placeDep ROOT @babel/plugin-bugfix-v8-spread-parameters-in-optional-chaining@7.27.1 OK for: @babel/preset-env@7.28.3 want: ^7.27.1
2673 silly placeDep ROOT @babel/plugin-bugfix-v8-static-class-fields-redefine-readonly@7.28.6 OK for: @babel/preset-env@7.28.3 want: ^7.28.3
2674 silly placeDep ROOT @babel/plugin-proposal-private-property-in-object@7.21.0-placeholder-for-preset-env.2 OK for: @babel/preset-env@7.28.3 want: 7.21.0-placeholder-for-preset-env.2
2675 silly placeDep ROOT @babel/plugin-syntax-import-assertions@7.28.6 OK for: @babel/preset-env@7.28.3 want: ^7.27.1
2676 silly placeDep ROOT @babel/plugin-syntax-import-attributes@7.28.6 OK for: @babel/preset-env@7.28.3 want: ^7.27.1
2677 silly placeDep ROOT @babel/plugin-syntax-unicode-sets-regex@7.18.6 OK for: @babel/preset-env@7.28.3 want: ^7.18.6
2678 silly placeDep ROOT @babel/plugin-transform-arrow-functions@7.27.1 OK for: @babel/preset-env@7.28.3 want: ^7.27.1
2679 silly placeDep ROOT @babel/plugin-transform-block-scoped-functions@7.27.1 OK for: @babel/preset-env@7.28.3 want: ^7.27.1
2680 silly placeDep ROOT @babel/plugin-transform-block-scoping@7.28.6 OK for: @babel/preset-env@7.28.3 want: ^7.28.0
2681 silly placeDep ROOT @babel/plugin-transform-class-properties@7.28.6 OK for: @babel/preset-env@7.28.3 want: ^7.27.1
2682 silly placeDep ROOT @babel/plugin-transform-class-static-block@7.28.6 OK for: @babel/preset-env@7.28.3 want: ^7.28.3
2683 silly placeDep ROOT @babel/plugin-transform-classes@7.28.6 OK for: @babel/preset-env@7.28.3 want: ^7.28.3
2684 silly placeDep ROOT @babel/plugin-transform-computed-properties@7.28.6 OK for: @babel/preset-env@7.28.3 want: ^7.27.1
2685 silly placeDep ROOT @babel/plugin-transform-destructuring@7.28.5 OK for: @babel/preset-env@7.28.3 want: ^7.28.0
2686 silly placeDep ROOT @babel/plugin-transform-dotall-regex@7.28.6 OK for: @babel/preset-env@7.28.3 want: ^7.27.1
2687 silly placeDep ROOT @babel/plugin-transform-duplicate-keys@7.27.1 OK for: @babel/preset-env@7.28.3 want: ^7.27.1
2688 silly placeDep ROOT @babel/plugin-transform-duplicate-named-capturing-groups-regex@7.28.6 OK for: @babel/preset-env@7.28.3 want: ^7.27.1
2689 silly placeDep ROOT @babel/plugin-transform-dynamic-import@7.27.1 OK for: @babel/preset-env@7.28.3 want: ^7.27.1
2690 silly placeDep ROOT @babel/plugin-transform-explicit-resource-management@7.28.6 OK for: @babel/preset-env@7.28.3 want: ^7.28.0
2691 silly placeDep ROOT @babel/plugin-transform-exponentiation-operator@7.28.6 OK for: @babel/preset-env@7.28.3 want: ^7.27.1
2692 silly placeDep ROOT @babel/plugin-transform-export-namespace-from@7.27.1 OK for: @babel/preset-env@7.28.3 want: ^7.27.1
2693 silly placeDep ROOT @babel/plugin-transform-for-of@7.27.1 OK for: @babel/preset-env@7.28.3 want: ^7.27.1
2694 silly placeDep ROOT @babel/plugin-transform-function-name@7.27.1 OK for: @babel/preset-env@7.28.3 want: ^7.27.1
2695 silly placeDep ROOT @babel/plugin-transform-json-strings@7.28.6 OK for: @babel/preset-env@7.28.3 want: ^7.27.1
2696 silly placeDep ROOT @babel/plugin-transform-literals@7.27.1 OK for: @babel/preset-env@7.28.3 want: ^7.27.1
2697 silly placeDep ROOT @babel/plugin-transform-logical-assignment-operators@7.28.6 OK for: @babel/preset-env@7.28.3 want: ^7.27.1
2698 silly placeDep ROOT @babel/plugin-transform-member-expression-literals@7.27.1 OK for: @babel/preset-env@7.28.3 want: ^7.27.1
2699 silly placeDep ROOT @babel/plugin-transform-modules-amd@7.27.1 OK for: @babel/preset-env@7.28.3 want: ^7.27.1
2700 silly placeDep ROOT @babel/plugin-transform-modules-commonjs@7.28.6 OK for: @babel/preset-env@7.28.3 want: ^7.27.1
2701 silly placeDep ROOT @babel/plugin-transform-modules-systemjs@7.28.5 OK for: @babel/preset-env@7.28.3 want: ^7.27.1
2702 silly placeDep ROOT @babel/plugin-transform-modules-umd@7.27.1 OK for: @babel/preset-env@7.28.3 want: ^7.27.1
2703 silly placeDep ROOT @babel/plugin-transform-named-capturing-groups-regex@7.27.1 OK for: @babel/preset-env@7.28.3 want: ^7.27.1
2704 silly placeDep ROOT @babel/plugin-transform-new-target@7.27.1 OK for: @babel/preset-env@7.28.3 want: ^7.27.1
2705 silly placeDep ROOT @babel/plugin-transform-nullish-coalescing-operator@7.28.6 OK for: @babel/preset-env@7.28.3 want: ^7.27.1
2706 silly placeDep ROOT @babel/plugin-transform-numeric-separator@7.28.6 OK for: @babel/preset-env@7.28.3 want: ^7.27.1
2707 silly placeDep ROOT @babel/plugin-transform-object-rest-spread@7.28.6 OK for: @babel/preset-env@7.28.3 want: ^7.28.0
2708 silly placeDep ROOT @babel/plugin-transform-object-super@7.27.1 OK for: @babel/preset-env@7.28.3 want: ^7.27.1
2709 silly placeDep ROOT @babel/plugin-transform-optional-catch-binding@7.28.6 OK for: @babel/preset-env@7.28.3 want: ^7.27.1
2710 silly placeDep ROOT @babel/plugin-transform-optional-chaining@7.28.6 OK for: @babel/preset-env@7.28.3 want: ^7.27.1
2711 silly placeDep ROOT @babel/plugin-transform-parameters@7.27.7 OK for: @babel/preset-env@7.28.3 want: ^7.27.7
2712 silly placeDep ROOT @babel/plugin-transform-private-methods@7.28.6 OK for: @babel/preset-env@7.28.3 want: ^7.27.1
2713 silly placeDep ROOT @babel/plugin-transform-private-property-in-object@7.28.6 OK for: @babel/preset-env@7.28.3 want: ^7.27.1
2714 silly placeDep ROOT @babel/plugin-transform-property-literals@7.27.1 OK for: @babel/preset-env@7.28.3 want: ^7.27.1
2715 silly placeDep ROOT @babel/plugin-transform-regenerator@7.28.6 OK for: @babel/preset-env@7.28.3 want: ^7.28.3
2716 silly placeDep ROOT @babel/plugin-transform-regexp-modifiers@7.28.6 OK for: @babel/preset-env@7.28.3 want: ^7.27.1
2717 silly placeDep ROOT @babel/plugin-transform-reserved-words@7.27.1 OK for: @babel/preset-env@7.28.3 want: ^7.27.1
2718 silly placeDep ROOT @babel/plugin-transform-shorthand-properties@7.27.1 OK for: @babel/preset-env@7.28.3 want: ^7.27.1
2719 silly placeDep ROOT @babel/plugin-transform-spread@7.28.6 OK for: @babel/preset-env@7.28.3 want: ^7.27.1
2720 silly placeDep ROOT @babel/plugin-transform-sticky-regex@7.27.1 OK for: @babel/preset-env@7.28.3 want: ^7.27.1
2721 silly placeDep ROOT @babel/plugin-transform-template-literals@7.27.1 OK for: @babel/preset-env@7.28.3 want: ^7.27.1
2722 silly placeDep ROOT @babel/plugin-transform-typeof-symbol@7.27.1 OK for: @babel/preset-env@7.28.3 want: ^7.27.1
2723 silly placeDep ROOT @babel/plugin-transform-unicode-escapes@7.27.1 OK for: @babel/preset-env@7.28.3 want: ^7.27.1
2724 silly placeDep ROOT @babel/plugin-transform-unicode-property-regex@7.28.6 OK for: @babel/preset-env@7.28.3 want: ^7.27.1
2725 silly placeDep ROOT @babel/plugin-transform-unicode-regex@7.27.1 OK for: @babel/preset-env@7.28.3 want: ^7.27.1
2726 silly placeDep ROOT @babel/plugin-transform-unicode-sets-regex@7.28.6 OK for: @babel/preset-env@7.28.3 want: ^7.27.1
2727 silly placeDep ROOT @babel/preset-modules@0.1.6-no-external-plugins OK for: @babel/preset-env@7.28.3 want: 0.1.6-no-external-plugins
2728 silly placeDep ROOT core-js-compat@3.48.0 OK for: @babel/preset-env@7.28.3 want: ^3.43.0
2729 silly placeDep node_modules/@babel/preset-env semver@6.3.1 OK for: @babel/preset-env@7.28.3 want: ^6.3.1
2730 silly fetch manifest @babel/helper-skip-transparent-expression-wrappers@^7.27.1
2731 silly packumentCache full:https://registry.npmjs.org/@babel%2fhelper-skip-transparent-expression-wrappers cache-miss
2732 silly fetch manifest @babel/helper-create-regexp-features-plugin@^7.18.6
2733 silly packumentCache full:https://registry.npmjs.org/@babel%2fhelper-create-regexp-features-plugin cache-miss
2734 silly fetch manifest @babel/helper-create-class-features-plugin@^7.28.6
2735 silly packumentCache full:https://registry.npmjs.org/@babel%2fhelper-create-class-features-plugin cache-miss
2736 silly fetch manifest @babel/helper-create-class-features-plugin@^7.28.6
2737 silly packumentCache full:https://registry.npmjs.org/@babel%2fhelper-create-class-features-plugin cache-miss
2738 silly fetch manifest @babel/helper-replace-supers@^7.28.6
2739 silly packumentCache full:https://registry.npmjs.org/@babel%2fhelper-replace-supers cache-miss
2740 silly fetch manifest @babel/helper-create-regexp-features-plugin@^7.28.5
2741 silly packumentCache full:https://registry.npmjs.org/@babel%2fhelper-create-regexp-features-plugin cache-miss
2742 silly fetch manifest @babel/helper-create-regexp-features-plugin@^7.28.5
2743 silly packumentCache full:https://registry.npmjs.org/@babel%2fhelper-create-regexp-features-plugin cache-miss
2744 silly fetch manifest @babel/helper-skip-transparent-expression-wrappers@^7.27.1
2745 silly packumentCache full:https://registry.npmjs.org/@babel%2fhelper-skip-transparent-expression-wrappers cache-miss
2746 silly fetch manifest @babel/helper-create-regexp-features-plugin@^7.27.1
2747 silly packumentCache full:https://registry.npmjs.org/@babel%2fhelper-create-regexp-features-plugin cache-miss
2748 http fetch GET 200 https://registry.npmjs.org/@babel%2fhelper-skip-transparent-expression-wrappers 184ms (cache miss)
2749 silly packumentCache full:https://registry.npmjs.org/@babel%2fhelper-skip-transparent-expression-wrappers set size:undefined disposed:false
2750 silly fetch manifest @babel/helper-replace-supers@^7.27.1
2751 silly packumentCache full:https://registry.npmjs.org/@babel%2fhelper-replace-supers cache-miss
2752 http fetch GET 200 https://registry.npmjs.org/@babel%2fhelper-create-regexp-features-plugin 197ms (cache miss)
2753 silly packumentCache full:https://registry.npmjs.org/@babel%2fhelper-create-regexp-features-plugin set size:undefined disposed:false
2754 silly fetch manifest @babel/helper-create-class-features-plugin@^7.28.6
2755 silly packumentCache full:https://registry.npmjs.org/@babel%2fhelper-create-class-features-plugin cache-miss
2756 http fetch GET 200 https://registry.npmjs.org/@babel%2fhelper-create-regexp-features-plugin 208ms (cache miss)
2757 silly packumentCache full:https://registry.npmjs.org/@babel%2fhelper-create-regexp-features-plugin set size:undefined disposed:false
2758 silly fetch manifest @babel/helper-create-class-features-plugin@^7.28.6
2759 silly packumentCache full:https://registry.npmjs.org/@babel%2fhelper-create-class-features-plugin cache-miss
2760 http fetch GET 200 https://registry.npmjs.org/@babel%2fhelper-create-regexp-features-plugin 208ms (cache miss)
2761 silly packumentCache full:https://registry.npmjs.org/@babel%2fhelper-create-regexp-features-plugin set size:undefined disposed:false
2762 silly fetch manifest esutils@^2.0.2
2763 silly packumentCache full:https://registry.npmjs.org/esutils cache-miss
2764 http fetch GET 200 https://registry.npmjs.org/@babel%2fhelper-skip-transparent-expression-wrappers 209ms (cache miss)
2765 silly packumentCache full:https://registry.npmjs.org/@babel%2fhelper-skip-transparent-expression-wrappers set size:undefined disposed:false
2766 http fetch GET 200 https://registry.npmjs.org/@babel%2fhelper-replace-supers 238ms (cache miss)
2767 silly packumentCache full:https://registry.npmjs.org/@babel%2fhelper-replace-supers set size:undefined disposed:false
2768 http fetch GET 200 https://registry.npmjs.org/@babel%2fhelper-create-regexp-features-plugin 323ms (cache miss)
2769 silly packumentCache full:https://registry.npmjs.org/@babel%2fhelper-create-regexp-features-plugin set size:undefined disposed:false
2770 http fetch GET 200 https://registry.npmjs.org/esutils 139ms (cache miss)
2771 silly packumentCache full:https://registry.npmjs.org/esutils set size:undefined disposed:false
2772 http fetch GET 200 https://registry.npmjs.org/@babel%2fhelper-replace-supers 272ms (cache miss)
2773 silly packumentCache full:https://registry.npmjs.org/@babel%2fhelper-replace-supers set size:undefined disposed:false
2774 http fetch GET 200 https://registry.npmjs.org/@babel%2fhelper-create-class-features-plugin 309ms (cache miss)
2775 silly packumentCache full:https://registry.npmjs.org/@babel%2fhelper-create-class-features-plugin set size:undefined disposed:false
2776 http fetch GET 200 https://registry.npmjs.org/@babel%2fhelper-create-class-features-plugin 532ms (cache miss)
2777 silly packumentCache full:https://registry.npmjs.org/@babel%2fhelper-create-class-features-plugin set size:undefined disposed:false
2778 http fetch GET 200 https://registry.npmjs.org/@babel%2fhelper-create-class-features-plugin 323ms (cache miss)
2779 silly packumentCache full:https://registry.npmjs.org/@babel%2fhelper-create-class-features-plugin set size:undefined disposed:false
2780 http fetch GET 200 https://registry.npmjs.org/@babel%2fhelper-create-class-features-plugin 1191ms (cache miss)
2781 silly packumentCache full:https://registry.npmjs.org/@babel%2fhelper-create-class-features-plugin set size:undefined disposed:false
2782 silly placeDep ROOT @babel/helper-skip-transparent-expression-wrappers@7.27.1 OK for: @babel/plugin-bugfix-v8-spread-parameters-in-optional-chaining@7.27.1 want: ^7.27.1
2783 silly placeDep ROOT @babel/helper-create-regexp-features-plugin@7.28.5 OK for: @babel/plugin-syntax-unicode-sets-regex@7.18.6 want: ^7.18.6
2784 silly fetch manifest regexpu-core@^6.3.1
2785 silly packumentCache full:https://registry.npmjs.org/regexpu-core cache-miss
2786 http fetch GET 200 https://registry.npmjs.org/regexpu-core 193ms (cache miss)
2787 silly packumentCache full:https://registry.npmjs.org/regexpu-core set size:undefined disposed:false
2788 silly placeDep ROOT regexpu-core@6.4.0 OK for: @babel/helper-create-regexp-features-plugin@7.28.5 want: ^6.3.1
2789 silly placeDep node_modules/@babel/helper-create-regexp-features-plugin semver@6.3.1 OK for: @babel/helper-create-regexp-features-plugin@7.28.5 want: ^6.3.1
2790 silly fetch manifest regenerate@^1.4.2
2791 silly packumentCache full:https://registry.npmjs.org/regenerate cache-miss
2792 silly fetch manifest regenerate-unicode-properties@^10.2.2
2793 silly packumentCache full:https://registry.npmjs.org/regenerate-unicode-properties cache-miss
2794 silly fetch manifest regjsgen@^0.8.0
2795 silly packumentCache full:https://registry.npmjs.org/regjsgen cache-miss
2796 silly fetch manifest regjsparser@^0.13.0
2797 silly packumentCache full:https://registry.npmjs.org/regjsparser cache-miss
2798 silly fetch manifest unicode-match-property-ecmascript@^2.0.0
2799 silly packumentCache full:https://registry.npmjs.org/unicode-match-property-ecmascript cache-miss
2800 silly fetch manifest unicode-match-property-value-ecmascript@^2.2.1
2801 silly packumentCache full:https://registry.npmjs.org/unicode-match-property-value-ecmascript cache-miss
2802 http fetch GET 200 https://registry.npmjs.org/unicode-match-property-ecmascript 122ms (cache miss)
2803 silly packumentCache full:https://registry.npmjs.org/unicode-match-property-ecmascript set size:undefined disposed:false
2804 http fetch GET 200 https://registry.npmjs.org/regjsparser 126ms (cache miss)
2805 silly packumentCache full:https://registry.npmjs.org/regjsparser set size:undefined disposed:false
2806 http fetch GET 200 https://registry.npmjs.org/regjsgen 137ms (cache miss)
2807 silly packumentCache full:https://registry.npmjs.org/regjsgen set size:undefined disposed:false
2808 http fetch GET 200 https://registry.npmjs.org/unicode-match-property-value-ecmascript 137ms (cache miss)
2809 silly packumentCache full:https://registry.npmjs.org/unicode-match-property-value-ecmascript set size:undefined disposed:false
2810 http fetch GET 200 https://registry.npmjs.org/regenerate-unicode-properties 176ms (cache miss)
2811 silly packumentCache full:https://registry.npmjs.org/regenerate-unicode-properties set size:undefined disposed:false
2812 http fetch GET 200 https://registry.npmjs.org/regenerate 433ms (cache miss)
2813 silly packumentCache full:https://registry.npmjs.org/regenerate set size:undefined disposed:false
2814 silly placeDep ROOT @babel/helper-create-class-features-plugin@7.28.6 OK for: @babel/plugin-transform-class-properties@7.28.6 want: ^7.28.6
2815 silly fetch manifest @babel/helper-member-expression-to-functions@^7.28.5
2816 silly packumentCache full:https://registry.npmjs.org/@babel%2fhelper-member-expression-to-functions cache-miss
2817 silly fetch manifest @babel/helper-optimise-call-expression@^7.27.1
2818 silly packumentCache full:https://registry.npmjs.org/@babel%2fhelper-optimise-call-expression cache-miss
2819 http fetch GET 200 https://registry.npmjs.org/@babel%2fhelper-member-expression-to-functions 206ms (cache miss)
2820 silly packumentCache full:https://registry.npmjs.org/@babel%2fhelper-member-expression-to-functions set size:undefined disposed:false
2821 http fetch GET 200 https://registry.npmjs.org/@babel%2fhelper-optimise-call-expression 629ms (cache miss)
2822 silly packumentCache full:https://registry.npmjs.org/@babel%2fhelper-optimise-call-expression set size:undefined disposed:false
2823 silly placeDep ROOT @babel/helper-member-expression-to-functions@7.28.5 OK for: @babel/helper-create-class-features-plugin@7.28.6 want: ^7.28.5
2824 silly placeDep ROOT @babel/helper-optimise-call-expression@7.27.1 OK for: @babel/helper-create-class-features-plugin@7.28.6 want: ^7.27.1
2825 silly placeDep ROOT @babel/helper-replace-supers@7.28.6 OK for: @babel/helper-create-class-features-plugin@7.28.6 want: ^7.28.6
2826 silly placeDep node_modules/@babel/helper-create-class-features-plugin semver@6.3.1 OK for: @babel/helper-create-class-features-plugin@7.28.6 want: ^6.3.1
2827 silly placeDep ROOT @babel/helper-globals@7.28.0 OK for: @babel/plugin-transform-classes@7.28.6 want: ^7.28.0
2828 silly placeDep ROOT esutils@2.0.3 OK for: @babel/preset-modules@0.1.6-no-external-plugins want: ^2.0.2
2829 silly placeDep node_modules/@babel/traverse @babel/generator@7.28.6 OK for: @babel/traverse@7.28.6 want: ^7.28.6
2830 silly placeDep ROOT @babel/helper-string-parser@7.27.1 OK for: @babel/types@7.28.6 want: ^7.27.1
2831 silly placeDep ROOT @inquirer/core@10.3.2 OK for: @inquirer/confirm@5.1.14 want: ^10.1.15
2832 silly placeDep ROOT @inquirer/type@3.0.10 OK for: @inquirer/confirm@5.1.14 want: ^3.0.8
2833 silly fetch manifest cli-width@^4.1.0
2834 silly packumentCache full:https://registry.npmjs.org/cli-width cache-miss
2835 silly fetch manifest wrap-ansi@^6.2.0
2836 silly packumentCache full:https://registry.npmjs.org/wrap-ansi cache-miss
2837 silly fetch manifest mute-stream@^2.0.0
2838 silly packumentCache full:https://registry.npmjs.org/mute-stream cache-miss
2839 silly fetch manifest signal-exit@^4.1.0
2840 silly packumentCache full:https://registry.npmjs.org/signal-exit cache-miss
2841 silly fetch manifest @inquirer/ansi@^1.0.2
2842 silly packumentCache full:https://registry.npmjs.org/@inquirer%2fansi cache-miss
2843 silly fetch manifest @inquirer/type@^3.0.10
2844 silly packumentCache full:https://registry.npmjs.org/@inquirer%2ftype cache-hit
2845 silly fetch manifest yoctocolors-cjs@^2.1.3
2846 silly packumentCache full:https://registry.npmjs.org/yoctocolors-cjs cache-miss
2847 silly fetch manifest @inquirer/figures@^1.0.15
2848 silly packumentCache full:https://registry.npmjs.org/@inquirer%2ffigures cache-miss
2849 http fetch GET 200 https://registry.npmjs.org/wrap-ansi 3ms (cache hit)
2850 silly packumentCache full:https://registry.npmjs.org/wrap-ansi set size:51195 disposed:false
2851 http fetch GET 200 https://registry.npmjs.org/signal-exit 146ms (cache miss)
2852 silly packumentCache full:https://registry.npmjs.org/signal-exit set size:undefined disposed:false
2853 http fetch GET 200 https://registry.npmjs.org/mute-stream 147ms (cache miss)
2854 silly packumentCache full:https://registry.npmjs.org/mute-stream set size:undefined disposed:false
2855 http fetch GET 200 https://registry.npmjs.org/yoctocolors-cjs 149ms (cache miss)
2856 silly packumentCache full:https://registry.npmjs.org/yoctocolors-cjs set size:undefined disposed:false
2857 http fetch GET 200 https://registry.npmjs.org/@inquirer%2fansi 167ms (cache miss)
2858 silly packumentCache full:https://registry.npmjs.org/@inquirer%2fansi set size:undefined disposed:false
2859 http fetch GET 200 https://registry.npmjs.org/@inquirer%2ffigures 168ms (cache miss)
2860 silly packumentCache full:https://registry.npmjs.org/@inquirer%2ffigures set size:undefined disposed:false
2861 http fetch GET 200 https://registry.npmjs.org/cli-width 478ms (cache miss)
2862 silly packumentCache full:https://registry.npmjs.org/cli-width set size:undefined disposed:false
2863 silly placeDep ROOT @inquirer/ansi@1.0.2 OK for: @inquirer/core@10.3.2 want: ^1.0.2
2864 silly placeDep ROOT @inquirer/figures@1.0.15 OK for: @inquirer/core@10.3.2 want: ^1.0.15
2865 silly placeDep ROOT cli-width@4.1.0 OK for: @inquirer/core@10.3.2 want: ^4.1.0
2866 silly placeDep ROOT mute-stream@2.0.0 OK for: @inquirer/core@10.3.2 want: ^2.0.0
2867 silly placeDep ROOT signal-exit@4.1.0 OK for: @inquirer/core@10.3.2 want: ^4.1.0
2868 silly placeDep ROOT wrap-ansi@6.2.0 OK for: @inquirer/core@10.3.2 want: ^6.2.0
2869 silly placeDep ROOT yoctocolors-cjs@2.1.3 OK for: @inquirer/core@10.3.2 want: ^2.1.3
2870 silly fetch manifest strip-ansi@^6.0.0
2871 silly packumentCache full:https://registry.npmjs.org/strip-ansi cache-miss
2872 silly fetch manifest ansi-styles@^4.0.0
2873 silly packumentCache full:https://registry.npmjs.org/ansi-styles cache-miss
2874 silly fetch manifest string-width@^4.1.0
2875 silly packumentCache full:https://registry.npmjs.org/string-width cache-miss
2876 http fetch GET 200 https://registry.npmjs.org/strip-ansi 4ms (cache hit)
2877 silly packumentCache full:https://registry.npmjs.org/strip-ansi set size:41855 disposed:false
2878 http fetch GET 200 https://registry.npmjs.org/string-width 4ms (cache hit)
2879 silly packumentCache full:https://registry.npmjs.org/string-width set size:64158 disposed:false
2880 http fetch GET 200 https://registry.npmjs.org/ansi-styles 169ms (cache miss)
2881 silly packumentCache full:https://registry.npmjs.org/ansi-styles set size:undefined disposed:false
2882 silly placeDep ROOT @inquirer/checkbox@4.3.2 OK for: @inquirer/prompts@7.8.2 want: ^4.2.1
2883 silly placeDep ROOT @inquirer/editor@4.2.23 OK for: @inquirer/prompts@7.8.2 want: ^4.2.17
2884 silly placeDep ROOT @inquirer/expand@4.0.23 OK for: @inquirer/prompts@7.8.2 want: ^4.0.17
2885 silly placeDep ROOT @inquirer/input@4.3.1 OK for: @inquirer/prompts@7.8.2 want: ^4.2.1
2886 silly placeDep ROOT @inquirer/number@3.0.23 OK for: @inquirer/prompts@7.8.2 want: ^3.0.17
2887 silly placeDep ROOT @inquirer/password@4.0.23 OK for: @inquirer/prompts@7.8.2 want: ^4.0.17
2888 silly placeDep ROOT @inquirer/rawlist@4.1.11 OK for: @inquirer/prompts@7.8.2 want: ^4.1.5
2889 silly placeDep ROOT @inquirer/search@3.2.2 OK for: @inquirer/prompts@7.8.2 want: ^3.1.0
2890 silly placeDep ROOT @inquirer/select@4.4.2 OK for: @inquirer/prompts@7.8.2 want: ^4.3.1
2891 silly fetch manifest @inquirer/external-editor@^1.0.3
2892 silly packumentCache full:https://registry.npmjs.org/@inquirer%2fexternal-editor cache-miss
2893 http fetch GET 200 https://registry.npmjs.org/@inquirer%2fexternal-editor 353ms (cache miss)
2894 silly packumentCache full:https://registry.npmjs.org/@inquirer%2fexternal-editor set size:undefined disposed:false
2895 silly placeDep ROOT @inquirer/external-editor@1.0.3 OK for: @inquirer/editor@4.2.23 want: ^1.0.3
2896 silly fetch manifest chardet@^2.1.1
2897 silly packumentCache full:https://registry.npmjs.org/chardet cache-miss
2898 silly fetch manifest iconv-lite@^0.7.0
2899 silly packumentCache full:https://registry.npmjs.org/iconv-lite cache-miss
2900 http fetch GET 200 https://registry.npmjs.org/iconv-lite 1ms (cache hit)
2901 silly packumentCache full:https://registry.npmjs.org/iconv-lite set size:120557 disposed:false
2902 http fetch GET 200 https://registry.npmjs.org/chardet 249ms (cache miss)
2903 silly packumentCache full:https://registry.npmjs.org/chardet set size:undefined disposed:false
2904 silly placeDep ROOT chardet@2.1.1 OK for: @inquirer/external-editor@1.0.3 want: ^2.1.1
2905 silly placeDep ROOT iconv-lite@0.7.2 OK for: @inquirer/external-editor@1.0.3 want: ^0.7.0
2906 silly fetch manifest safer-buffer@>= 2.1.2 < 3.0.0
2907 silly packumentCache full:https://registry.npmjs.org/safer-buffer cache-miss
2908 http fetch GET 200 https://registry.npmjs.org/safer-buffer 123ms (cache miss)
2909 silly packumentCache full:https://registry.npmjs.org/safer-buffer set size:undefined disposed:false
2910 silly placeDep ROOT @jridgewell/resolve-uri@3.1.2 OK for: @jridgewell/trace-mapping@0.3.31 want: ^3.1.0
2911 silly placeDep ROOT @jsverse/transloco-utils@7.0.2 OK for: @jsverse/transloco@7.5.1 want: ^7.0.0
2912 silly placeDep ROOT fs-extra@11.3.3 OK for: @jsverse/transloco@7.5.1 want: ^11.0.0
2913 silly placeDep ROOT glob@10.5.0 OK for: @jsverse/transloco@7.5.1 want: ^10.0.0
2914 silly placeDep ROOT lodash.kebabcase@4.1.1 OK for: @jsverse/transloco@7.5.1 want: ^4.1.1
2915 silly placeDep node_modules/@jsverse/transloco ora@5.4.1 OK for: @jsverse/transloco@7.5.1 want: ^5.4.1
2916 silly placeDep ROOT replace-in-file@7.2.0 OK for: @jsverse/transloco@7.5.1 want: ^7.0.1
2917 silly fetch manifest cosmiconfig@^8.1.3
2918 silly packumentCache full:https://registry.npmjs.org/cosmiconfig cache-miss
2919 silly fetch manifest graceful-fs@^4.2.0
2920 silly packumentCache full:https://registry.npmjs.org/graceful-fs cache-hit
2921 silly fetch manifest jsonfile@^6.0.1
2922 silly packumentCache full:https://registry.npmjs.org/jsonfile cache-miss
2923 silly fetch manifest universalify@^2.0.0
2924 silly packumentCache full:https://registry.npmjs.org/universalify cache-miss
2925 silly fetch manifest minipass@^7.1.2
2926 silly packumentCache full:https://registry.npmjs.org/minipass cache-miss
2927 silly fetch manifest jackspeak@^3.1.2
2928 silly packumentCache full:https://registry.npmjs.org/jackspeak cache-miss
2929 silly fetch manifest minimatch@^9.0.4
2930 silly packumentCache full:https://registry.npmjs.org/minimatch cache-miss
2931 silly fetch manifest path-scurry@^1.11.1
2932 silly packumentCache full:https://registry.npmjs.org/path-scurry cache-miss
2933 silly fetch manifest foreground-child@^3.1.0
2934 silly packumentCache full:https://registry.npmjs.org/foreground-child cache-miss
2935 silly fetch manifest package-json-from-dist@^1.0.0
2936 silly packumentCache full:https://registry.npmjs.org/package-json-from-dist cache-miss
2937 http fetch GET 200 https://registry.npmjs.org/cosmiconfig 5ms (cache hit)
2938 silly packumentCache full:https://registry.npmjs.org/cosmiconfig set size:275399 disposed:false
2939 silly fetch manifest bl@^4.1.0
2940 silly packumentCache full:https://registry.npmjs.org/bl cache-miss
2941 http fetch GET 200 https://registry.npmjs.org/minimatch 6ms (cache hit)
2942 silly packumentCache full:https://registry.npmjs.org/minimatch set size:303959 disposed:false
2943 silly fetch manifest chalk@^4.1.0
2944 silly packumentCache full:https://registry.npmjs.org/chalk cache-miss
2945 http fetch GET 200 https://registry.npmjs.org/minipass 7ms (cache hit)
2946 silly packumentCache full:https://registry.npmjs.org/minipass set size:490195 disposed:false
2947 silly fetch manifest wcwidth@^1.0.1
2948 silly packumentCache full:https://registry.npmjs.org/wcwidth cache-miss
2949 http fetch GET 200 https://registry.npmjs.org/chalk 2ms (cache hit)
2950 silly packumentCache full:https://registry.npmjs.org/chalk set size:117861 disposed:false
2951 silly fetch manifest cli-cursor@^3.1.0
2952 silly packumentCache full:https://registry.npmjs.org/cli-cursor cache-miss
2953 http fetch GET 200 https://registry.npmjs.org/cli-cursor 0ms (cache hit)
2954 silly packumentCache full:https://registry.npmjs.org/cli-cursor set size:18913 disposed:false
2955 silly fetch manifest log-symbols@^4.1.0
2956 silly packumentCache full:https://registry.npmjs.org/log-symbols cache-miss
2957 http fetch GET 200 https://registry.npmjs.org/log-symbols 0ms (cache hit)
2958 silly packumentCache full:https://registry.npmjs.org/log-symbols set size:31977 disposed:false
2959 silly fetch manifest cli-spinners@^2.5.0
2960 silly packumentCache full:https://registry.npmjs.org/cli-spinners cache-miss
2961 http fetch GET 200 https://registry.npmjs.org/cli-spinners 0ms (cache hit)
2962 silly packumentCache full:https://registry.npmjs.org/cli-spinners set size:67473 disposed:false
2963 silly fetch manifest is-interactive@^1.0.0
2964 silly packumentCache full:https://registry.npmjs.org/is-interactive cache-miss
2965 http fetch GET 200 https://registry.npmjs.org/is-interactive 0ms (cache hit)
2966 silly packumentCache full:https://registry.npmjs.org/is-interactive set size:10692 disposed:false
2967 silly fetch manifest is-unicode-supported@^0.1.0
2968 silly packumentCache full:https://registry.npmjs.org/is-unicode-supported cache-miss
2969 http fetch GET 200 https://registry.npmjs.org/is-unicode-supported 3ms (cache hit)
2970 silly packumentCache full:https://registry.npmjs.org/is-unicode-supported set size:19461 disposed:false
2971 silly fetch manifest glob@^8.1.0
2972 silly packumentCache full:https://registry.npmjs.org/glob cache-hit
2973 silly fetch manifest chalk@^4.1.2
2974 silly packumentCache full:https://registry.npmjs.org/chalk cache-hit
2975 silly fetch manifest yargs@^17.7.2
2976 silly packumentCache full:https://registry.npmjs.org/yargs cache-hit
2977 http fetch GET 200 https://registry.npmjs.org/universalify 121ms (cache miss)
2978 silly packumentCache full:https://registry.npmjs.org/universalify set size:undefined disposed:false
2979 http fetch GET 200 https://registry.npmjs.org/package-json-from-dist 152ms (cache miss)
2980 silly packumentCache full:https://registry.npmjs.org/package-json-from-dist set size:undefined disposed:false
2981 http fetch GET 200 https://registry.npmjs.org/jsonfile 154ms (cache miss)
2982 silly packumentCache full:https://registry.npmjs.org/jsonfile set size:undefined disposed:false
2983 http fetch GET 200 https://registry.npmjs.org/foreground-child 155ms (cache miss)
2984 silly packumentCache full:https://registry.npmjs.org/foreground-child set size:undefined disposed:false
2985 http fetch GET 200 https://registry.npmjs.org/jackspeak 164ms (cache miss)
2986 silly packumentCache full:https://registry.npmjs.org/jackspeak set size:undefined disposed:false
2987 http fetch GET 200 https://registry.npmjs.org/bl 160ms (cache miss)
2988 silly packumentCache full:https://registry.npmjs.org/bl set size:undefined disposed:false
2989 http fetch GET 200 https://registry.npmjs.org/wcwidth 168ms (cache miss)
2990 silly packumentCache full:https://registry.npmjs.org/wcwidth set size:undefined disposed:false
2991 http fetch GET 200 https://registry.npmjs.org/path-scurry 176ms (cache miss)
2992 silly packumentCache full:https://registry.npmjs.org/path-scurry set size:undefined disposed:false
2993 silly placeDep ROOT cosmiconfig@8.3.6 OK for: @jsverse/transloco-utils@7.0.2 want: ^8.1.3
2994 silly fetch manifest import-fresh@^3.3.0
2995 silly packumentCache full:https://registry.npmjs.org/import-fresh cache-miss
2996 silly fetch manifest js-yaml@^4.1.0
2997 silly packumentCache full:https://registry.npmjs.org/js-yaml cache-miss
2998 silly fetch manifest parse-json@^5.2.0
2999 silly packumentCache full:https://registry.npmjs.org/parse-json cache-miss
3000 silly fetch manifest path-type@^4.0.0
3001 silly packumentCache full:https://registry.npmjs.org/path-type cache-miss
3002 http fetch GET 200 https://registry.npmjs.org/import-fresh 141ms (cache miss)
3003 silly packumentCache full:https://registry.npmjs.org/import-fresh set size:undefined disposed:false
3004 http fetch GET 200 https://registry.npmjs.org/path-type 142ms (cache miss)
3005 silly packumentCache full:https://registry.npmjs.org/path-type set size:undefined disposed:false
3006 http fetch GET 200 https://registry.npmjs.org/parse-json 174ms (cache miss)
3007 silly packumentCache full:https://registry.npmjs.org/parse-json set size:undefined disposed:false
3008 http fetch GET 200 https://registry.npmjs.org/js-yaml 176ms (cache miss)
3009 silly packumentCache full:https://registry.npmjs.org/js-yaml set size:undefined disposed:false
3010 silly placeDep node_modules/@modelcontextprotocol/sdk ajv@6.12.6 OK for: @modelcontextprotocol/sdk@1.17.3 want: ^6.12.6
3011 silly placeDep ROOT content-type@1.0.5 OK for: @modelcontextprotocol/sdk@1.17.3 want: ^1.0.5
3012 silly placeDep ROOT cors@2.8.6 OK for: @modelcontextprotocol/sdk@1.17.3 want: ^2.8.5
3013 silly placeDep ROOT cross-spawn@7.0.6 OK for: @modelcontextprotocol/sdk@1.17.3 want: ^7.0.5
3014 silly placeDep ROOT eventsource@3.0.7 OK for: @modelcontextprotocol/sdk@1.17.3 want: ^3.0.2
3015 silly placeDep ROOT eventsource-parser@3.0.6 OK for: @modelcontextprotocol/sdk@1.17.3 want: ^3.0.0
3016 silly placeDep ROOT express@5.2.1 OK for: @modelcontextprotocol/sdk@1.17.3 want: ^5.0.1
3017 silly placeDep ROOT express-rate-limit@7.5.1 OK for: @modelcontextprotocol/sdk@1.17.3 want: ^7.5.0
3018 silly placeDep ROOT pkce-challenge@5.0.1 OK for: @modelcontextprotocol/sdk@1.17.3 want: ^5.0.0
3019 silly placeDep ROOT raw-body@3.0.2 OK for: @modelcontextprotocol/sdk@1.17.3 want: ^3.0.0
3020 silly placeDep ROOT zod-to-json-schema@3.25.1 OK for: @modelcontextprotocol/sdk@1.17.3 want: ^3.24.1
3021 silly fetch manifest uri-js@^4.2.2
3022 silly packumentCache full:https://registry.npmjs.org/uri-js cache-miss
3023 silly fetch manifest fast-deep-equal@^3.1.1
3024 silly packumentCache full:https://registry.npmjs.org/fast-deep-equal cache-miss
3025 silly fetch manifest json-schema-traverse@^0.4.1
3026 silly packumentCache full:https://registry.npmjs.org/json-schema-traverse cache-miss
3027 silly fetch manifest fast-json-stable-stringify@^2.0.0
3028 silly packumentCache full:https://registry.npmjs.org/fast-json-stable-stringify cache-miss
3029 silly fetch manifest object-assign@^4
3030 silly packumentCache full:https://registry.npmjs.org/object-assign cache-miss
3031 silly fetch manifest vary@^1
3032 silly packumentCache full:https://registry.npmjs.org/vary cache-miss
3033 silly fetch manifest which@^2.0.1
3034 silly packumentCache full:https://registry.npmjs.org/which cache-miss
3035 silly fetch manifest path-key@^3.1.0
3036 silly packumentCache full:https://registry.npmjs.org/path-key cache-miss
3037 silly fetch manifest shebang-command@^2.0.0
3038 silly packumentCache full:https://registry.npmjs.org/shebang-command cache-miss
3039 http fetch GET 200 https://registry.npmjs.org/json-schema-traverse 8ms (cache hit)
3040 silly packumentCache full:https://registry.npmjs.org/json-schema-traverse set size:23537 disposed:false
3041 silly fetch manifest eventsource-parser@^3.0.1
3042 silly packumentCache full:https://registry.npmjs.org/eventsource-parser cache-miss
3043 http fetch GET 200 https://registry.npmjs.org/which 8ms (cache hit)
3044 silly packumentCache full:https://registry.npmjs.org/which set size:65264 disposed:false
3045 silly fetch manifest qs@^6.14.0
3046 silly packumentCache full:https://registry.npmjs.org/qs cache-miss
3047 http fetch GET 200 https://registry.npmjs.org/fast-deep-equal 12ms (cache hit)
3048 silly packumentCache full:https://registry.npmjs.org/fast-deep-equal set size:48634 disposed:false
3049 silly fetch manifest depd@^2.0.0
3050 silly packumentCache full:https://registry.npmjs.org/depd cache-miss
3051 http fetch GET 200 https://registry.npmjs.org/eventsource-parser 4ms (cache hit)
3052 silly packumentCache full:https://registry.npmjs.org/eventsource-parser set size:66053 disposed:false
3053 silly fetch manifest etag@^1.8.1
3054 silly packumentCache full:https://registry.npmjs.org/etag cache-miss
3055 http fetch GET 200 https://registry.npmjs.org/vary 183ms (cache miss)
3056 silly packumentCache full:https://registry.npmjs.org/vary set size:undefined disposed:false
3057 silly fetch manifest once@^1.4.0
3058 silly packumentCache full:https://registry.npmjs.org/once cache-miss
3059 http fetch GET 200 https://registry.npmjs.org/shebang-command 183ms (cache miss)
3060 silly packumentCache full:https://registry.npmjs.org/shebang-command set size:undefined disposed:false
3061 silly fetch manifest send@^1.1.0
3062 silly packumentCache full:https://registry.npmjs.org/send cache-miss
3063 http fetch GET 200 https://registry.npmjs.org/qs 175ms (cache miss)
3064 silly packumentCache full:https://registry.npmjs.org/qs set size:undefined disposed:false
3065 silly fetch manifest vary@^1.1.2
3066 silly packumentCache full:https://registry.npmjs.org/vary cache-miss
3067 http fetch GET 200 https://registry.npmjs.org/fast-json-stable-stringify 187ms (cache miss)
3068 silly packumentCache full:https://registry.npmjs.org/fast-json-stable-stringify set size:undefined disposed:false
3069 silly fetch manifest fresh@^2.0.0
3070 silly packumentCache full:https://registry.npmjs.org/fresh cache-miss
3071 http fetch GET 200 https://registry.npmjs.org/uri-js 189ms (cache miss)
3072 silly packumentCache full:https://registry.npmjs.org/uri-js set size:undefined disposed:false
3073 silly fetch manifest cookie@^0.7.1
3074 silly packumentCache full:https://registry.npmjs.org/cookie cache-miss
3075 http fetch GET 200 https://registry.npmjs.org/object-assign 188ms (cache miss)
3076 silly packumentCache full:https://registry.npmjs.org/object-assign set size:undefined disposed:false
3077 silly fetch manifest router@^2.2.0
3078 silly packumentCache full:https://registry.npmjs.org/router cache-miss
3079 http fetch GET 200 https://registry.npmjs.org/vary 4ms (cache hit)
3080 silly packumentCache full:https://registry.npmjs.org/vary set size:16018 disposed:false
3081 silly fetch manifest accepts@^2.0.0
3082 silly packumentCache full:https://registry.npmjs.org/accepts cache-miss
3083 http fetch GET 200 https://registry.npmjs.org/etag 176ms (cache miss)
3084 silly packumentCache full:https://registry.npmjs.org/etag set size:undefined disposed:false
3085 silly fetch manifest type-is@^2.0.1
3086 silly packumentCache full:https://registry.npmjs.org/type-is cache-miss
3087 http fetch GET 200 https://registry.npmjs.org/depd 179ms (cache miss)
3088 silly packumentCache full:https://registry.npmjs.org/depd set size:undefined disposed:false
3089 silly fetch manifest parseurl@^1.3.3
3090 silly packumentCache full:https://registry.npmjs.org/parseurl cache-miss
3091 http fetch GET 200 https://registry.npmjs.org/once 218ms (cache miss)
3092 silly packumentCache full:https://registry.npmjs.org/once set size:undefined disposed:false
3093 silly fetch manifest statuses@^2.0.1
3094 silly packumentCache full:https://registry.npmjs.org/statuses cache-miss
3095 http fetch GET 200 https://registry.npmjs.org/parseurl 224ms (cache miss)
3096 silly packumentCache full:https://registry.npmjs.org/parseurl set size:undefined disposed:false
3097 silly fetch manifest encodeurl@^2.0.0
3098 silly packumentCache full:https://registry.npmjs.org/encodeurl cache-miss
3099 http fetch GET 200 https://registry.npmjs.org/send 234ms (cache miss)
3100 silly packumentCache full:https://registry.npmjs.org/send set size:undefined disposed:false
3101 silly fetch manifest mime-types@^3.0.0
3102 silly packumentCache full:https://registry.npmjs.org/mime-types cache-hit
3103 silly fetch manifest proxy-addr@^2.0.7
3104 silly packumentCache full:https://registry.npmjs.org/proxy-addr cache-miss
3105 http fetch GET 200 https://registry.npmjs.org/type-is 235ms (cache miss)
3106 silly packumentCache full:https://registry.npmjs.org/type-is set size:undefined disposed:false
3107 silly fetch manifest body-parser@^2.2.1
3108 silly packumentCache full:https://registry.npmjs.org/body-parser cache-miss
3109 http fetch GET 200 https://registry.npmjs.org/accepts 236ms (cache miss)
3110 silly packumentCache full:https://registry.npmjs.org/accepts set size:undefined disposed:false
3111 silly fetch manifest escape-html@^1.0.3
3112 silly packumentCache full:https://registry.npmjs.org/escape-html cache-miss
3113 http fetch GET 200 https://registry.npmjs.org/body-parser 4ms (cache hit)
3114 silly packumentCache full:https://registry.npmjs.org/body-parser set size:216830 disposed:false
3115 silly fetch manifest http-errors@^2.0.0
3116 silly packumentCache full:https://registry.npmjs.org/http-errors cache-miss
3117 http fetch GET 200 https://registry.npmjs.org/cookie 243ms (cache miss)
3118 silly packumentCache full:https://registry.npmjs.org/cookie set size:undefined disposed:false
3119 silly fetch manifest finalhandler@^2.1.0
3120 silly packumentCache full:https://registry.npmjs.org/finalhandler cache-miss
3121 http fetch GET 200 https://registry.npmjs.org/fresh 249ms (cache miss)
3122 silly packumentCache full:https://registry.npmjs.org/fresh set size:undefined disposed:false
3123 silly fetch manifest serve-static@^2.2.0
3124 silly packumentCache full:https://registry.npmjs.org/serve-static cache-miss
3125 http fetch GET 200 https://registry.npmjs.org/router 250ms (cache miss)
3126 silly packumentCache full:https://registry.npmjs.org/router set size:undefined disposed:false
3127 silly fetch manifest cookie-signature@^1.2.1
3128 silly packumentCache full:https://registry.npmjs.org/cookie-signature cache-miss
3129 http fetch GET 200 https://registry.npmjs.org/path-key 512ms (cache miss)
3130 silly packumentCache full:https://registry.npmjs.org/path-key set size:undefined disposed:false
3131 silly fetch manifest merge-descriptors@^2.0.0
3132 silly packumentCache full:https://registry.npmjs.org/merge-descriptors cache-miss
3133 http fetch GET 200 https://registry.npmjs.org/statuses 141ms (cache miss)
3134 silly packumentCache full:https://registry.npmjs.org/statuses set size:undefined disposed:false
3135 silly fetch manifest content-disposition@^1.0.0
3136 silly packumentCache full:https://registry.npmjs.org/content-disposition cache-miss
3137 http fetch GET 200 https://registry.npmjs.org/proxy-addr 141ms (cache miss)
3138 silly packumentCache full:https://registry.npmjs.org/proxy-addr set size:undefined disposed:false
3139 silly fetch manifest bytes@~3.1.2
3140 silly packumentCache full:https://registry.npmjs.org/bytes cache-miss
3141 http fetch GET 200 https://registry.npmjs.org/encodeurl 151ms (cache miss)
3142 silly packumentCache full:https://registry.npmjs.org/encodeurl set size:undefined disposed:false
3143 silly fetch manifest unpipe@~1.0.0
3144 silly packumentCache full:https://registry.npmjs.org/unpipe cache-miss
3145 http fetch GET 200 https://registry.npmjs.org/http-errors 150ms (cache miss)
3146 silly packumentCache full:https://registry.npmjs.org/http-errors set size:undefined disposed:false
3147 silly fetch manifest http-errors@~2.0.1
3148 silly packumentCache full:https://registry.npmjs.org/http-errors cache-miss
3149 http fetch GET 200 https://registry.npmjs.org/http-errors 2ms (cache hit)
3150 silly packumentCache full:https://registry.npmjs.org/http-errors set size:71987 disposed:false
3151 http fetch GET 200 https://registry.npmjs.org/finalhandler 162ms (cache miss)
3152 silly packumentCache full:https://registry.npmjs.org/finalhandler set size:undefined disposed:false
3153 http fetch GET 200 https://registry.npmjs.org/serve-static 206ms (cache miss)
3154 silly packumentCache full:https://registry.npmjs.org/serve-static set size:undefined disposed:false
3155 http fetch GET 200 https://registry.npmjs.org/escape-html 217ms (cache miss)
3156 silly packumentCache full:https://registry.npmjs.org/escape-html set size:undefined disposed:false
3157 http fetch GET 200 https://registry.npmjs.org/cookie-signature 204ms (cache miss)
3158 silly packumentCache full:https://registry.npmjs.org/cookie-signature set size:undefined disposed:false
3159 http fetch GET 200 https://registry.npmjs.org/merge-descriptors 181ms (cache miss)
3160 silly packumentCache full:https://registry.npmjs.org/merge-descriptors set size:undefined disposed:false
3161 http fetch GET 200 https://registry.npmjs.org/bytes 132ms (cache miss)
3162 silly packumentCache full:https://registry.npmjs.org/bytes set size:undefined disposed:false
3163 http fetch GET 200 https://registry.npmjs.org/content-disposition 151ms (cache miss)
3164 silly packumentCache full:https://registry.npmjs.org/content-disposition set size:undefined disposed:false
3165 http fetch GET 200 https://registry.npmjs.org/unpipe 134ms (cache miss)
3166 silly packumentCache full:https://registry.npmjs.org/unpipe set size:undefined disposed:false
3167 silly placeDep ROOT @primeuix/styled@0.7.4 OK for: @primeuix/themes@1.2.5 want: ^0.7.3
3168 silly fetch manifest @primeuix/utils@^0.6.1
3169 silly packumentCache full:https://registry.npmjs.org/@primeuix%2futils cache-miss
3170 http fetch GET 200 https://registry.npmjs.org/@primeuix%2futils 1ms (cache hit)
3171 silly packumentCache full:https://registry.npmjs.org/@primeuix%2futils set size:59437 disposed:false
3172 silly placeDep ROOT @primeuix/utils@0.6.4 OK for: @primeuix/styled@0.7.4 want: ^0.6.1
3173 silly placeDep ROOT lodash.castarray@4.4.0 OK for: @tailwindcss/typography@0.5.15 want: ^4.4.0
3174 silly placeDep ROOT lodash.isplainobject@4.0.6 OK for: @tailwindcss/typography@0.5.15 want: ^4.0.6
3175 silly placeDep ROOT lodash.merge@4.6.2 OK for: @tailwindcss/typography@0.5.15 want: ^4.6.2
3176 silly placeDep ROOT postcss-selector-parser@6.0.10 OK for: @tailwindcss/typography@0.5.15 want: 6.0.10
3177 silly fetch manifest cssesc@^3.0.0
3178 silly packumentCache full:https://registry.npmjs.org/cssesc cache-miss
3179 silly fetch manifest util-deprecate@^1.0.2
3180 silly packumentCache full:https://registry.npmjs.org/util-deprecate cache-miss
3181 http fetch GET 200 https://registry.npmjs.org/util-deprecate 117ms (cache miss)
3182 silly packumentCache full:https://registry.npmjs.org/util-deprecate set size:undefined disposed:false
3183 http fetch GET 200 https://registry.npmjs.org/cssesc 137ms (cache miss)
3184 silly packumentCache full:https://registry.npmjs.org/cssesc set size:undefined disposed:false
3185 silly placeDep ROOT fast-deep-equal@3.1.3 OK for: ajv@8.17.1 want: ^3.1.3
3186 silly placeDep ROOT fast-uri@3.1.0 OK for: ajv@8.17.1 want: ^3.0.1
3187 silly placeDep ROOT json-schema-traverse@1.0.0 OK for: ajv@8.17.1 want: ^1.0.0
3188 silly placeDep ROOT require-from-string@2.0.2 OK for: ajv@8.17.1 want: ^2.0.2
3189 silly placeDep ROOT @algolia/abtesting@1.1.0 OK for: algoliasearch@5.35.0 want: 1.1.0
3190 silly placeDep ROOT @algolia/client-abtesting@5.35.0 OK for: algoliasearch@5.35.0 want: 5.35.0
3191 silly placeDep ROOT @algolia/client-analytics@5.35.0 OK for: algoliasearch@5.35.0 want: 5.35.0
3192 silly placeDep ROOT @algolia/client-common@5.35.0 OK for: algoliasearch@5.35.0 want: 5.35.0
3193 silly placeDep ROOT @algolia/client-insights@5.35.0 OK for: algoliasearch@5.35.0 want: 5.35.0
3194 silly placeDep ROOT @algolia/client-personalization@5.35.0 OK for: algoliasearch@5.35.0 want: 5.35.0
3195 silly placeDep ROOT @algolia/client-query-suggestions@5.35.0 OK for: algoliasearch@5.35.0 want: 5.35.0
3196 silly placeDep ROOT @algolia/client-search@5.35.0 OK for: algoliasearch@5.35.0 want: 5.35.0
3197 silly placeDep ROOT @algolia/ingestion@1.35.0 OK for: algoliasearch@5.35.0 want: 1.35.0
3198 silly placeDep ROOT @algolia/monitoring@1.35.0 OK for: algoliasearch@5.35.0 want: 1.35.0
3199 silly placeDep ROOT @algolia/recommend@5.35.0 OK for: algoliasearch@5.35.0 want: 5.35.0
3200 silly placeDep ROOT @algolia/requester-browser-xhr@5.35.0 OK for: algoliasearch@5.35.0 want: 5.35.0
3201 silly placeDep ROOT @algolia/requester-fetch@5.35.0 OK for: algoliasearch@5.35.0 want: 5.35.0
3202 silly placeDep ROOT @algolia/requester-node-http@5.35.0 OK for: algoliasearch@5.35.0 want: 5.35.0
3203 silly placeDep ROOT @svgdotjs/svg.draggable.js@3.0.6 OK for: apexcharts@4.3.0 want: ^3.0.4
3204 silly placeDep ROOT @svgdotjs/svg.filter.js@3.0.9 OK for: apexcharts@4.3.0 want: ^3.0.8
3205 silly placeDep ROOT @svgdotjs/svg.js@3.2.5 OK for: apexcharts@4.3.0 want: ^3.2.4
3206 silly placeDep ROOT @svgdotjs/svg.resize.js@2.0.5 OK for: apexcharts@4.3.0 want: ^2.0.2
3207 silly placeDep ROOT @svgdotjs/svg.select.js@4.0.3 OK for: apexcharts@4.3.0 want: ^4.0.1
3208 silly placeDep ROOT @yr/monotone-cubic-spline@1.0.3 OK for: apexcharts@4.3.0 want: ^1.0.3
3209 silly placeDep ROOT caniuse-lite@1.0.30001766 OK for: autoprefixer@10.4.20 want: ^1.0.30001646
3210 silly placeDep ROOT fraction.js@4.3.7 OK for: autoprefixer@10.4.20 want: ^4.3.7
3211 silly placeDep ROOT normalize-range@0.1.2 OK for: autoprefixer@10.4.20 want: ^0.1.2
3212 silly placeDep ROOT postcss-value-parser@4.2.0 OK for: autoprefixer@10.4.20 want: ^4.2.0
3213 silly placeDep ROOT find-up@5.0.0 OK for: babel-loader@10.0.0 want: ^5.0.0
3214 silly fetch manifest locate-path@^6.0.0
3215 silly packumentCache full:https://registry.npmjs.org/locate-path cache-miss
3216 silly fetch manifest path-exists@^4.0.0
3217 silly packumentCache full:https://registry.npmjs.org/path-exists cache-miss
3218 http fetch GET 200 https://registry.npmjs.org/locate-path 156ms (cache miss)
3219 silly packumentCache full:https://registry.npmjs.org/locate-path set size:undefined disposed:false
3220 http fetch GET 200 https://registry.npmjs.org/path-exists 176ms (cache miss)
3221 silly packumentCache full:https://registry.npmjs.org/path-exists set size:undefined disposed:false
3222 silly placeDep ROOT @babel/helper-define-polyfill-provider@0.6.6 OK for: babel-plugin-polyfill-corejs2@0.4.15 want: ^0.6.6
3223 silly placeDep node_modules/babel-plugin-polyfill-corejs2 semver@6.3.1 OK for: babel-plugin-polyfill-corejs2@0.4.15 want: ^6.3.1
3224 silly fetch manifest lodash.debounce@^4.0.8
3225 silly packumentCache full:https://registry.npmjs.org/lodash.debounce cache-miss
3226 silly fetch manifest resolve@^1.22.11
3227 silly packumentCache full:https://registry.npmjs.org/resolve cache-hit
3228 http fetch GET 200 https://registry.npmjs.org/lodash.debounce 147ms (cache miss)
3229 silly packumentCache full:https://registry.npmjs.org/lodash.debounce set size:undefined disposed:false
3230 silly placeDep ROOT lodash.debounce@4.0.8 OK for: @babel/helper-define-polyfill-provider@0.6.6 want: ^4.0.8
3231 silly placeDep node_modules/@babel/helper-define-polyfill-provider resolve@1.22.11 OK for: @babel/helper-define-polyfill-provider@0.6.6 want: ^1.22.11
3232 silly fetch manifest is-core-module@^2.16.1
3233 silly packumentCache full:https://registry.npmjs.org/is-core-module cache-miss
3234 http fetch GET 200 https://registry.npmjs.org/is-core-module 0ms (cache hit)
3235 silly packumentCache full:https://registry.npmjs.org/is-core-module set size:71788 disposed:false
3236 silly placeDep ROOT css-select@6.0.0 OK for: beasties@0.3.5 want: ^6.0.0
3237 silly placeDep ROOT css-what@7.0.0 OK for: beasties@0.3.5 want: ^7.0.0
3238 silly placeDep ROOT dom-serializer@2.0.0 OK for: beasties@0.3.5 want: ^2.0.0
3239 silly placeDep ROOT domhandler@5.0.3 OK for: beasties@0.3.5 want: ^5.0.3
3240 silly placeDep ROOT htmlparser2@10.1.0 OK for: beasties@0.3.5 want: ^10.0.0
3241 silly placeDep ROOT postcss-media-query-parser@0.2.3 OK for: beasties@0.3.5 want: ^0.2.3
3242 silly fetch manifest boolbase@^1.0.0
3243 silly packumentCache full:https://registry.npmjs.org/boolbase cache-miss
3244 silly fetch manifest domutils@^3.2.2
3245 silly packumentCache full:https://registry.npmjs.org/domutils cache-miss
3246 silly fetch manifest nth-check@^2.1.1
3247 silly packumentCache full:https://registry.npmjs.org/nth-check cache-miss
3248 silly fetch manifest domelementtype@^2.3.0
3249 silly packumentCache full:https://registry.npmjs.org/domelementtype cache-miss
3250 silly fetch manifest domhandler@^5.0.2
3251 silly packumentCache full:https://registry.npmjs.org/domhandler cache-miss
3252 silly fetch manifest entities@^4.2.0
3253 silly packumentCache full:https://registry.npmjs.org/entities cache-miss
3254 silly fetch manifest domelementtype@^2.3.0
3255 silly packumentCache full:https://registry.npmjs.org/domelementtype cache-miss
3256 silly fetch manifest domelementtype@^2.3.0
3257 silly packumentCache full:https://registry.npmjs.org/domelementtype cache-miss
3258 silly fetch manifest domutils@^3.2.2
3259 silly packumentCache full:https://registry.npmjs.org/domutils cache-miss
3260 http fetch GET 200 https://registry.npmjs.org/domhandler 5ms (cache hit)
3261 silly packumentCache full:https://registry.npmjs.org/domhandler set size:73302 disposed:false
3262 silly fetch manifest entities@^7.0.1
3263 silly packumentCache full:https://registry.npmjs.org/entities cache-miss
3264 http fetch GET 200 https://registry.npmjs.org/entities 7ms (cache hit)
3265 silly packumentCache full:https://registry.npmjs.org/entities set size:99038 disposed:false
3266 http fetch GET 200 https://registry.npmjs.org/entities 5ms (cache hit)
3267 silly packumentCache full:https://registry.npmjs.org/entities set size:99038 disposed:false
3268 silly packumentCache full:https://registry.npmjs.org/entities dispose
3269 http fetch GET 200 https://registry.npmjs.org/boolbase 180ms (cache miss)
3270 silly packumentCache full:https://registry.npmjs.org/boolbase set size:undefined disposed:false
3271 http fetch GET 200 https://registry.npmjs.org/domelementtype 180ms (cache miss)
3272 silly packumentCache full:https://registry.npmjs.org/domelementtype set size:undefined disposed:false
3273 http fetch GET 200 https://registry.npmjs.org/nth-check 181ms (cache miss)
3274 silly packumentCache full:https://registry.npmjs.org/nth-check set size:undefined disposed:false
3275 http fetch GET 200 https://registry.npmjs.org/domelementtype 180ms (cache miss)
3276 silly packumentCache full:https://registry.npmjs.org/domelementtype set size:undefined disposed:false
3277 http fetch GET 200 https://registry.npmjs.org/domelementtype 180ms (cache miss)
3278 silly packumentCache full:https://registry.npmjs.org/domelementtype set size:undefined disposed:false
3279 http fetch GET 200 https://registry.npmjs.org/domutils 451ms (cache miss)
3280 silly packumentCache full:https://registry.npmjs.org/domutils set size:undefined disposed:false
3281 http fetch GET 200 https://registry.npmjs.org/domutils 586ms (cache miss)
3282 silly packumentCache full:https://registry.npmjs.org/domutils set size:undefined disposed:false
3283 silly placeDep ROOT baseline-browser-mapping@2.9.18 OK for: browserslist@4.28.1 want: ^2.9.0
3284 silly placeDep ROOT electron-to-chromium@1.5.278 OK for: browserslist@4.28.1 want: ^1.5.263
3285 silly placeDep ROOT node-releases@2.0.27 OK for: browserslist@4.28.1 want: ^2.0.27
3286 silly placeDep ROOT update-browserslist-db@1.2.3 OK for: browserslist@4.28.1 want: ^1.2.0
3287 silly fetch manifest escalade@^3.2.0
3288 silly packumentCache full:https://registry.npmjs.org/escalade cache-miss
3289 http fetch GET 200 https://registry.npmjs.org/escalade 2ms (cache hit)
3290 silly packumentCache full:https://registry.npmjs.org/escalade set size:33724 disposed:false
3291 silly placeDep ROOT readdirp@4.1.2 OK for: chokidar@4.0.3 want: ^4.0.1
3292 silly placeDep ROOT glob-parent@6.0.2 OK for: copy-webpack-plugin@13.0.1 want: ^6.0.1
3293 silly placeDep ROOT normalize-path@3.0.0 OK for: copy-webpack-plugin@13.0.1 want: ^3.0.0
3294 silly placeDep ROOT schema-utils@4.3.3 OK for: copy-webpack-plugin@13.0.1 want: ^4.2.0
3295 silly placeDep ROOT serialize-javascript@6.0.2 OK for: copy-webpack-plugin@13.0.1 want: ^6.0.2
3296 silly fetch manifest @types/json-schema@^7.0.9
3297 silly packumentCache full:https://registry.npmjs.org/@types%2fjson-schema cache-miss
3298 silly fetch manifest ajv-formats@^2.1.1
3299 silly packumentCache full:https://registry.npmjs.org/ajv-formats cache-miss
3300 silly fetch manifest ajv-keywords@^5.1.0
3301 silly packumentCache full:https://registry.npmjs.org/ajv-keywords cache-miss
3302 silly fetch manifest randombytes@^2.1.0
3303 silly packumentCache full:https://registry.npmjs.org/randombytes cache-miss
3304 http fetch GET 200 https://registry.npmjs.org/ajv-formats 5ms (cache hit)
3305 silly packumentCache full:https://registry.npmjs.org/ajv-formats set size:141264 disposed:false
3306 http fetch GET 200 https://registry.npmjs.org/@types%2fjson-schema 7ms (cache hit)
3307 silly packumentCache full:https://registry.npmjs.org/@types%2fjson-schema set size:44704 disposed:false
3308 http fetch GET 200 https://registry.npmjs.org/ajv-keywords 178ms (cache miss)
3309 silly packumentCache full:https://registry.npmjs.org/ajv-keywords set size:undefined disposed:false
3310 http fetch GET 200 https://registry.npmjs.org/randombytes 182ms (cache miss)
3311 silly packumentCache full:https://registry.npmjs.org/randombytes set size:undefined disposed:false
3312 silly placeDep ROOT object-assign@4.1.1 OK for: cors@2.8.6 want: ^4
3313 silly placeDep ROOT vary@1.1.2 OK for: cors@2.8.6 want: ^1
3314 silly placeDep ROOT import-fresh@3.3.1 OK for: cosmiconfig@8.3.6 want: ^3.3.0
3315 silly placeDep ROOT js-yaml@4.1.1 OK for: cosmiconfig@8.3.6 want: ^4.1.0
3316 silly placeDep ROOT parse-json@5.2.0 OK for: cosmiconfig@8.3.6 want: ^5.2.0
3317 silly placeDep ROOT path-type@4.0.0 OK for: cosmiconfig@8.3.6 want: ^4.0.0
3318 silly fetch manifest parent-module@^1.0.0
3319 silly packumentCache full:https://registry.npmjs.org/parent-module cache-miss
3320 silly fetch manifest resolve-from@^4.0.0
3321 silly packumentCache full:https://registry.npmjs.org/resolve-from cache-miss
3322 silly fetch manifest argparse@^2.0.1
3323 silly packumentCache full:https://registry.npmjs.org/argparse cache-miss
3324 silly fetch manifest error-ex@^1.3.1
3325 silly packumentCache full:https://registry.npmjs.org/error-ex cache-miss
3326 silly fetch manifest lines-and-columns@^1.1.6
3327 silly packumentCache full:https://registry.npmjs.org/lines-and-columns cache-miss
3328 silly fetch manifest json-parse-even-better-errors@^2.3.0
3329 silly packumentCache full:https://registry.npmjs.org/json-parse-even-better-errors cache-miss
3330 http fetch GET 200 https://registry.npmjs.org/json-parse-even-better-errors 6ms (cache hit)
3331 silly packumentCache full:https://registry.npmjs.org/json-parse-even-better-errors set size:34572 disposed:false
3332 http fetch GET 200 https://registry.npmjs.org/error-ex 130ms (cache miss)
3333 silly packumentCache full:https://registry.npmjs.org/error-ex set size:undefined disposed:false
3334 http fetch GET 200 https://registry.npmjs.org/lines-and-columns 131ms (cache miss)
3335 silly packumentCache full:https://registry.npmjs.org/lines-and-columns set size:undefined disposed:false
3336 http fetch GET 200 https://registry.npmjs.org/resolve-from 144ms (cache miss)
3337 silly packumentCache full:https://registry.npmjs.org/resolve-from set size:undefined disposed:false
3338 http fetch GET 200 https://registry.npmjs.org/argparse 151ms (cache miss)
3339 silly packumentCache full:https://registry.npmjs.org/argparse set size:undefined disposed:false
3340 http fetch GET 200 https://registry.npmjs.org/parent-module 1038ms (cache miss)
3341 silly packumentCache full:https://registry.npmjs.org/parent-module set size:undefined disposed:false
3342 silly placeDep ROOT path-key@3.1.1 OK for: cross-spawn@7.0.6 want: ^3.1.0
3343 silly placeDep ROOT shebang-command@2.0.0 OK for: cross-spawn@7.0.6 want: ^2.0.0
3344 silly placeDep ROOT which@2.0.2 OK for: cross-spawn@7.0.6 want: ^2.0.1
3345 silly fetch manifest shebang-regex@^3.0.0
3346 silly packumentCache full:https://registry.npmjs.org/shebang-regex cache-miss
3347 silly fetch manifest isexe@^2.0.0
3348 silly packumentCache full:https://registry.npmjs.org/isexe cache-miss
3349 http fetch GET 200 https://registry.npmjs.org/shebang-regex 146ms (cache miss)
3350 silly packumentCache full:https://registry.npmjs.org/shebang-regex set size:undefined disposed:false
3351 http fetch GET 200 https://registry.npmjs.org/isexe 159ms (cache miss)
3352 silly packumentCache full:https://registry.npmjs.org/isexe set size:undefined disposed:false
3353 silly placeDep ROOT icss-utils@5.1.0 OK for: css-loader@7.1.2 want: ^5.1.0
3354 silly placeDep ROOT postcss-modules-extract-imports@3.1.0 OK for: css-loader@7.1.2 want: ^3.1.0
3355 silly placeDep ROOT postcss-modules-local-by-default@4.2.0 OK for: css-loader@7.1.2 want: ^4.0.5
3356 silly placeDep ROOT postcss-modules-scope@3.2.1 OK for: css-loader@7.1.2 want: ^3.2.0
3357 silly placeDep ROOT postcss-modules-values@4.0.0 OK for: css-loader@7.1.2 want: ^4.0.0
3358 silly fetch manifest postcss-selector-parser@^7.0.0
3359 silly packumentCache full:https://registry.npmjs.org/postcss-selector-parser cache-hit
3360 silly fetch manifest postcss-selector-parser@^7.0.0
3361 silly packumentCache full:https://registry.npmjs.org/postcss-selector-parser cache-hit
3362 silly placeDep ROOT boolbase@1.0.0 OK for: css-select@6.0.0 want: ^1.0.0
3363 silly placeDep ROOT domutils@3.2.2 OK for: css-select@6.0.0 want: ^3.2.2
3364 silly placeDep ROOT nth-check@2.1.1 OK for: css-select@6.0.0 want: ^2.1.1
3365 silly placeDep ROOT ms@2.1.3 OK for: debug@4.4.3 want: ^2.1.3
3366 silly placeDep ROOT domelementtype@2.3.0 OK for: dom-serializer@2.0.0 want: ^2.3.0
3367 silly placeDep ROOT entities@4.5.0 OK for: dom-serializer@2.0.0 want: ^4.2.0
3368 silly placeDep ROOT @esbuild/aix-ppc64@0.25.9 OK for: esbuild@0.25.9 want: 0.25.9
3369 silly placeDep ROOT @esbuild/android-arm@0.25.9 OK for: esbuild@0.25.9 want: 0.25.9
3370 silly placeDep ROOT @esbuild/android-arm64@0.25.9 OK for: esbuild@0.25.9 want: 0.25.9
3371 silly placeDep ROOT @esbuild/android-x64@0.25.9 OK for: esbuild@0.25.9 want: 0.25.9
3372 silly placeDep ROOT @esbuild/darwin-arm64@0.25.9 OK for: esbuild@0.25.9 want: 0.25.9
3373 silly placeDep ROOT @esbuild/darwin-x64@0.25.9 OK for: esbuild@0.25.9 want: 0.25.9
3374 silly placeDep ROOT @esbuild/freebsd-arm64@0.25.9 OK for: esbuild@0.25.9 want: 0.25.9
3375 silly placeDep ROOT @esbuild/freebsd-x64@0.25.9 OK for: esbuild@0.25.9 want: 0.25.9
3376 silly placeDep ROOT @esbuild/linux-arm@0.25.9 OK for: esbuild@0.25.9 want: 0.25.9
3377 silly placeDep ROOT @esbuild/linux-arm64@0.25.9 OK for: esbuild@0.25.9 want: 0.25.9
3378 silly placeDep ROOT @esbuild/linux-ia32@0.25.9 OK for: esbuild@0.25.9 want: 0.25.9
3379 silly placeDep ROOT @esbuild/linux-loong64@0.25.9 OK for: esbuild@0.25.9 want: 0.25.9
3380 silly placeDep ROOT @esbuild/linux-mips64el@0.25.9 OK for: esbuild@0.25.9 want: 0.25.9
3381 silly placeDep ROOT @esbuild/linux-ppc64@0.25.9 OK for: esbuild@0.25.9 want: 0.25.9
3382 silly placeDep ROOT @esbuild/linux-riscv64@0.25.9 OK for: esbuild@0.25.9 want: 0.25.9
3383 silly placeDep ROOT @esbuild/linux-s390x@0.25.9 OK for: esbuild@0.25.9 want: 0.25.9
3384 silly placeDep ROOT @esbuild/linux-x64@0.25.9 OK for: esbuild@0.25.9 want: 0.25.9
3385 silly placeDep ROOT @esbuild/netbsd-arm64@0.25.9 OK for: esbuild@0.25.9 want: 0.25.9
3386 silly placeDep ROOT @esbuild/netbsd-x64@0.25.9 OK for: esbuild@0.25.9 want: 0.25.9
3387 silly placeDep ROOT @esbuild/openbsd-arm64@0.25.9 OK for: esbuild@0.25.9 want: 0.25.9
3388 silly placeDep ROOT @esbuild/openbsd-x64@0.25.9 OK for: esbuild@0.25.9 want: 0.25.9
3389 silly placeDep ROOT @esbuild/openharmony-arm64@0.25.9 OK for: esbuild@0.25.9 want: 0.25.9
3390 silly placeDep ROOT @esbuild/sunos-x64@0.25.9 OK for: esbuild@0.25.9 want: 0.25.9
3391 silly placeDep ROOT @esbuild/win32-arm64@0.25.9 OK for: esbuild@0.25.9 want: 0.25.9
3392 silly placeDep ROOT @esbuild/win32-ia32@0.25.9 OK for: esbuild@0.25.9 want: 0.25.9
3393 silly placeDep ROOT @esbuild/win32-x64@0.25.9 OK for: esbuild@0.25.9 want: 0.25.9
3394 silly placeDep ROOT accepts@2.0.0 OK for: express@5.2.1 want: ^2.0.0
3395 silly placeDep ROOT body-parser@2.2.2 OK for: express@5.2.1 want: ^2.2.1
3396 silly placeDep ROOT content-disposition@1.0.1 OK for: express@5.2.1 want: ^1.0.0
3397 silly placeDep ROOT cookie@0.7.2 OK for: express@5.2.1 want: ^0.7.1
3398 silly placeDep ROOT cookie-signature@1.2.2 OK for: express@5.2.1 want: ^1.2.1
3399 silly placeDep ROOT depd@2.0.0 OK for: express@5.2.1 want: ^2.0.0
3400 silly placeDep ROOT encodeurl@2.0.0 OK for: express@5.2.1 want: ^2.0.0
3401 silly placeDep ROOT escape-html@1.0.3 OK for: express@5.2.1 want: ^1.0.3
3402 silly placeDep ROOT etag@1.8.1 OK for: express@5.2.1 want: ^1.8.1
3403 silly placeDep ROOT finalhandler@2.1.1 OK for: express@5.2.1 want: ^2.1.0
3404 silly placeDep ROOT fresh@2.0.0 OK for: express@5.2.1 want: ^2.0.0
3405 silly placeDep ROOT http-errors@2.0.1 OK for: express@5.2.1 want: ^2.0.0
3406 silly placeDep ROOT merge-descriptors@2.0.0 OK for: express@5.2.1 want: ^2.0.0
3407 silly placeDep ROOT mime-types@3.0.2 OK for: express@5.2.1 want: ^3.0.0
3408 silly placeDep ROOT on-finished@2.4.1 OK for: express@5.2.1 want: ^2.4.1
3409 silly placeDep ROOT once@1.4.0 OK for: express@5.2.1 want: ^1.4.0
3410 silly placeDep ROOT parseurl@1.3.3 OK for: express@5.2.1 want: ^1.3.3
3411 silly placeDep ROOT proxy-addr@2.0.7 OK for: express@5.2.1 want: ^2.0.7
3412 silly placeDep ROOT qs@6.14.1 OK for: express@5.2.1 want: ^6.14.0
3413 silly placeDep ROOT range-parser@1.2.1 OK for: express@5.2.1 want: ^1.2.1
3414 silly placeDep ROOT router@2.2.0 OK for: express@5.2.1 want: ^2.2.0
3415 silly placeDep ROOT send@1.2.1 OK for: express@5.2.1 want: ^1.1.0
3416 silly placeDep ROOT serve-static@2.2.1 OK for: express@5.2.1 want: ^2.2.0
3417 silly placeDep ROOT statuses@2.0.2 OK for: express@5.2.1 want: ^2.0.1
3418 silly placeDep ROOT type-is@2.0.1 OK for: express@5.2.1 want: ^2.0.1
3419 silly fetch manifest negotiator@^1.0.0
3420 silly packumentCache full:https://registry.npmjs.org/negotiator cache-miss
3421 silly fetch manifest bytes@^3.1.2
3422 silly packumentCache full:https://registry.npmjs.org/bytes cache-miss
3423 silly fetch manifest qs@^6.14.1
3424 silly packumentCache full:https://registry.npmjs.org/qs cache-miss
3425 silly fetch manifest inherits@~2.0.4
3426 silly packumentCache full:https://registry.npmjs.org/inherits cache-miss
3427 silly fetch manifest setprototypeof@~1.2.0
3428 silly packumentCache full:https://registry.npmjs.org/setprototypeof cache-miss
3429 silly fetch manifest statuses@~2.0.2
3430 silly packumentCache full:https://registry.npmjs.org/statuses cache-miss
3431 silly fetch manifest toidentifier@~1.0.1
3432 silly packumentCache full:https://registry.npmjs.org/toidentifier cache-miss
3433 silly fetch manifest mime-db@^1.54.0
3434 silly packumentCache full:https://registry.npmjs.org/mime-db cache-miss
3435 silly fetch manifest ee-first@1.1.1
3436 silly packumentCache full:https://registry.npmjs.org/ee-first cache-miss
3437 http fetch GET 200 https://registry.npmjs.org/statuses 7ms (cache hit)
3438 silly packumentCache full:https://registry.npmjs.org/statuses set size:37117 disposed:false
3439 silly fetch manifest wrappy@1
3440 silly packumentCache full:https://registry.npmjs.org/wrappy cache-miss
3441 http fetch GET 200 https://registry.npmjs.org/bytes 10ms (cache hit)
3442 silly packumentCache full:https://registry.npmjs.org/bytes set size:37018 disposed:false
3443 silly fetch manifest forwarded@0.2.0
3444 silly packumentCache full:https://registry.npmjs.org/forwarded cache-miss
3445 http fetch GET 200 https://registry.npmjs.org/qs 10ms (cache hit)
3446 silly packumentCache full:https://registry.npmjs.org/qs set size:268000 disposed:false
3447 silly fetch manifest ipaddr.js@1.9.1
3448 silly packumentCache full:https://registry.npmjs.org/ipaddr.js cache-miss
3449 http fetch GET 200 https://registry.npmjs.org/ipaddr.js 3ms (cache hit)
3450 silly packumentCache full:https://registry.npmjs.org/ipaddr.js set size:67857 disposed:false
3451 silly fetch manifest side-channel@^1.1.0
3452 silly packumentCache full:https://registry.npmjs.org/side-channel cache-miss
3453 http fetch GET 200 https://registry.npmjs.org/toidentifier 253ms (cache miss)
3454 silly packumentCache full:https://registry.npmjs.org/toidentifier set size:undefined disposed:false
3455 silly fetch manifest is-promise@^4.0.0
3456 silly packumentCache full:https://registry.npmjs.org/is-promise cache-miss
3457 http fetch GET 200 https://registry.npmjs.org/ee-first 254ms (cache miss)
3458 silly packumentCache full:https://registry.npmjs.org/ee-first set size:undefined disposed:false
3459 silly fetch manifest path-to-regexp@^8.0.0
3460 silly packumentCache full:https://registry.npmjs.org/path-to-regexp cache-miss
3461 http fetch GET 200 https://registry.npmjs.org/setprototypeof 255ms (cache miss)
3462 silly packumentCache full:https://registry.npmjs.org/setprototypeof set size:undefined disposed:false
3463 silly fetch manifest statuses@^2.0.2
3464 silly packumentCache full:https://registry.npmjs.org/statuses cache-hit
3465 silly fetch manifest media-typer@^1.1.0
3466 silly packumentCache full:https://registry.npmjs.org/media-typer cache-miss
3467 http fetch GET 200 https://registry.npmjs.org/wrappy 250ms (cache miss)
3468 silly packumentCache full:https://registry.npmjs.org/wrappy set size:undefined disposed:false
3469 http fetch GET 200 https://registry.npmjs.org/forwarded 251ms (cache miss)
3470 silly packumentCache full:https://registry.npmjs.org/forwarded set size:undefined disposed:false
3471 http fetch GET 200 https://registry.npmjs.org/negotiator 261ms (cache miss)
3472 silly packumentCache full:https://registry.npmjs.org/negotiator set size:undefined disposed:false
3473 http fetch GET 200 https://registry.npmjs.org/mime-db 258ms (cache miss)
3474 silly packumentCache full:https://registry.npmjs.org/mime-db set size:undefined disposed:false
3475 http fetch GET 200 https://registry.npmjs.org/inherits 289ms (cache miss)
3476 silly packumentCache full:https://registry.npmjs.org/inherits set size:undefined disposed:false
3477 http fetch GET 200 https://registry.npmjs.org/side-channel 271ms (cache miss)
3478 silly packumentCache full:https://registry.npmjs.org/side-channel set size:undefined disposed:false
3479 http fetch GET 200 https://registry.npmjs.org/is-promise 147ms (cache miss)
3480 silly packumentCache full:https://registry.npmjs.org/is-promise set size:undefined disposed:false
3481 http fetch GET 200 https://registry.npmjs.org/path-to-regexp 154ms (cache miss)
3482 silly packumentCache full:https://registry.npmjs.org/path-to-regexp set size:undefined disposed:false
3483 http fetch GET 200 https://registry.npmjs.org/media-typer 181ms (cache miss)
3484 silly packumentCache full:https://registry.npmjs.org/media-typer set size:undefined disposed:false
3485 silly placeDep ROOT negotiator@1.0.0 OK for: accepts@2.0.0 want: ^1.0.0
3486 silly placeDep ROOT bytes@3.1.2 OK for: body-parser@2.2.2 want: ^3.1.2
3487 silly placeDep ROOT @nodelib/fs.stat@2.0.5 OK for: fast-glob@3.3.3 want: ^2.0.2
3488 silly placeDep ROOT @nodelib/fs.walk@1.2.8 OK for: fast-glob@3.3.3 want: ^1.2.3
3489 silly placeDep node_modules/fast-glob glob-parent@5.1.2 OK for: fast-glob@3.3.3 want: ^5.1.2
3490 silly placeDep ROOT merge2@1.4.1 OK for: fast-glob@3.3.3 want: ^1.3.0
3491 silly placeDep ROOT micromatch@4.0.8 OK for: fast-glob@3.3.3 want: ^4.0.8
3492 silly fetch manifest fastq@^1.6.0
3493 silly packumentCache full:https://registry.npmjs.org/fastq cache-miss
3494 silly fetch manifest @nodelib/fs.scandir@2.1.5
3495 silly packumentCache full:https://registry.npmjs.org/@nodelib%2ffs.scandir cache-miss
3496 silly fetch manifest is-glob@^4.0.1
3497 silly packumentCache full:https://registry.npmjs.org/is-glob cache-miss
3498 silly fetch manifest braces@^3.0.3
3499 silly packumentCache full:https://registry.npmjs.org/braces cache-miss
3500 silly fetch manifest picomatch@^2.3.1
3501 silly packumentCache full:https://registry.npmjs.org/picomatch cache-miss
3502 http fetch GET 200 https://registry.npmjs.org/braces 4ms (cache hit)
3503 silly packumentCache full:https://registry.npmjs.org/braces set size:114529 disposed:false
3504 http fetch GET 200 https://registry.npmjs.org/is-glob 5ms (cache hit)
3505 silly packumentCache full:https://registry.npmjs.org/is-glob set size:40530 disposed:false
3506 http fetch GET 200 https://registry.npmjs.org/picomatch 6ms (cache hit)
3507 silly packumentCache full:https://registry.npmjs.org/picomatch set size:118818 disposed:false
3508 http fetch GET 200 https://registry.npmjs.org/fastq 173ms (cache miss)
3509 silly packumentCache full:https://registry.npmjs.org/fastq set size:undefined disposed:false
3510 http fetch GET 200 https://registry.npmjs.org/@nodelib%2ffs.scandir 853ms (cache miss)
3511 silly packumentCache full:https://registry.npmjs.org/@nodelib%2ffs.scandir set size:undefined disposed:false
3512 silly placeDep ROOT @nodelib/fs.scandir@2.1.5 OK for: @nodelib/fs.walk@1.2.8 want: 2.1.5
3513 silly placeDep ROOT fastq@1.20.1 OK for: @nodelib/fs.walk@1.2.8 want: ^1.6.0
3514 silly fetch manifest run-parallel@^1.1.9
3515 silly packumentCache full:https://registry.npmjs.org/run-parallel cache-miss
3516 silly fetch manifest reusify@^1.0.4
3517 silly packumentCache full:https://registry.npmjs.org/reusify cache-miss
3518 http fetch GET 200 https://registry.npmjs.org/reusify 232ms (cache miss)
3519 silly packumentCache full:https://registry.npmjs.org/reusify set size:undefined disposed:false
3520 http fetch GET 200 https://registry.npmjs.org/run-parallel 481ms (cache miss)
3521 silly packumentCache full:https://registry.npmjs.org/run-parallel set size:undefined disposed:false
3522 silly placeDep ROOT run-parallel@1.2.0 OK for: @nodelib/fs.scandir@2.1.5 want: ^1.1.9
3523 silly fetch manifest queue-microtask@^1.2.2
3524 silly packumentCache full:https://registry.npmjs.org/queue-microtask cache-miss
3525 http fetch GET 200 https://registry.npmjs.org/queue-microtask 128ms (cache miss)
3526 silly packumentCache full:https://registry.npmjs.org/queue-microtask set size:undefined disposed:false
3527 silly placeDep ROOT reusify@1.1.0 OK for: fastq@1.20.1 want: ^1.0.4
3528 silly placeDep ROOT locate-path@6.0.0 OK for: find-up@5.0.0 want: ^6.0.0
3529 silly placeDep ROOT path-exists@4.0.0 OK for: find-up@5.0.0 want: ^4.0.0
3530 silly fetch manifest p-locate@^5.0.0
3531 silly packumentCache full:https://registry.npmjs.org/p-locate cache-miss
3532 http fetch GET 200 https://registry.npmjs.org/p-locate 159ms (cache miss)
3533 silly packumentCache full:https://registry.npmjs.org/p-locate set size:undefined disposed:false
3534 silly placeDep ROOT graceful-fs@4.2.11 OK for: fs-extra@11.3.3 want: ^4.2.0
3535 silly placeDep ROOT jsonfile@6.2.0 OK for: fs-extra@11.3.3 want: ^6.0.1
3536 silly placeDep ROOT universalify@2.0.1 OK for: fs-extra@11.3.3 want: ^2.0.0
3537 silly placeDep ROOT foreground-child@3.3.1 OK for: glob@10.5.0 want: ^3.1.0
3538 silly placeDep ROOT jackspeak@3.4.3 OK for: glob@10.5.0 want: ^3.1.2
3539 silly placeDep ROOT minimatch@9.0.5 OK for: glob@10.5.0 want: ^9.0.4
3540 silly placeDep ROOT minipass@7.1.2 OK for: glob@10.5.0 want: ^7.1.2
3541 silly placeDep ROOT package-json-from-dist@1.0.1 OK for: glob@10.5.0 want: ^1.0.0
3542 silly placeDep ROOT path-scurry@1.11.1 OK for: glob@10.5.0 want: ^1.11.1
3543 silly fetch manifest @isaacs/cliui@^8.0.2
3544 silly packumentCache full:https://registry.npmjs.org/@isaacs%2fcliui cache-miss
3545 silly fetch manifest @pkgjs/parseargs@^0.11.0
3546 silly packumentCache full:https://registry.npmjs.org/@pkgjs%2fparseargs cache-miss
3547 silly fetch manifest brace-expansion@^2.0.1
3548 silly packumentCache full:https://registry.npmjs.org/brace-expansion cache-miss
3549 silly fetch manifest lru-cache@^10.2.0
3550 silly packumentCache full:https://registry.npmjs.org/lru-cache cache-miss
3551 http fetch GET 200 https://registry.npmjs.org/lru-cache 6ms (cache hit)
3552 silly packumentCache full:https://registry.npmjs.org/lru-cache set size:410669 disposed:false
3553 http fetch GET 200 https://registry.npmjs.org/brace-expansion 127ms (cache miss)
3554 silly packumentCache full:https://registry.npmjs.org/brace-expansion set size:undefined disposed:false
3555 http fetch GET 200 https://registry.npmjs.org/@isaacs%2fcliui 145ms (cache miss)
3556 silly packumentCache full:https://registry.npmjs.org/@isaacs%2fcliui set size:undefined disposed:false
3557 http fetch GET 200 https://registry.npmjs.org/@pkgjs%2fparseargs 286ms (cache miss)
3558 silly packumentCache full:https://registry.npmjs.org/@pkgjs%2fparseargs set size:undefined disposed:false
3559 silly placeDep ROOT is-glob@4.0.3 OK for: glob-parent@6.0.2 want: ^4.0.3
3560 silly fetch manifest is-extglob@^2.1.1
3561 silly packumentCache full:https://registry.npmjs.org/is-extglob cache-miss
3562 http fetch GET 200 https://registry.npmjs.org/is-extglob 157ms (cache miss)
3563 silly packumentCache full:https://registry.npmjs.org/is-extglob set size:undefined disposed:false
3564 silly placeDep node_modules/htmlparser2 entities@7.0.1 OK for: htmlparser2@10.1.0 want: ^7.0.1
3565 silly placeDep ROOT inherits@2.0.4 OK for: http-errors@2.0.1 want: ~2.0.4
3566 silly placeDep ROOT setprototypeof@1.2.0 OK for: http-errors@2.0.1 want: ~1.2.0
3567 silly placeDep ROOT toidentifier@1.0.1 OK for: http-errors@2.0.1 want: ~1.0.1
3568 silly placeDep ROOT @types/http-proxy@1.17.17 OK for: http-proxy-middleware@3.0.5 want: ^1.17.15
3569 silly placeDep ROOT http-proxy@1.18.1 OK for: http-proxy-middleware@3.0.5 want: ^1.18.1
3570 silly placeDep ROOT is-plain-object@5.0.0 OK for: http-proxy-middleware@3.0.5 want: ^5.0.0
3571 silly fetch manifest @types/node@*
3572 silly packumentCache full:https://registry.npmjs.org/@types%2fnode cache-miss
3573 silly fetch manifest eventemitter3@^4.0.0
3574 silly packumentCache full:https://registry.npmjs.org/eventemitter3 cache-miss
3575 silly fetch manifest requires-port@^1.0.0
3576 silly packumentCache full:https://registry.npmjs.org/requires-port cache-miss
3577 silly fetch manifest follow-redirects@^1.0.0
3578 silly packumentCache full:https://registry.npmjs.org/follow-redirects cache-miss
3579 http fetch GET 200 https://registry.npmjs.org/eventemitter3 4ms (cache hit)
3580 silly packumentCache full:https://registry.npmjs.org/eventemitter3 set size:92292 disposed:false
3581 http fetch GET 200 https://registry.npmjs.org/follow-redirects 211ms (cache miss)
3582 silly packumentCache full:https://registry.npmjs.org/follow-redirects set size:undefined disposed:false
3583 http fetch GET 200 https://registry.npmjs.org/requires-port 271ms (cache miss)
3584 silly packumentCache full:https://registry.npmjs.org/requires-port set size:undefined disposed:false
3585 http fetch GET 200 https://registry.npmjs.org/@types%2fnode 1787ms (cache miss)
3586 silly packumentCache full:https://registry.npmjs.org/@types%2fnode set size:undefined disposed:false
3587 silly placeDep ROOT @types/node@25.0.10 OK for: @types/http-proxy@1.17.17 want: *
3588 silly fetch manifest undici-types@~7.16.0
3589 silly packumentCache full:https://registry.npmjs.org/undici-types cache-miss
3590 http fetch GET 200 https://registry.npmjs.org/undici-types 250ms (cache miss)
3591 silly packumentCache full:https://registry.npmjs.org/undici-types set size:undefined disposed:false
3592 silly placeDep ROOT undici-types@7.16.0 OK for: @types/node@25.0.10 want: ~7.16.0
3593 silly placeDep ROOT eventemitter3@4.0.7 OK for: http-proxy@1.18.1 want: ^4.0.0
3594 silly placeDep ROOT follow-redirects@1.15.11 OK for: http-proxy@1.18.1 want: ^1.0.0
3595 silly placeDep ROOT requires-port@1.0.0 OK for: http-proxy@1.18.1 want: ^1.0.0
3596 silly placeDep ROOT agent-base@7.1.4 OK for: https-proxy-agent@7.0.6 want: ^7.1.2
3597 silly placeDep ROOT safer-buffer@2.1.2 OK for: iconv-lite@0.7.2 want: >= 2.1.2 < 3.0.0
3598 silly placeDep ROOT parent-module@1.0.1 OK for: import-fresh@3.3.1 want: ^1.0.0
3599 silly placeDep ROOT resolve-from@4.0.0 OK for: import-fresh@3.3.1 want: ^4.0.0
3600 silly fetch manifest callsites@^3.0.0
3601 silly packumentCache full:https://registry.npmjs.org/callsites cache-miss
3602 http fetch GET 200 https://registry.npmjs.org/callsites 182ms (cache miss)
3603 silly packumentCache full:https://registry.npmjs.org/callsites set size:undefined disposed:false
3604 silly placeDep ROOT is-extglob@2.1.1 OK for: is-glob@4.0.3 want: ^2.1.1
3605 silly placeDep ROOT @istanbuljs/schema@0.1.3 OK for: istanbul-lib-instrument@6.0.3 want: ^0.1.3
3606 silly placeDep ROOT istanbul-lib-coverage@3.2.2 OK for: istanbul-lib-instrument@6.0.3 want: ^3.2.0
3607 silly placeDep ROOT @isaacs/cliui@8.0.2 OK for: jackspeak@3.4.3 want: ^8.0.2
3608 silly placeDep ROOT @pkgjs/parseargs@0.11.0 OK for: jackspeak@3.4.3 want: ^0.11.0
3609 silly fetch manifest string-width@^5.1.2
3610 silly packumentCache full:https://registry.npmjs.org/string-width cache-hit
3611 silly fetch manifest string-width-cjs@npm:string-width@^4.2.0
3612 silly packumentCache full:https://registry.npmjs.org/string-width cache-hit
3613 silly fetch manifest strip-ansi@^7.0.1
3614 silly packumentCache full:https://registry.npmjs.org/strip-ansi cache-hit
3615 silly fetch manifest strip-ansi-cjs@npm:strip-ansi@^6.0.1
3616 silly packumentCache full:https://registry.npmjs.org/strip-ansi cache-hit
3617 silly fetch manifest wrap-ansi@^8.1.0
3618 silly packumentCache full:https://registry.npmjs.org/wrap-ansi cache-hit
3619 silly fetch manifest wrap-ansi-cjs@npm:wrap-ansi@^7.0.0
3620 silly packumentCache full:https://registry.npmjs.org/wrap-ansi cache-hit
3621 silly placeDep ROOT string-width@5.1.2 OK for: @isaacs/cliui@8.0.2 want: ^5.1.2
3622 silly placeDep ROOT string-width-cjs@4.2.3 OK for: @isaacs/cliui@8.0.2 want: npm:string-width@^4.2.0
3623 silly placeDep ROOT strip-ansi@7.1.2 OK for: @isaacs/cliui@8.0.2 want: ^7.0.1
3624 silly placeDep ROOT strip-ansi-cjs@6.0.1 OK for: @isaacs/cliui@8.0.2 want: npm:strip-ansi@^6.0.1
3625 silly placeDep node_modules/@isaacs/cliui wrap-ansi@8.1.0 OK for: @isaacs/cliui@8.0.2 want: ^8.1.0
3626 silly placeDep ROOT wrap-ansi-cjs@7.0.0 OK for: @isaacs/cliui@8.0.2 want: npm:wrap-ansi@^7.0.0
3627 silly fetch manifest emoji-regex@^9.2.2
3628 silly packumentCache full:https://registry.npmjs.org/emoji-regex cache-miss
3629 silly fetch manifest eastasianwidth@^0.2.0
3630 silly packumentCache full:https://registry.npmjs.org/eastasianwidth cache-miss
3631 silly fetch manifest strip-ansi@^6.0.1
3632 silly packumentCache full:https://registry.npmjs.org/strip-ansi cache-hit
3633 silly fetch manifest emoji-regex@^8.0.0
3634 silly packumentCache full:https://registry.npmjs.org/emoji-regex cache-miss
3635 silly fetch manifest is-fullwidth-code-point@^3.0.0
3636 silly packumentCache full:https://registry.npmjs.org/is-fullwidth-code-point cache-miss
3637 silly fetch manifest ansi-regex@^6.0.1
3638 silly packumentCache full:https://registry.npmjs.org/ansi-regex cache-miss
3639 silly fetch manifest ansi-regex@^5.0.1
3640 silly packumentCache full:https://registry.npmjs.org/ansi-regex cache-miss
3641 silly fetch manifest ansi-styles@^6.1.0
3642 silly packumentCache full:https://registry.npmjs.org/ansi-styles cache-miss
3643 http fetch GET 200 https://registry.npmjs.org/ansi-styles 6ms (cache hit)
3644 silly packumentCache full:https://registry.npmjs.org/ansi-styles set size:63233 disposed:false
3645 http fetch GET 200 https://registry.npmjs.org/ansi-regex 159ms (cache miss)
3646 silly packumentCache full:https://registry.npmjs.org/ansi-regex set size:undefined disposed:false
3647 http fetch GET 200 https://registry.npmjs.org/eastasianwidth 161ms (cache miss)
3648 silly packumentCache full:https://registry.npmjs.org/eastasianwidth set size:undefined disposed:false
3649 http fetch GET 200 https://registry.npmjs.org/emoji-regex 161ms (cache miss)
3650 silly packumentCache full:https://registry.npmjs.org/emoji-regex set size:undefined disposed:false
3651 http fetch GET 200 https://registry.npmjs.org/emoji-regex 186ms (cache miss)
3652 silly packumentCache full:https://registry.npmjs.org/emoji-regex set size:undefined disposed:false
3653 http fetch GET 200 https://registry.npmjs.org/is-fullwidth-code-point 185ms (cache miss)
3654 silly packumentCache full:https://registry.npmjs.org/is-fullwidth-code-point set size:undefined disposed:false
3655 http fetch GET 200 https://registry.npmjs.org/ansi-regex 389ms (cache miss)
3656 silly packumentCache full:https://registry.npmjs.org/ansi-regex set size:undefined disposed:false
3657 silly placeDep ROOT argparse@2.0.1 OK for: js-yaml@4.1.1 want: ^2.0.1
3658 silly placeDep ROOT @colors/colors@1.5.0 OK for: karma@6.4.4 want: 1.5.0
3659 silly placeDep node_modules/karma body-parser@1.20.4 OK for: karma@6.4.4 want: ^1.19.0
3660 silly placeDep ROOT braces@3.0.3 OK for: karma@6.4.4 want: ^3.0.2
3661 silly placeDep node_modules/karma chokidar@3.6.0 OK for: karma@6.4.4 want: ^3.5.1
3662 silly placeDep ROOT connect@3.7.0 OK for: karma@6.4.4 want: ^3.7.0
3663 silly placeDep ROOT di@0.0.1 OK for: karma@6.4.4 want: ^0.0.1
3664 silly placeDep ROOT dom-serialize@2.2.1 OK for: karma@6.4.4 want: ^2.2.1
3665 silly placeDep node_modules/karma glob@7.2.3 OK for: karma@6.4.4 want: ^7.1.7
3666 silly placeDep ROOT isbinaryfile@4.0.10 OK for: karma@6.4.4 want: ^4.0.8
3667 silly placeDep ROOT log4js@6.9.1 OK for: karma@6.4.4 want: ^6.4.1
3668 silly placeDep ROOT mime@2.6.0 OK for: karma@6.4.4 want: ^2.5.2
3669 silly placeDep node_modules/karma minimatch@3.1.2 OK for: karma@6.4.4 want: ^3.0.4
3670 silly placeDep ROOT mkdirp@0.5.6 OK for: karma@6.4.4 want: ^0.5.5
3671 silly placeDep ROOT qjobs@1.2.0 OK for: karma@6.4.4 want: ^1.2.0
3672 silly placeDep ROOT rimraf@3.0.2 OK for: karma@6.4.4 want: ^3.0.2
3673 silly placeDep ROOT socket.io@4.8.3 OK for: karma@6.4.4 want: ^4.7.2
3674 silly placeDep node_modules/karma source-map@0.6.1 OK for: karma@6.4.4 want: ^0.6.1
3675 silly placeDep ROOT tmp@0.2.5 OK for: karma@6.4.4 want: ^0.2.1
3676 silly placeDep ROOT ua-parser-js@0.7.41 OK for: karma@6.4.4 want: ^0.7.30
3677 silly placeDep node_modules/karma yargs@16.2.0 OK for: karma@6.4.4 want: ^16.1.1
3678 silly fetch manifest debug@2.6.9
3679 silly packumentCache full:https://registry.npmjs.org/debug cache-hit
3680 silly fetch manifest destroy@~1.2.0
3681 silly packumentCache full:https://registry.npmjs.org/destroy cache-miss
3682 silly fetch manifest type-is@~1.6.18
3683 silly packumentCache full:https://registry.npmjs.org/type-is cache-miss
3684 silly fetch manifest raw-body@~2.5.3
3685 silly packumentCache full:https://registry.npmjs.org/raw-body cache-miss
3686 silly fetch manifest iconv-lite@~0.4.24
3687 silly packumentCache full:https://registry.npmjs.org/iconv-lite cache-hit
3688 silly fetch manifest fill-range@^7.1.1
3689 silly packumentCache full:https://registry.npmjs.org/fill-range cache-miss
3690 silly fetch manifest anymatch@~3.1.2
3691 silly packumentCache full:https://registry.npmjs.org/anymatch cache-miss
3692 silly fetch manifest readdirp@~3.6.0
3693 silly packumentCache full:https://registry.npmjs.org/readdirp cache-miss
3694 silly fetch manifest glob-parent@~5.1.2
3695 silly packumentCache full:https://registry.npmjs.org/glob-parent cache-hit
3696 silly fetch manifest is-binary-path@~2.1.0
3697 silly packumentCache full:https://registry.npmjs.org/is-binary-path cache-miss
3698 silly fetch manifest fsevents@~2.3.2
3699 silly packumentCache full:https://registry.npmjs.org/fsevents cache-miss
3700 silly fetch manifest finalhandler@1.1.2
3701 silly packumentCache full:https://registry.npmjs.org/finalhandler cache-miss
3702 http fetch GET 200 https://registry.npmjs.org/fsevents 4ms (cache hit)
3703 silly packumentCache full:https://registry.npmjs.org/fsevents set size:182472 disposed:false
3704 silly fetch manifest utils-merge@1.0.1
3705 silly packumentCache full:https://registry.npmjs.org/utils-merge cache-miss
3706 http fetch GET 200 https://registry.npmjs.org/readdirp 6ms (cache hit)
3707 silly packumentCache full:https://registry.npmjs.org/readdirp set size:107589 disposed:false
3708 silly fetch manifest custom-event@~1.0.0
3709 silly packumentCache full:https://registry.npmjs.org/custom-event cache-miss
3710 http fetch GET 200 https://registry.npmjs.org/finalhandler 6ms (cache hit)
3711 silly packumentCache full:https://registry.npmjs.org/finalhandler set size:79291 disposed:false
3712 silly fetch manifest ent@~2.2.0
3713 silly packumentCache full:https://registry.npmjs.org/ent cache-miss
3714 http fetch GET 200 https://registry.npmjs.org/type-is 9ms (cache hit)
3715 silly packumentCache full:https://registry.npmjs.org/type-is set size:86196 disposed:false
3716 silly fetch manifest extend@^3.0.0
3717 silly packumentCache full:https://registry.npmjs.org/extend cache-miss
3718 http fetch GET 200 https://registry.npmjs.org/raw-body 9ms (cache hit)
3719 silly packumentCache full:https://registry.npmjs.org/raw-body set size:117767 disposed:false
3720 silly fetch manifest void-elements@^2.0.0
3721 silly packumentCache full:https://registry.npmjs.org/void-elements cache-miss
3722 http fetch GET 200 https://registry.npmjs.org/destroy 129ms (cache miss)
3723 silly packumentCache full:https://registry.npmjs.org/destroy set size:undefined disposed:false
3724 silly fetch manifest inflight@^1.0.4
3725 silly packumentCache full:https://registry.npmjs.org/inflight cache-miss
3726 http fetch GET 200 https://registry.npmjs.org/custom-event 162ms (cache miss)
3727 silly packumentCache full:https://registry.npmjs.org/custom-event set size:undefined disposed:false
3728 silly fetch manifest minimatch@^3.1.1
3729 silly packumentCache full:https://registry.npmjs.org/minimatch cache-hit
3730 silly fetch manifest fs.realpath@^1.0.0
3731 silly packumentCache full:https://registry.npmjs.org/fs.realpath cache-miss
3732 http fetch GET 200 https://registry.npmjs.org/is-binary-path 169ms (cache miss)
3733 silly packumentCache full:https://registry.npmjs.org/is-binary-path set size:undefined disposed:false
3734 silly fetch manifest path-is-absolute@^1.0.0
3735 silly packumentCache full:https://registry.npmjs.org/path-is-absolute cache-miss
3736 http fetch GET 200 https://registry.npmjs.org/ent 164ms (cache miss)
3737 silly packumentCache full:https://registry.npmjs.org/ent set size:undefined disposed:false
3738 silly fetch manifest date-format@^4.0.14
3739 silly packumentCache full:https://registry.npmjs.org/date-format cache-miss
3740 http fetch GET 200 https://registry.npmjs.org/fill-range 173ms (cache miss)
3741 silly packumentCache full:https://registry.npmjs.org/fill-range set size:undefined disposed:false
3742 silly fetch manifest flatted@^3.2.7
3743 silly packumentCache full:https://registry.npmjs.org/flatted cache-miss
3744 http fetch GET 200 https://registry.npmjs.org/utils-merge 170ms (cache miss)
3745 silly packumentCache full:https://registry.npmjs.org/utils-merge set size:undefined disposed:false
3746 silly fetch manifest rfdc@^1.3.0
3747 silly packumentCache full:https://registry.npmjs.org/rfdc cache-miss
3748 http fetch GET 200 https://registry.npmjs.org/void-elements 168ms (cache miss)
3749 silly packumentCache full:https://registry.npmjs.org/void-elements set size:undefined disposed:false
3750 silly fetch manifest streamroller@^3.1.5
3751 silly packumentCache full:https://registry.npmjs.org/streamroller cache-miss
3752 http fetch GET 200 https://registry.npmjs.org/extend 169ms (cache miss)
3753 silly packumentCache full:https://registry.npmjs.org/extend set size:undefined disposed:false
3754 silly fetch manifest brace-expansion@^1.1.7
3755 silly packumentCache full:https://registry.npmjs.org/brace-expansion cache-miss
3756 http fetch GET 200 https://registry.npmjs.org/brace-expansion 2ms (cache hit)
3757 silly packumentCache full:https://registry.npmjs.org/brace-expansion set size:46250 disposed:false
3758 silly fetch manifest minimist@^1.2.6
3759 silly packumentCache full:https://registry.npmjs.org/minimist cache-miss
3760 http fetch GET 200 https://registry.npmjs.org/rfdc 4ms (cache hit)
3761 silly packumentCache full:https://registry.npmjs.org/rfdc set size:45382 disposed:false
3762 silly fetch manifest glob@^7.1.3
3763 silly packumentCache full:https://registry.npmjs.org/glob cache-hit
3764 silly fetch manifest accepts@~1.3.4
3765 silly packumentCache full:https://registry.npmjs.org/accepts cache-miss
3766 http fetch GET 200 https://registry.npmjs.org/accepts 2ms (cache hit)
3767 silly packumentCache full:https://registry.npmjs.org/accepts set size:77054 disposed:false
3768 silly fetch manifest base64id@~2.0.0
3769 silly packumentCache full:https://registry.npmjs.org/base64id cache-miss
3770 http fetch GET 200 https://registry.npmjs.org/anymatch 276ms (cache miss)
3771 silly packumentCache full:https://registry.npmjs.org/anymatch set size:undefined disposed:false
3772 silly fetch manifest engine.io@~6.6.0
3773 silly packumentCache full:https://registry.npmjs.org/engine.io cache-miss
3774 http fetch GET 200 https://registry.npmjs.org/inflight 174ms (cache miss)
3775 silly packumentCache full:https://registry.npmjs.org/inflight set size:undefined disposed:false
3776 silly fetch manifest socket.io-adapter@~2.5.2
3777 silly packumentCache full:https://registry.npmjs.org/socket.io-adapter cache-miss
3778 http fetch GET 200 https://registry.npmjs.org/date-format 167ms (cache miss)
3779 silly packumentCache full:https://registry.npmjs.org/date-format set size:undefined disposed:false
3780 silly fetch manifest socket.io-parser@~4.2.4
3781 silly packumentCache full:https://registry.npmjs.org/socket.io-parser cache-miss
3782 http fetch GET 200 https://registry.npmjs.org/path-is-absolute 170ms (cache miss)
3783 silly packumentCache full:https://registry.npmjs.org/path-is-absolute set size:undefined disposed:false
3784 silly fetch manifest cliui@^7.0.2
3785 silly packumentCache full:https://registry.npmjs.org/cliui cache-miss
3786 http fetch GET 200 https://registry.npmjs.org/fs.realpath 172ms (cache miss)
3787 silly packumentCache full:https://registry.npmjs.org/fs.realpath set size:undefined disposed:false
3788 silly fetch manifest string-width@^4.2.0
3789 silly packumentCache full:https://registry.npmjs.org/string-width cache-hit
3790 silly fetch manifest yargs-parser@^20.2.2
3791 silly packumentCache full:https://registry.npmjs.org/yargs-parser cache-miss
3792 http fetch GET 200 https://registry.npmjs.org/cliui 6ms (cache hit)
3793 silly packumentCache full:https://registry.npmjs.org/cliui set size:69089 disposed:false
3794 silly fetch manifest require-directory@^2.1.1
3795 silly packumentCache full:https://registry.npmjs.org/require-directory cache-miss
3796 http fetch GET 200 https://registry.npmjs.org/yargs-parser 7ms (cache hit)
3797 silly packumentCache full:https://registry.npmjs.org/yargs-parser set size:238630 disposed:false
3798 http fetch GET 200 https://registry.npmjs.org/minimist 241ms (cache miss)
3799 silly packumentCache full:https://registry.npmjs.org/minimist set size:undefined disposed:false
3800 http fetch GET 200 https://registry.npmjs.org/flatted 275ms (cache miss)
3801 silly packumentCache full:https://registry.npmjs.org/flatted set size:undefined disposed:false
3802 http fetch GET 200 https://registry.npmjs.org/socket.io-parser 130ms (cache miss)
3803 silly packumentCache full:https://registry.npmjs.org/socket.io-parser set size:undefined disposed:false
3804 http fetch GET 200 https://registry.npmjs.org/socket.io-adapter 168ms (cache miss)
3805 silly packumentCache full:https://registry.npmjs.org/socket.io-adapter set size:undefined disposed:false
3806 http fetch GET 200 https://registry.npmjs.org/require-directory 131ms (cache miss)
3807 silly packumentCache full:https://registry.npmjs.org/require-directory set size:undefined disposed:false
3808 http fetch GET 200 https://registry.npmjs.org/base64id 299ms (cache miss)
3809 silly packumentCache full:https://registry.npmjs.org/base64id set size:undefined disposed:false
3810 http fetch GET 200 https://registry.npmjs.org/streamroller 560ms (cache miss)
3811 silly packumentCache full:https://registry.npmjs.org/streamroller set size:undefined disposed:false
3812 http fetch GET 200 https://registry.npmjs.org/engine.io 836ms (cache miss)
3813 silly packumentCache full:https://registry.npmjs.org/engine.io set size:undefined disposed:false
3814 silly placeDep ROOT fill-range@7.1.1 OK for: braces@3.0.3 want: ^7.1.1
3815 silly fetch manifest to-regex-range@^5.0.1
3816 silly packumentCache full:https://registry.npmjs.org/to-regex-range cache-miss
3817 http fetch GET 200 https://registry.npmjs.org/to-regex-range 205ms (cache miss)
3818 silly packumentCache full:https://registry.npmjs.org/to-regex-range set size:undefined disposed:false
3819 silly placeDep node_modules/connect debug@2.6.9 OK for: connect@3.7.0 want: 2.6.9
3820 silly placeDep node_modules/connect finalhandler@1.1.2 OK for: connect@3.7.0 want: 1.1.2
3821 silly placeDep ROOT utils-merge@1.0.1 OK for: connect@3.7.0 want: 1.0.1
3822 silly fetch manifest ms@2.0.0
3823 silly packumentCache full:https://registry.npmjs.org/ms cache-miss
3824 silly fetch manifest statuses@~1.5.0
3825 silly packumentCache full:https://registry.npmjs.org/statuses cache-hit
3826 silly fetch manifest encodeurl@~1.0.2
3827 silly packumentCache full:https://registry.npmjs.org/encodeurl cache-miss
3828 silly fetch manifest on-finished@~2.3.0
3829 silly packumentCache full:https://registry.npmjs.org/on-finished cache-miss
3830 http fetch GET 200 https://registry.npmjs.org/encodeurl 4ms (cache hit)
3831 silly packumentCache full:https://registry.npmjs.org/encodeurl set size:12296 disposed:false
3832 http fetch GET 200 https://registry.npmjs.org/on-finished 3ms (cache hit)
3833 silly packumentCache full:https://registry.npmjs.org/on-finished set size:23212 disposed:false
3834 http fetch GET 200 https://registry.npmjs.org/ms 4ms (cache hit)
3835 silly packumentCache full:https://registry.npmjs.org/ms set size:92208 disposed:false
3836 silly placeDep ROOT custom-event@1.0.1 OK for: dom-serialize@2.2.1 want: ~1.0.0
3837 silly placeDep ROOT ent@2.2.2 OK for: dom-serialize@2.2.1 want: ~2.2.0
3838 silly placeDep ROOT extend@3.0.2 OK for: dom-serialize@2.2.1 want: ^3.0.0
3839 silly placeDep ROOT void-elements@2.0.1 OK for: dom-serialize@2.2.1 want: ^2.0.0
3840 silly fetch manifest call-bound@^1.0.3
3841 silly packumentCache full:https://registry.npmjs.org/call-bound cache-miss
3842 silly fetch manifest es-errors@^1.3.0
3843 silly packumentCache full:https://registry.npmjs.org/es-errors cache-miss
3844 silly fetch manifest punycode@^1.4.1
3845 silly packumentCache full:https://registry.npmjs.org/punycode cache-miss
3846 silly fetch manifest safe-regex-test@^1.1.0
3847 silly packumentCache full:https://registry.npmjs.org/safe-regex-test cache-miss
3848 http fetch GET 200 https://registry.npmjs.org/call-bound 157ms (cache miss)
3849 silly packumentCache full:https://registry.npmjs.org/call-bound set size:undefined disposed:false
3850 http fetch GET 200 https://registry.npmjs.org/punycode 158ms (cache miss)
3851 silly packumentCache full:https://registry.npmjs.org/punycode set size:undefined disposed:false
3852 http fetch GET 200 https://registry.npmjs.org/es-errors 165ms (cache miss)
3853 silly packumentCache full:https://registry.npmjs.org/es-errors set size:undefined disposed:false
3854 http fetch GET 200 https://registry.npmjs.org/safe-regex-test 166ms (cache miss)
3855 silly packumentCache full:https://registry.npmjs.org/safe-regex-test set size:undefined disposed:false
3856 silly placeDep ROOT call-bound@1.0.4 OK for: ent@2.2.2 want: ^1.0.3
3857 silly placeDep ROOT es-errors@1.3.0 OK for: ent@2.2.2 want: ^1.3.0
3858 silly placeDep ROOT punycode@1.4.1 OK for: ent@2.2.2 want: ^1.4.1
3859 silly placeDep ROOT safe-regex-test@1.1.0 OK for: ent@2.2.2 want: ^1.1.0
3860 silly fetch manifest call-bind-apply-helpers@^1.0.2
3861 silly packumentCache full:https://registry.npmjs.org/call-bind-apply-helpers cache-miss
3862 silly fetch manifest get-intrinsic@^1.3.0
3863 silly packumentCache full:https://registry.npmjs.org/get-intrinsic cache-miss
3864 silly fetch manifest is-regex@^1.2.1
3865 silly packumentCache full:https://registry.npmjs.org/is-regex cache-miss
3866 http fetch GET 200 https://registry.npmjs.org/call-bind-apply-helpers 147ms (cache miss)
3867 silly packumentCache full:https://registry.npmjs.org/call-bind-apply-helpers set size:undefined disposed:false
3868 http fetch GET 200 https://registry.npmjs.org/is-regex 197ms (cache miss)
3869 silly packumentCache full:https://registry.npmjs.org/is-regex set size:undefined disposed:false
3870 http fetch GET 200 https://registry.npmjs.org/get-intrinsic 198ms (cache miss)
3871 silly packumentCache full:https://registry.npmjs.org/get-intrinsic set size:undefined disposed:false
3872 silly placeDep ROOT call-bind-apply-helpers@1.0.2 OK for: call-bound@1.0.4 want: ^1.0.2
3873 silly placeDep ROOT get-intrinsic@1.3.0 OK for: call-bound@1.0.4 want: ^1.3.0
3874 silly fetch manifest function-bind@^1.1.2
3875 silly packumentCache full:https://registry.npmjs.org/function-bind cache-miss
3876 silly fetch manifest gopd@^1.2.0
3877 silly packumentCache full:https://registry.npmjs.org/gopd cache-miss
3878 silly fetch manifest hasown@^2.0.2
3879 silly packumentCache full:https://registry.npmjs.org/hasown cache-miss
3880 silly fetch manifest get-proto@^1.0.1
3881 silly packumentCache full:https://registry.npmjs.org/get-proto cache-miss
3882 silly fetch manifest has-symbols@^1.1.0
3883 silly packumentCache full:https://registry.npmjs.org/has-symbols cache-miss
3884 silly fetch manifest function-bind@^1.1.2
3885 silly packumentCache full:https://registry.npmjs.org/function-bind cache-miss
3886 silly fetch manifest es-object-atoms@^1.1.1
3887 silly packumentCache full:https://registry.npmjs.org/es-object-atoms cache-miss
3888 silly fetch manifest math-intrinsics@^1.1.0
3889 silly packumentCache full:https://registry.npmjs.org/math-intrinsics cache-miss
3890 silly fetch manifest es-define-property@^1.0.1
3891 silly packumentCache full:https://registry.npmjs.org/es-define-property cache-miss
3892 http fetch GET 200 https://registry.npmjs.org/get-proto 120ms (cache miss)
3893 silly packumentCache full:https://registry.npmjs.org/get-proto set size:undefined disposed:false
3894 http fetch GET 200 https://registry.npmjs.org/es-object-atoms 126ms (cache miss)
3895 silly packumentCache full:https://registry.npmjs.org/es-object-atoms set size:undefined disposed:false
3896 http fetch GET 200 https://registry.npmjs.org/function-bind 160ms (cache miss)
3897 silly packumentCache full:https://registry.npmjs.org/function-bind set size:undefined disposed:false
3898 http fetch GET 200 https://registry.npmjs.org/function-bind 159ms (cache miss)
3899 silly packumentCache full:https://registry.npmjs.org/function-bind set size:undefined disposed:false
3900 http fetch GET 200 https://registry.npmjs.org/math-intrinsics 158ms (cache miss)
3901 silly packumentCache full:https://registry.npmjs.org/math-intrinsics set size:undefined disposed:false
3902 http fetch GET 200 https://registry.npmjs.org/es-define-property 158ms (cache miss)
3903 silly packumentCache full:https://registry.npmjs.org/es-define-property set size:undefined disposed:false
3904 http fetch GET 200 https://registry.npmjs.org/gopd 164ms (cache miss)
3905 silly packumentCache full:https://registry.npmjs.org/gopd set size:undefined disposed:false
3906 http fetch GET 200 https://registry.npmjs.org/has-symbols 222ms (cache miss)
3907 silly packumentCache full:https://registry.npmjs.org/has-symbols set size:undefined disposed:false
3908 http fetch GET 200 https://registry.npmjs.org/hasown 254ms (cache miss)
3909 silly packumentCache full:https://registry.npmjs.org/hasown set size:undefined disposed:false
3910 silly placeDep ROOT function-bind@1.1.2 OK for: call-bind-apply-helpers@1.0.2 want: ^1.1.2
3911 silly placeDep ROOT to-regex-range@5.0.1 OK for: fill-range@7.1.1 want: ^5.0.1
3912 silly fetch manifest is-number@^7.0.0
3913 silly packumentCache full:https://registry.npmjs.org/is-number cache-miss
3914 http fetch GET 200 https://registry.npmjs.org/is-number 121ms (cache miss)
3915 silly packumentCache full:https://registry.npmjs.org/is-number set size:undefined disposed:false
3916 silly placeDep ROOT es-define-property@1.0.1 OK for: get-intrinsic@1.3.0 want: ^1.0.1
3917 silly placeDep ROOT es-object-atoms@1.1.1 OK for: get-intrinsic@1.3.0 want: ^1.1.1
3918 silly placeDep ROOT get-proto@1.0.1 OK for: get-intrinsic@1.3.0 want: ^1.0.1
3919 silly placeDep ROOT gopd@1.2.0 OK for: get-intrinsic@1.3.0 want: ^1.2.0
3920 silly placeDep ROOT has-symbols@1.1.0 OK for: get-intrinsic@1.3.0 want: ^1.1.0
3921 silly placeDep ROOT hasown@2.0.2 OK for: get-intrinsic@1.3.0 want: ^2.0.2
3922 silly placeDep ROOT math-intrinsics@1.1.0 OK for: get-intrinsic@1.3.0 want: ^1.1.0
3923 silly fetch manifest dunder-proto@^1.0.1
3924 silly packumentCache full:https://registry.npmjs.org/dunder-proto cache-miss
3925 http fetch GET 200 https://registry.npmjs.org/dunder-proto 155ms (cache miss)
3926 silly packumentCache full:https://registry.npmjs.org/dunder-proto set size:undefined disposed:false
3927 silly placeDep ROOT dunder-proto@1.0.1 OK for: get-proto@1.0.1 want: ^1.0.1
3928 silly placeDep node_modules/karma-chrome-launcher which@1.3.1 OK for: karma-chrome-launcher@3.2.0 want: ^1.2.1
3929 silly placeDep node_modules/karma-coverage istanbul-lib-instrument@5.2.1 OK for: karma-coverage@2.2.1 want: ^5.1.0
3930 silly placeDep ROOT istanbul-lib-report@3.0.1 OK for: karma-coverage@2.2.1 want: ^3.0.0
3931 silly placeDep ROOT istanbul-lib-source-maps@4.0.1 OK for: karma-coverage@2.2.1 want: ^4.0.1
3932 silly placeDep ROOT istanbul-reports@3.2.0 OK for: karma-coverage@2.2.1 want: ^3.0.5
3933 silly placeDep node_modules/karma-coverage minimatch@3.1.2 OK for: karma-coverage@2.2.1 want: ^3.0.4
3934 silly fetch manifest semver@^6.3.0
3935 silly packumentCache full:https://registry.npmjs.org/semver cache-hit
3936 silly fetch manifest make-dir@^4.0.0
3937 silly packumentCache full:https://registry.npmjs.org/make-dir cache-miss
3938 silly fetch manifest supports-color@^7.1.0
3939 silly packumentCache full:https://registry.npmjs.org/supports-color cache-miss
3940 silly fetch manifest html-escaper@^2.0.0
3941 silly packumentCache full:https://registry.npmjs.org/html-escaper cache-miss
3942 http fetch GET 200 https://registry.npmjs.org/make-dir 8ms (cache hit)
3943 silly packumentCache full:https://registry.npmjs.org/make-dir set size:34889 disposed:false
3944 http fetch GET 200 https://registry.npmjs.org/html-escaper 165ms (cache miss)
3945 silly packumentCache full:https://registry.npmjs.org/html-escaper set size:undefined disposed:false
3946 http fetch GET 200 https://registry.npmjs.org/supports-color 171ms (cache miss)
3947 silly packumentCache full:https://registry.npmjs.org/supports-color set size:undefined disposed:false
3948 silly placeDep ROOT make-dir@4.0.0 OK for: istanbul-lib-report@3.0.1 want: ^4.0.0
3949 silly placeDep ROOT supports-color@7.2.0 OK for: istanbul-lib-report@3.0.1 want: ^7.1.0
3950 silly fetch manifest has-flag@^4.0.0
3951 silly packumentCache full:https://registry.npmjs.org/has-flag cache-miss
3952 http fetch GET 200 https://registry.npmjs.org/has-flag 208ms (cache miss)
3953 silly packumentCache full:https://registry.npmjs.org/has-flag set size:undefined disposed:false
3954 silly placeDep node_modules/istanbul-lib-source-maps source-map@0.6.1 OK for: istanbul-lib-source-maps@4.0.1 want: ^0.6.1
3955 silly placeDep ROOT html-escaper@2.0.2 OK for: istanbul-reports@3.2.0 want: ^2.0.0
3956 silly placeDep node_modules/karma-jasmine jasmine-core@4.6.1 OK for: karma-jasmine@5.1.0 want: ^4.1.0
3957 silly placeDep ROOT copy-anything@2.0.6 OK for: less@4.4.0 want: ^2.0.1
3958 silly placeDep ROOT errno@0.1.8 OK for: less@4.4.0 want: ^0.1.1
3959 silly placeDep ROOT image-size@0.5.5 OK for: less@4.4.0 want: ~0.5.0
3960 silly placeDep node_modules/less make-dir@2.1.0 OK for: less@4.4.0 want: ^2.1.0
3961 silly placeDep node_modules/less mime@1.6.0 OK for: less@4.4.0 want: ^1.4.1
3962 silly placeDep ROOT needle@3.3.1 OK for: less@4.4.0 want: ^3.1.0
3963 silly placeDep ROOT parse-node-version@1.0.1 OK for: less@4.4.0 want: ^1.0.1
3964 silly placeDep node_modules/less source-map@0.6.1 OK for: less@4.4.0 want: ~0.6.0
3965 silly fetch manifest is-what@^3.14.1
3966 silly packumentCache full:https://registry.npmjs.org/is-what cache-miss
3967 silly fetch manifest prr@~1.0.1
3968 silly packumentCache full:https://registry.npmjs.org/prr cache-miss
3969 silly fetch manifest pify@^4.0.1
3970 silly packumentCache full:https://registry.npmjs.org/pify cache-miss
3971 silly fetch manifest semver@^5.6.0
3972 silly packumentCache full:https://registry.npmjs.org/semver cache-hit
3973 silly fetch manifest sax@^1.2.4
3974 silly packumentCache full:https://registry.npmjs.org/sax cache-miss
3975 http fetch GET 200 https://registry.npmjs.org/is-what 167ms (cache miss)
3976 silly packumentCache full:https://registry.npmjs.org/is-what set size:undefined disposed:false
3977 http fetch GET 200 https://registry.npmjs.org/pify 172ms (cache miss)
3978 silly packumentCache full:https://registry.npmjs.org/pify set size:undefined disposed:false
3979 http fetch GET 200 https://registry.npmjs.org/sax 172ms (cache miss)
3980 silly packumentCache full:https://registry.npmjs.org/sax set size:undefined disposed:false
3981 http fetch GET 200 https://registry.npmjs.org/prr 181ms (cache miss)
3982 silly packumentCache full:https://registry.npmjs.org/prr set size:undefined disposed:false
3983 silly placeDep ROOT is-what@3.14.1 OK for: copy-anything@2.0.6 want: ^3.14.1
3984 silly placeDep ROOT prr@1.0.1 OK for: errno@0.1.8 want: ~1.0.1
3985 silly placeDep ROOT webpack-sources@3.3.3 OK for: license-webpack-plugin@4.0.2 want: ^3.0.0
3986 silly placeDep ROOT cli-truncate@4.0.0 OK for: listr2@9.0.1 want: ^4.0.0
3987 silly placeDep ROOT colorette@2.0.20 OK for: listr2@9.0.1 want: ^2.0.20
3988 silly placeDep node_modules/listr2 eventemitter3@5.0.4 OK for: listr2@9.0.1 want: ^5.0.1
3989 silly placeDep ROOT log-update@6.1.0 OK for: listr2@9.0.1 want: ^6.1.0
3990 silly placeDep ROOT rfdc@1.4.1 OK for: listr2@9.0.1 want: ^1.4.1
3991 silly placeDep node_modules/listr2 wrap-ansi@9.0.2 OK for: listr2@9.0.1 want: ^9.0.0
3992 silly fetch manifest slice-ansi@^5.0.0
3993 silly packumentCache full:https://registry.npmjs.org/slice-ansi cache-miss
3994 silly fetch manifest string-width@^7.0.0
3995 silly packumentCache full:https://registry.npmjs.org/string-width cache-hit
3996 silly fetch manifest slice-ansi@^7.1.0
3997 silly packumentCache full:https://registry.npmjs.org/slice-ansi cache-miss
3998 silly fetch manifest ansi-escapes@^7.0.0
3999 silly packumentCache full:https://registry.npmjs.org/ansi-escapes cache-miss
4000 silly fetch manifest ansi-styles@^6.2.1
4001 silly packumentCache full:https://registry.npmjs.org/ansi-styles cache-hit
4002 silly fetch manifest string-width@^7.0.0
4003 silly packumentCache full:https://registry.npmjs.org/string-width cache-hit
4004 http fetch GET 200 https://registry.npmjs.org/slice-ansi 130ms (cache miss)
4005 silly packumentCache full:https://registry.npmjs.org/slice-ansi set size:undefined disposed:false
4006 http fetch GET 200 https://registry.npmjs.org/slice-ansi 130ms (cache miss)
4007 silly packumentCache full:https://registry.npmjs.org/slice-ansi set size:undefined disposed:false
4008 http fetch GET 200 https://registry.npmjs.org/ansi-escapes 160ms (cache miss)
4009 silly packumentCache full:https://registry.npmjs.org/ansi-escapes set size:undefined disposed:false
4010 silly placeDep ROOT slice-ansi@5.0.0 OK for: cli-truncate@4.0.0 want: ^5.0.0
4011 silly placeDep node_modules/cli-truncate string-width@7.2.0 OK for: cli-truncate@4.0.0 want: ^7.0.0
4012 silly fetch manifest ansi-styles@^6.0.0
4013 silly packumentCache full:https://registry.npmjs.org/ansi-styles cache-hit
4014 silly fetch manifest is-fullwidth-code-point@^4.0.0
4015 silly packumentCache full:https://registry.npmjs.org/is-fullwidth-code-point cache-miss
4016 silly fetch manifest emoji-regex@^10.3.0
4017 silly packumentCache full:https://registry.npmjs.org/emoji-regex cache-miss
4018 silly fetch manifest get-east-asian-width@^1.0.0
4019 silly packumentCache full:https://registry.npmjs.org/get-east-asian-width cache-miss
4020 http fetch GET 200 https://registry.npmjs.org/emoji-regex 1ms (cache hit)
4021 silly packumentCache full:https://registry.npmjs.org/emoji-regex set size:89088 disposed:false
4022 http fetch GET 200 https://registry.npmjs.org/is-fullwidth-code-point 2ms (cache hit)
4023 silly packumentCache full:https://registry.npmjs.org/is-fullwidth-code-point set size:14578 disposed:false
4024 http fetch GET 200 https://registry.npmjs.org/get-east-asian-width 173ms (cache miss)
4025 silly packumentCache full:https://registry.npmjs.org/get-east-asian-width set size:undefined disposed:false
4026 silly placeDep ROOT @lmdb/lmdb-darwin-arm64@3.4.2 OK for: lmdb@3.4.2 want: 3.4.2
4027 silly placeDep ROOT @lmdb/lmdb-darwin-x64@3.4.2 OK for: lmdb@3.4.2 want: 3.4.2
4028 silly placeDep ROOT @lmdb/lmdb-linux-arm@3.4.2 OK for: lmdb@3.4.2 want: 3.4.2
4029 silly placeDep ROOT @lmdb/lmdb-linux-arm64@3.4.2 OK for: lmdb@3.4.2 want: 3.4.2
4030 silly placeDep ROOT @lmdb/lmdb-linux-x64@3.4.2 OK for: lmdb@3.4.2 want: 3.4.2
4031 silly placeDep ROOT @lmdb/lmdb-win32-arm64@3.4.2 OK for: lmdb@3.4.2 want: 3.4.2
4032 silly placeDep ROOT @lmdb/lmdb-win32-x64@3.4.2 OK for: lmdb@3.4.2 want: 3.4.2
4033 silly placeDep ROOT msgpackr@1.11.8 OK for: lmdb@3.4.2 want: ^1.11.2
4034 silly placeDep ROOT node-addon-api@6.1.0 OK for: lmdb@3.4.2 want: ^6.1.0
4035 silly placeDep ROOT node-gyp-build-optional-packages@5.2.2 OK for: lmdb@3.4.2 want: 5.2.2
4036 silly placeDep ROOT ordered-binary@1.6.1 OK for: lmdb@3.4.2 want: ^1.5.3
4037 silly placeDep ROOT weak-lru-cache@1.2.2 OK for: lmdb@3.4.2 want: ^1.2.2
4038 silly fetch manifest msgpackr-extract@^3.0.2
4039 silly packumentCache full:https://registry.npmjs.org/msgpackr-extract cache-miss
4040 silly fetch manifest detect-libc@^2.0.1
4041 silly packumentCache full:https://registry.npmjs.org/detect-libc cache-miss
4042 http fetch GET 200 https://registry.npmjs.org/detect-libc 130ms (cache miss)
4043 silly packumentCache full:https://registry.npmjs.org/detect-libc set size:undefined disposed:false
4044 http fetch GET 200 https://registry.npmjs.org/msgpackr-extract 618ms (cache miss)
4045 silly packumentCache full:https://registry.npmjs.org/msgpackr-extract set size:undefined disposed:false
4046 silly placeDep ROOT p-locate@5.0.0 OK for: locate-path@6.0.0 want: ^5.0.0
4047 silly fetch manifest p-limit@^3.0.2
4048 silly packumentCache full:https://registry.npmjs.org/p-limit cache-miss
4049 http fetch GET 200 https://registry.npmjs.org/p-limit 165ms (cache miss)
4050 silly packumentCache full:https://registry.npmjs.org/p-limit set size:undefined disposed:false
4051 silly placeDep ROOT ansi-escapes@7.2.0 OK for: log-update@6.1.0 want: ^7.0.0
4052 silly placeDep ROOT cli-cursor@5.0.0 OK for: log-update@6.1.0 want: ^5.0.0
4053 silly placeDep node_modules/log-update slice-ansi@7.1.2 OK for: log-update@6.1.0 want: ^7.1.0
4054 silly placeDep node_modules/log-update wrap-ansi@9.0.2 OK for: log-update@6.1.0 want: ^9.0.0
4055 silly fetch manifest environment@^1.0.0
4056 silly packumentCache full:https://registry.npmjs.org/environment cache-miss
4057 silly fetch manifest restore-cursor@^5.0.0
4058 silly packumentCache full:https://registry.npmjs.org/restore-cursor cache-miss
4059 silly fetch manifest is-fullwidth-code-point@^5.0.0
4060 silly packumentCache full:https://registry.npmjs.org/is-fullwidth-code-point cache-hit
4061 http fetch GET 200 https://registry.npmjs.org/restore-cursor 191ms (cache miss)
4062 silly packumentCache full:https://registry.npmjs.org/restore-cursor set size:undefined disposed:false
4063 http fetch GET 200 https://registry.npmjs.org/environment 563ms (cache miss)
4064 silly packumentCache full:https://registry.npmjs.org/environment set size:undefined disposed:false
4065 silly placeDep ROOT environment@1.1.0 OK for: ansi-escapes@7.2.0 want: ^1.0.0
4066 silly placeDep ROOT restore-cursor@5.1.0 OK for: cli-cursor@5.0.0 want: ^5.0.0
4067 silly fetch manifest onetime@^7.0.0
4068 silly packumentCache full:https://registry.npmjs.org/onetime cache-miss
4069 http fetch GET 200 https://registry.npmjs.org/onetime 180ms (cache miss)
4070 silly packumentCache full:https://registry.npmjs.org/onetime set size:undefined disposed:false
4071 silly placeDep ROOT date-format@4.0.14 OK for: log4js@6.9.1 want: ^4.0.14
4072 silly placeDep ROOT flatted@3.3.3 OK for: log4js@6.9.1 want: ^3.2.7
4073 silly placeDep ROOT streamroller@3.1.5 OK for: log4js@6.9.1 want: ^3.1.5
4074 silly fetch manifest fs-extra@^8.1.0
4075 silly packumentCache full:https://registry.npmjs.org/fs-extra cache-miss
4076 http fetch GET 200 https://registry.npmjs.org/fs-extra 4ms (cache hit)
4077 silly packumentCache full:https://registry.npmjs.org/fs-extra set size:230266 disposed:false
4078 silly placeDep ROOT yallist@3.1.1 OK for: lru-cache@5.1.1 want: ^3.0.2
4079 silly placeDep node_modules/micromatch picomatch@2.3.1 OK for: micromatch@4.0.8 want: ^2.3.1
4080 silly placeDep ROOT mime-db@1.54.0 OK for: mime-types@3.0.2 want: ^1.54.0
4081 silly placeDep ROOT tapable@2.3.0 OK for: mini-css-extract-plugin@2.9.4 want: ^2.2.1
4082 silly placeDep ROOT brace-expansion@2.0.2 OK for: minimatch@9.0.5 want: ^2.0.1
4083 silly fetch manifest balanced-match@^1.0.0
4084 silly packumentCache full:https://registry.npmjs.org/balanced-match cache-miss
4085 http fetch GET 200 https://registry.npmjs.org/balanced-match 153ms (cache miss)
4086 silly packumentCache full:https://registry.npmjs.org/balanced-match set size:undefined disposed:false
4087 silly placeDep ROOT balanced-match@1.0.2 OK for: brace-expansion@2.0.2 want: ^1.0.0
4088 silly placeDep ROOT minimist@1.2.8 OK for: mkdirp@0.5.6 want: ^1.2.6
4089 silly placeDep ROOT msgpackr-extract@3.0.3 OK for: msgpackr@1.11.8 want: ^3.0.2
4090 silly fetch manifest @msgpackr-extract/msgpackr-extract-darwin-arm64@3.0.3
4091 silly packumentCache full:https://registry.npmjs.org/@msgpackr-extract%2fmsgpackr-extract-darwin-arm64 cache-miss
4092 silly fetch manifest @msgpackr-extract/msgpackr-extract-darwin-x64@3.0.3
4093 silly packumentCache full:https://registry.npmjs.org/@msgpackr-extract%2fmsgpackr-extract-darwin-x64 cache-miss
4094 silly fetch manifest @msgpackr-extract/msgpackr-extract-linux-arm@3.0.3
4095 silly packumentCache full:https://registry.npmjs.org/@msgpackr-extract%2fmsgpackr-extract-linux-arm cache-miss
4096 silly fetch manifest @msgpackr-extract/msgpackr-extract-linux-arm64@3.0.3
4097 silly packumentCache full:https://registry.npmjs.org/@msgpackr-extract%2fmsgpackr-extract-linux-arm64 cache-miss
4098 silly fetch manifest @msgpackr-extract/msgpackr-extract-linux-x64@3.0.3
4099 silly packumentCache full:https://registry.npmjs.org/@msgpackr-extract%2fmsgpackr-extract-linux-x64 cache-miss
4100 silly fetch manifest @msgpackr-extract/msgpackr-extract-win32-x64@3.0.3
4101 silly packumentCache full:https://registry.npmjs.org/@msgpackr-extract%2fmsgpackr-extract-win32-x64 cache-miss
4102 http fetch GET 200 https://registry.npmjs.org/@msgpackr-extract%2fmsgpackr-extract-darwin-arm64 151ms (cache miss)
4103 silly packumentCache full:https://registry.npmjs.org/@msgpackr-extract%2fmsgpackr-extract-darwin-arm64 set size:undefined disposed:false
4104 http fetch GET 200 https://registry.npmjs.org/@msgpackr-extract%2fmsgpackr-extract-linux-arm 338ms (cache miss)
4105 silly packumentCache full:https://registry.npmjs.org/@msgpackr-extract%2fmsgpackr-extract-linux-arm set size:undefined disposed:false
4106 http fetch GET 200 https://registry.npmjs.org/@msgpackr-extract%2fmsgpackr-extract-linux-arm64 377ms (cache miss)
4107 silly packumentCache full:https://registry.npmjs.org/@msgpackr-extract%2fmsgpackr-extract-linux-arm64 set size:undefined disposed:false
4108 http fetch GET 200 https://registry.npmjs.org/@msgpackr-extract%2fmsgpackr-extract-win32-x64 376ms (cache miss)
4109 silly packumentCache full:https://registry.npmjs.org/@msgpackr-extract%2fmsgpackr-extract-win32-x64 set size:undefined disposed:false
4110 http fetch GET 200 https://registry.npmjs.org/@msgpackr-extract%2fmsgpackr-extract-darwin-x64 377ms (cache miss)
4111 silly packumentCache full:https://registry.npmjs.org/@msgpackr-extract%2fmsgpackr-extract-darwin-x64 set size:undefined disposed:false
4112 http fetch GET 200 https://registry.npmjs.org/@msgpackr-extract%2fmsgpackr-extract-linux-x64 411ms (cache miss)
4113 silly packumentCache full:https://registry.npmjs.org/@msgpackr-extract%2fmsgpackr-extract-linux-x64 set size:undefined disposed:false
4114 silly placeDep ROOT @msgpackr-extract/msgpackr-extract-darwin-arm64@3.0.3 OK for: msgpackr-extract@3.0.3 want: 3.0.3
4115 silly placeDep ROOT @msgpackr-extract/msgpackr-extract-darwin-x64@3.0.3 OK for: msgpackr-extract@3.0.3 want: 3.0.3
4116 silly placeDep ROOT @msgpackr-extract/msgpackr-extract-linux-arm@3.0.3 OK for: msgpackr-extract@3.0.3 want: 3.0.3
4117 silly placeDep ROOT @msgpackr-extract/msgpackr-extract-linux-arm64@3.0.3 OK for: msgpackr-extract@3.0.3 want: 3.0.3
4118 silly placeDep ROOT @msgpackr-extract/msgpackr-extract-linux-x64@3.0.3 OK for: msgpackr-extract@3.0.3 want: 3.0.3
4119 silly placeDep ROOT @msgpackr-extract/msgpackr-extract-win32-x64@3.0.3 OK for: msgpackr-extract@3.0.3 want: 3.0.3
4120 silly placeDep node_modules/needle iconv-lite@0.6.3 OK for: needle@3.3.1 want: ^0.6.3
4121 silly placeDep ROOT sax@1.4.4 OK for: needle@3.3.1 want: ^1.2.4
4122 silly placeDep ROOT detect-libc@2.1.2 OK for: node-gyp-build-optional-packages@5.2.2 want: ^2.0.1
4123 silly placeDep ROOT hosted-git-info@9.0.2 OK for: npm-package-arg@13.0.0 want: ^9.0.0
4124 silly placeDep ROOT proc-log@5.0.0 OK for: npm-package-arg@13.0.0 want: ^5.0.0
4125 silly placeDep ROOT validate-npm-package-name@6.0.2 OK for: npm-package-arg@13.0.0 want: ^6.0.0
4126 silly fetch manifest lru-cache@^11.1.0
4127 silly packumentCache full:https://registry.npmjs.org/lru-cache cache-hit
4128 silly placeDep node_modules/hosted-git-info lru-cache@11.2.5 OK for: hosted-git-info@9.0.2 want: ^11.1.0
4129 silly placeDep ROOT ee-first@1.1.1 OK for: on-finished@2.4.1 want: 1.1.1
4130 silly placeDep ROOT wrappy@1.0.2 OK for: once@1.4.0 want: 1
4131 silly placeDep ROOT default-browser@5.4.0 OK for: open@10.2.0 want: ^5.2.1
4132 silly placeDep ROOT define-lazy-prop@3.0.0 OK for: open@10.2.0 want: ^3.0.0
4133 silly placeDep ROOT is-inside-container@1.0.0 OK for: open@10.2.0 want: ^1.0.0
4134 silly placeDep ROOT wsl-utils@0.1.0 OK for: open@10.2.0 want: ^0.1.0
4135 silly fetch manifest bundle-name@^4.1.0
4136 silly packumentCache full:https://registry.npmjs.org/bundle-name cache-miss
4137 silly fetch manifest default-browser-id@^5.0.0
4138 silly packumentCache full:https://registry.npmjs.org/default-browser-id cache-miss
4139 silly fetch manifest is-docker@^3.0.0
4140 silly packumentCache full:https://registry.npmjs.org/is-docker cache-miss
4141 silly fetch manifest is-wsl@^3.1.0
4142 silly packumentCache full:https://registry.npmjs.org/is-wsl cache-miss
4143 http fetch GET 200 https://registry.npmjs.org/bundle-name 132ms (cache miss)
4144 silly packumentCache full:https://registry.npmjs.org/bundle-name set size:undefined disposed:false
4145 http fetch GET 200 https://registry.npmjs.org/default-browser-id 251ms (cache miss)
4146 silly packumentCache full:https://registry.npmjs.org/default-browser-id set size:undefined disposed:false
4147 http fetch GET 200 https://registry.npmjs.org/is-wsl 251ms (cache miss)
4148 silly packumentCache full:https://registry.npmjs.org/is-wsl set size:undefined disposed:false
4149 http fetch GET 200 https://registry.npmjs.org/is-docker 254ms (cache miss)
4150 silly packumentCache full:https://registry.npmjs.org/is-docker set size:undefined disposed:false
4151 silly placeDep ROOT bundle-name@4.1.0 OK for: default-browser@5.4.0 want: ^4.1.0
4152 silly placeDep ROOT default-browser-id@5.0.1 OK for: default-browser@5.4.0 want: ^5.0.0
4153 silly fetch manifest run-applescript@^7.0.0
4154 silly packumentCache full:https://registry.npmjs.org/run-applescript cache-miss
4155 http fetch GET 200 https://registry.npmjs.org/run-applescript 201ms (cache miss)
4156 silly packumentCache full:https://registry.npmjs.org/run-applescript set size:undefined disposed:false
4157 silly placeDep ROOT run-applescript@7.1.0 OK for: bundle-name@4.1.0 want: ^7.0.0
4158 silly placeDep ROOT is-docker@3.0.0 OK for: is-inside-container@1.0.0 want: ^3.0.0
4159 silly placeDep ROOT chalk@5.6.2 OK for: ora@8.2.0 want: ^5.3.0
4160 silly placeDep ROOT cli-spinners@2.9.2 OK for: ora@8.2.0 want: ^2.9.2
4161 silly placeDep ROOT is-interactive@2.0.0 OK for: ora@8.2.0 want: ^2.0.0
4162 silly placeDep ROOT is-unicode-supported@2.1.0 OK for: ora@8.2.0 want: ^2.0.0
4163 silly placeDep ROOT log-symbols@6.0.0 OK for: ora@8.2.0 want: ^6.0.0
4164 silly placeDep ROOT stdin-discarder@0.2.2 OK for: ora@8.2.0 want: ^0.2.2
4165 silly placeDep node_modules/ora string-width@7.2.0 OK for: ora@8.2.0 want: ^7.2.0
4166 silly fetch manifest is-unicode-supported@^1.3.0
4167 silly packumentCache full:https://registry.npmjs.org/is-unicode-supported cache-hit
4168 silly placeDep node_modules/log-symbols is-unicode-supported@1.3.0 OK for: log-symbols@6.0.0 want: ^1.3.0
4169 silly placeDep ROOT p-limit@3.1.0 OK for: p-locate@5.0.0 want: ^3.0.2
4170 silly fetch manifest yocto-queue@^0.1.0
4171 silly packumentCache full:https://registry.npmjs.org/yocto-queue cache-miss
4172 http fetch GET 200 https://registry.npmjs.org/yocto-queue 164ms (cache miss)
4173 silly packumentCache full:https://registry.npmjs.org/yocto-queue set size:undefined disposed:false
4174 silly placeDep ROOT yocto-queue@0.1.0 OK for: p-limit@3.1.0 want: ^0.1.0
4175 silly placeDep ROOT @npmcli/git@6.0.3 OK for: pacote@21.0.0 want: ^6.0.0
4176 silly placeDep ROOT @npmcli/installed-package-contents@3.0.0 OK for: pacote@21.0.0 want: ^3.0.0
4177 silly placeDep ROOT @npmcli/package-json@6.2.0 OK for: pacote@21.0.0 want: ^6.0.0
4178 silly placeDep ROOT @npmcli/promise-spawn@8.0.3 OK for: pacote@21.0.0 want: ^8.0.0
4179 silly placeDep ROOT @npmcli/run-script@9.1.0 OK for: pacote@21.0.0 want: ^9.0.0
4180 silly placeDep ROOT cacache@19.0.1 OK for: pacote@21.0.0 want: ^19.0.0
4181 silly placeDep ROOT fs-minipass@3.0.3 OK for: pacote@21.0.0 want: ^3.0.0
4182 silly placeDep node_modules/pacote npm-package-arg@12.0.2 OK for: pacote@21.0.0 want: ^12.0.0
4183 silly placeDep ROOT npm-packlist@10.0.3 OK for: pacote@21.0.0 want: ^10.0.0
4184 silly placeDep ROOT npm-pick-manifest@10.0.0 OK for: pacote@21.0.0 want: ^10.0.0
4185 silly placeDep ROOT npm-registry-fetch@18.0.2 OK for: pacote@21.0.0 want: ^18.0.0
4186 silly placeDep ROOT promise-retry@2.0.1 OK for: pacote@21.0.0 want: ^2.0.1
4187 silly placeDep ROOT sigstore@3.1.0 OK for: pacote@21.0.0 want: ^3.0.0
4188 silly placeDep ROOT ssri@12.0.0 OK for: pacote@21.0.0 want: ^12.0.0
4189 silly placeDep ROOT tar@6.2.1 OK for: pacote@21.0.0 want: ^6.1.11
4190 silly fetch manifest which@^5.0.0
4191 silly packumentCache full:https://registry.npmjs.org/which cache-hit
4192 silly fetch manifest lru-cache@^10.0.1
4193 silly packumentCache full:https://registry.npmjs.org/lru-cache cache-hit
4194 silly fetch manifest npm-bundled@^4.0.0
4195 silly packumentCache full:https://registry.npmjs.org/npm-bundled cache-miss
4196 silly fetch manifest npm-normalize-package-bin@^4.0.0
4197 silly packumentCache full:https://registry.npmjs.org/npm-normalize-package-bin cache-miss
4198 silly fetch manifest hosted-git-info@^8.0.0
4199 silly packumentCache full:https://registry.npmjs.org/hosted-git-info cache-miss
4200 silly fetch manifest validate-npm-package-license@^3.0.4
4201 silly packumentCache full:https://registry.npmjs.org/validate-npm-package-license cache-miss
4202 silly fetch manifest json-parse-even-better-errors@^4.0.0
4203 silly packumentCache full:https://registry.npmjs.org/json-parse-even-better-errors cache-hit
4204 silly fetch manifest which@^5.0.0
4205 silly packumentCache full:https://registry.npmjs.org/which cache-hit
4206 silly fetch manifest which@^5.0.0
4207 silly packumentCache full:https://registry.npmjs.org/which cache-hit
4208 silly fetch manifest node-gyp@^11.0.0
4209 silly packumentCache full:https://registry.npmjs.org/node-gyp cache-miss
4210 silly fetch manifest @npmcli/node-gyp@^4.0.0
4211 silly packumentCache full:https://registry.npmjs.org/@npmcli%2fnode-gyp cache-miss
4212 silly fetch manifest tar@^7.4.3
4213 silly packumentCache full:https://registry.npmjs.org/tar cache-miss
4214 silly fetch manifest p-map@^7.0.2
4215 silly packumentCache full:https://registry.npmjs.org/p-map cache-miss
4216 silly fetch manifest @npmcli/fs@^4.0.0
4217 silly packumentCache full:https://registry.npmjs.org/@npmcli%2ffs cache-miss
4218 http fetch GET 200 https://registry.npmjs.org/hosted-git-info 7ms (cache hit)
4219 silly packumentCache full:https://registry.npmjs.org/hosted-git-info set size:178912 disposed:false
4220 silly fetch manifest minipass-flush@^1.0.5
4221 silly packumentCache full:https://registry.npmjs.org/minipass-flush cache-miss
4222 http fetch GET 200 https://registry.npmjs.org/tar 9ms (cache hit)
4223 silly packumentCache full:https://registry.npmjs.org/tar set size:481882 disposed:false
4224 silly fetch manifest unique-filename@^4.0.0
4225 silly packumentCache full:https://registry.npmjs.org/unique-filename cache-miss
4226 http fetch GET 200 https://registry.npmjs.org/npm-bundled 145ms (cache miss)
4227 silly packumentCache full:https://registry.npmjs.org/npm-bundled set size:undefined disposed:false
4228 silly fetch manifest minipass-collect@^2.0.1
4229 silly packumentCache full:https://registry.npmjs.org/minipass-collect cache-miss
4230 http fetch GET 200 https://registry.npmjs.org/validate-npm-package-license 145ms (cache miss)
4231 silly packumentCache full:https://registry.npmjs.org/validate-npm-package-license set size:undefined disposed:false
4232 silly fetch manifest minipass-pipeline@^1.2.4
4233 silly packumentCache full:https://registry.npmjs.org/minipass-pipeline cache-miss
4234 http fetch GET 200 https://registry.npmjs.org/@npmcli%2fnode-gyp 165ms (cache miss)
4235 silly packumentCache full:https://registry.npmjs.org/@npmcli%2fnode-gyp set size:undefined disposed:false
4236 silly fetch manifest ignore-walk@^8.0.0
4237 silly packumentCache full:https://registry.npmjs.org/ignore-walk cache-miss
4238 http fetch GET 200 https://registry.npmjs.org/minipass-collect 133ms (cache miss)
4239 silly packumentCache full:https://registry.npmjs.org/minipass-collect set size:undefined disposed:false
4240 silly fetch manifest proc-log@^6.0.0
4241 silly packumentCache full:https://registry.npmjs.org/proc-log cache-miss
4242 http fetch GET 200 https://registry.npmjs.org/proc-log 1ms (cache hit)
4243 silly packumentCache full:https://registry.npmjs.org/proc-log set size:33588 disposed:false
4244 silly fetch manifest npm-install-checks@^7.1.0
4245 silly packumentCache full:https://registry.npmjs.org/npm-install-checks cache-miss
4246 http fetch GET 200 https://registry.npmjs.org/npm-normalize-package-bin 460ms (cache miss)
4247 silly packumentCache full:https://registry.npmjs.org/npm-normalize-package-bin set size:undefined disposed:false
4248 silly fetch manifest minizlib@^3.0.1
4249 silly packumentCache full:https://registry.npmjs.org/minizlib cache-miss
4250 http fetch GET 200 https://registry.npmjs.org/unique-filename 449ms (cache miss)
4251 silly packumentCache full:https://registry.npmjs.org/unique-filename set size:undefined disposed:false
4252 silly fetch manifest jsonparse@^1.3.1
4253 silly packumentCache full:https://registry.npmjs.org/jsonparse cache-miss
4254 http fetch GET 200 https://registry.npmjs.org/node-gyp 515ms (cache miss)
4255 silly packumentCache full:https://registry.npmjs.org/node-gyp set size:undefined disposed:false
4256 silly fetch manifest @npmcli/redact@^3.0.0
4257 silly packumentCache full:https://registry.npmjs.org/@npmcli%2fredact cache-miss
4258 http fetch GET 200 https://registry.npmjs.org/@npmcli%2ffs 518ms (cache miss)
4259 silly packumentCache full:https://registry.npmjs.org/@npmcli%2ffs set size:undefined disposed:false
4260 silly fetch manifest minipass-fetch@^4.0.0
4261 silly packumentCache full:https://registry.npmjs.org/minipass-fetch cache-miss
4262 http fetch GET 200 https://registry.npmjs.org/minipass-flush 636ms (cache miss)
4263 silly packumentCache full:https://registry.npmjs.org/minipass-flush set size:undefined disposed:false
4264 silly fetch manifest make-fetch-happen@^14.0.0
4265 silly packumentCache full:https://registry.npmjs.org/make-fetch-happen cache-miss
4266 http fetch GET 200 https://registry.npmjs.org/minipass-pipeline 505ms (cache miss)
4267 silly packumentCache full:https://registry.npmjs.org/minipass-pipeline set size:undefined disposed:false
4268 silly fetch manifest err-code@^2.0.2
4269 silly packumentCache full:https://registry.npmjs.org/err-code cache-miss
4270 http fetch GET 200 https://registry.npmjs.org/jsonparse 192ms (cache miss)
4271 silly packumentCache full:https://registry.npmjs.org/jsonparse set size:undefined disposed:false
4272 silly fetch manifest retry@^0.12.0
4273 silly packumentCache full:https://registry.npmjs.org/retry cache-miss
4274 http fetch GET 200 https://registry.npmjs.org/ignore-walk 491ms (cache miss)
4275 silly packumentCache full:https://registry.npmjs.org/ignore-walk set size:undefined disposed:false
4276 silly fetch manifest @sigstore/tuf@^3.1.0
4277 silly packumentCache full:https://registry.npmjs.org/@sigstore%2ftuf cache-miss
4278 http fetch GET 200 https://registry.npmjs.org/minizlib 200ms (cache miss)
4279 silly packumentCache full:https://registry.npmjs.org/minizlib set size:undefined disposed:false
4280 silly fetch manifest @sigstore/core@^2.0.0
4281 silly packumentCache full:https://registry.npmjs.org/@sigstore%2fcore cache-miss
4282 http fetch GET 200 https://registry.npmjs.org/@npmcli%2fredact 147ms (cache miss)
4283 silly packumentCache full:https://registry.npmjs.org/@npmcli%2fredact set size:undefined disposed:false
4284 silly fetch manifest @sigstore/sign@^3.1.0
4285 silly packumentCache full:https://registry.npmjs.org/@sigstore%2fsign cache-miss
4286 http fetch GET 200 https://registry.npmjs.org/minipass-fetch 153ms (cache miss)
4287 silly packumentCache full:https://registry.npmjs.org/minipass-fetch set size:undefined disposed:false
4288 silly fetch manifest @sigstore/bundle@^3.1.0
4289 silly packumentCache full:https://registry.npmjs.org/@sigstore%2fbundle cache-miss
4290 http fetch GET 200 https://registry.npmjs.org/npm-install-checks 426ms (cache miss)
4291 silly packumentCache full:https://registry.npmjs.org/npm-install-checks set size:undefined disposed:false
4292 silly fetch manifest @sigstore/verify@^2.1.0
4293 silly packumentCache full:https://registry.npmjs.org/@sigstore%2fverify cache-miss
4294 http fetch GET 200 https://registry.npmjs.org/make-fetch-happen 161ms (cache miss)
4295 silly packumentCache full:https://registry.npmjs.org/make-fetch-happen set size:undefined disposed:false
4296 silly fetch manifest @sigstore/protobuf-specs@^0.4.0
4297 silly packumentCache full:https://registry.npmjs.org/@sigstore%2fprotobuf-specs cache-miss
4298 http fetch GET 200 https://registry.npmjs.org/@sigstore%2fcore 155ms (cache miss)
4299 silly packumentCache full:https://registry.npmjs.org/@sigstore%2fcore set size:undefined disposed:false
4300 silly fetch manifest chownr@^2.0.0
4301 silly packumentCache full:https://registry.npmjs.org/chownr cache-miss
4302 http fetch GET 200 https://registry.npmjs.org/retry 176ms (cache miss)
4303 silly packumentCache full:https://registry.npmjs.org/retry set size:undefined disposed:false
4304 silly fetch manifest mkdirp@^1.0.3
4305 silly packumentCache full:https://registry.npmjs.org/mkdirp cache-miss
4306 http fetch GET 200 https://registry.npmjs.org/mkdirp 2ms (cache hit)
4307 silly packumentCache full:https://registry.npmjs.org/mkdirp set size:116455 disposed:false
4308 silly fetch manifest yallist@^4.0.0
4309 silly packumentCache full:https://registry.npmjs.org/yallist cache-miss
4310 http fetch GET 200 https://registry.npmjs.org/yallist 1ms (cache hit)
4311 silly packumentCache full:https://registry.npmjs.org/yallist set size:34610 disposed:false
4312 silly fetch manifest minipass@^5.0.0
4313 silly packumentCache full:https://registry.npmjs.org/minipass cache-hit
4314 silly fetch manifest minizlib@^2.1.1
4315 silly packumentCache full:https://registry.npmjs.org/minizlib cache-miss
4316 http fetch GET 200 https://registry.npmjs.org/minizlib 1ms (cache hit)
4317 silly packumentCache full:https://registry.npmjs.org/minizlib set size:62862 disposed:false
4318 silly fetch manifest fs-minipass@^2.0.0
4319 silly packumentCache full:https://registry.npmjs.org/fs-minipass cache-miss
4320 http fetch GET 200 https://registry.npmjs.org/fs-minipass 2ms (cache hit)
4321 silly packumentCache full:https://registry.npmjs.org/fs-minipass set size:44606 disposed:false
4322 http fetch GET 200 https://registry.npmjs.org/@sigstore%2fverify 158ms (cache miss)
4323 silly packumentCache full:https://registry.npmjs.org/@sigstore%2fverify set size:undefined disposed:false
4324 http fetch GET 200 https://registry.npmjs.org/@sigstore%2fprotobuf-specs 172ms (cache miss)
4325 silly packumentCache full:https://registry.npmjs.org/@sigstore%2fprotobuf-specs set size:undefined disposed:false
4326 http fetch GET 200 https://registry.npmjs.org/chownr 164ms (cache miss)
4327 silly packumentCache full:https://registry.npmjs.org/chownr set size:undefined disposed:false
4328 http fetch GET 200 https://registry.npmjs.org/p-map 1081ms (cache miss)
4329 silly packumentCache full:https://registry.npmjs.org/p-map set size:undefined disposed:false
4330 http fetch GET 200 https://registry.npmjs.org/@sigstore%2fsign 445ms (cache miss)
4331 silly packumentCache full:https://registry.npmjs.org/@sigstore%2fsign set size:undefined disposed:false
4332 http fetch GET 200 https://registry.npmjs.org/@sigstore%2fbundle 452ms (cache miss)
4333 silly packumentCache full:https://registry.npmjs.org/@sigstore%2fbundle set size:undefined disposed:false
4334 http fetch GET 200 https://registry.npmjs.org/@sigstore%2ftuf 473ms (cache miss)
4335 silly packumentCache full:https://registry.npmjs.org/@sigstore%2ftuf set size:undefined disposed:false
4336 http fetch GET 200 https://registry.npmjs.org/err-code 1098ms (cache miss)
4337 silly packumentCache full:https://registry.npmjs.org/err-code set size:undefined disposed:false
4338 silly placeDep node_modules/@npmcli/git lru-cache@10.4.3 OK for: @npmcli/git@6.0.3 want: ^10.0.1
4339 silly placeDep node_modules/@npmcli/git which@5.0.0 OK for: @npmcli/git@6.0.3 want: ^5.0.0
4340 silly fetch manifest isexe@^3.1.1
4341 silly packumentCache full:https://registry.npmjs.org/isexe cache-miss
4342 http fetch GET 200 https://registry.npmjs.org/isexe 4ms (cache hit)
4343 silly packumentCache full:https://registry.npmjs.org/isexe set size:19340 disposed:false
4344 silly placeDep ROOT npm-bundled@4.0.0 OK for: @npmcli/installed-package-contents@3.0.0 want: ^4.0.0
4345 silly placeDep ROOT npm-normalize-package-bin@4.0.0 OK for: @npmcli/installed-package-contents@3.0.0 want: ^4.0.0
4346 silly placeDep node_modules/@npmcli/package-json hosted-git-info@8.1.0 OK for: @npmcli/package-json@6.2.0 want: ^8.0.0
4347 silly placeDep ROOT json-parse-even-better-errors@4.0.0 OK for: @npmcli/package-json@6.2.0 want: ^4.0.0
4348 silly placeDep ROOT validate-npm-package-license@3.0.4 OK for: @npmcli/package-json@6.2.0 want: ^3.0.4
4349 silly fetch manifest spdx-correct@^3.0.0
4350 silly packumentCache full:https://registry.npmjs.org/spdx-correct cache-miss
4351 silly fetch manifest spdx-expression-parse@^3.0.0
4352 silly packumentCache full:https://registry.npmjs.org/spdx-expression-parse cache-miss
4353 http fetch GET 200 https://registry.npmjs.org/spdx-correct 139ms (cache miss)
4354 silly packumentCache full:https://registry.npmjs.org/spdx-correct set size:undefined disposed:false
4355 http fetch GET 200 https://registry.npmjs.org/spdx-expression-parse 149ms (cache miss)
4356 silly packumentCache full:https://registry.npmjs.org/spdx-expression-parse set size:undefined disposed:false
4357 silly placeDep node_modules/@npmcli/promise-spawn which@5.0.0 OK for: @npmcli/promise-spawn@8.0.3 want: ^5.0.0
4358 silly placeDep ROOT @npmcli/node-gyp@4.0.0 OK for: @npmcli/run-script@9.1.0 want: ^4.0.0
4359 silly placeDep ROOT node-gyp@11.5.0 OK for: @npmcli/run-script@9.1.0 want: ^11.0.0
4360 silly placeDep node_modules/@npmcli/run-script which@5.0.0 OK for: @npmcli/run-script@9.1.0 want: ^5.0.0
4361 silly fetch manifest nopt@^8.0.0
4362 silly packumentCache full:https://registry.npmjs.org/nopt cache-miss
4363 silly fetch manifest env-paths@^2.2.0
4364 silly packumentCache full:https://registry.npmjs.org/env-paths cache-miss
4365 silly fetch manifest make-fetch-happen@^14.0.3
4366 silly packumentCache full:https://registry.npmjs.org/make-fetch-happen cache-miss
4367 silly fetch manifest exponential-backoff@^3.1.1
4368 silly packumentCache full:https://registry.npmjs.org/exponential-backoff cache-miss
4369 http fetch GET 200 https://registry.npmjs.org/make-fetch-happen 2ms (cache hit)
4370 silly packumentCache full:https://registry.npmjs.org/make-fetch-happen set size:367671 disposed:false
4371 http fetch GET 200 https://registry.npmjs.org/exponential-backoff 151ms (cache miss)
4372 silly packumentCache full:https://registry.npmjs.org/exponential-backoff set size:undefined disposed:false
4373 http fetch GET 200 https://registry.npmjs.org/env-paths 222ms (cache miss)
4374 silly packumentCache full:https://registry.npmjs.org/env-paths set size:undefined disposed:false
4375 http fetch GET 200 https://registry.npmjs.org/nopt 223ms (cache miss)
4376 silly packumentCache full:https://registry.npmjs.org/nopt set size:undefined disposed:false
4377 silly placeDep ROOT @npmcli/fs@4.0.0 OK for: cacache@19.0.1 want: ^4.0.0
4378 silly placeDep node_modules/cacache lru-cache@10.4.3 OK for: cacache@19.0.1 want: ^10.0.1
4379 silly placeDep ROOT minipass-collect@2.0.1 OK for: cacache@19.0.1 want: ^2.0.1
4380 silly placeDep ROOT minipass-flush@1.0.5 OK for: cacache@19.0.1 want: ^1.0.5
4381 silly placeDep ROOT minipass-pipeline@1.2.4 OK for: cacache@19.0.1 want: ^1.2.4
4382 silly placeDep ROOT p-map@7.0.4 OK for: cacache@19.0.1 want: ^7.0.2
4383 silly placeDep node_modules/cacache tar@7.5.6 OK for: cacache@19.0.1 want: ^7.4.3
4384 silly placeDep ROOT unique-filename@4.0.0 OK for: cacache@19.0.1 want: ^4.0.0
4385 silly fetch manifest minipass@^3.0.0
4386 silly packumentCache full:https://registry.npmjs.org/minipass cache-hit
4387 silly fetch manifest minipass@^3.0.0
4388 silly packumentCache full:https://registry.npmjs.org/minipass cache-hit
4389 silly fetch manifest @isaacs/fs-minipass@^4.0.0
4390 silly packumentCache full:https://registry.npmjs.org/@isaacs%2ffs-minipass cache-miss
4391 silly fetch manifest chownr@^3.0.0
4392 silly packumentCache full:https://registry.npmjs.org/chownr cache-miss
4393 silly fetch manifest minizlib@^3.1.0
4394 silly packumentCache full:https://registry.npmjs.org/minizlib cache-hit
4395 silly fetch manifest yallist@^5.0.0
4396 silly packumentCache full:https://registry.npmjs.org/yallist cache-hit
4397 silly fetch manifest unique-slug@^5.0.0
4398 silly packumentCache full:https://registry.npmjs.org/unique-slug cache-miss
4399 http fetch GET 200 https://registry.npmjs.org/chownr 2ms (cache hit)
4400 silly packumentCache full:https://registry.npmjs.org/chownr set size:22157 disposed:false
4401 http fetch GET 200 https://registry.npmjs.org/unique-slug 172ms (cache miss)
4402 silly packumentCache full:https://registry.npmjs.org/unique-slug set size:undefined disposed:false
4403 http fetch GET 200 https://registry.npmjs.org/@isaacs%2ffs-minipass 340ms (cache miss)
4404 silly packumentCache full:https://registry.npmjs.org/@isaacs%2ffs-minipass set size:undefined disposed:false
4405 silly placeDep node_modules/minipass-flush minipass@3.3.6 OK for: minipass-flush@1.0.5 want: ^3.0.0
4406 silly placeDep node_modules/minipass-pipeline minipass@3.3.6 OK for: minipass-pipeline@1.2.4 want: ^3.0.0
4407 silly placeDep ROOT env-paths@2.2.1 OK for: node-gyp@11.5.0 want: ^2.2.0
4408 silly placeDep ROOT exponential-backoff@3.1.3 OK for: node-gyp@11.5.0 want: ^3.1.1
4409 silly placeDep ROOT make-fetch-happen@14.0.3 OK for: node-gyp@11.5.0 want: ^14.0.3
4410 silly placeDep ROOT nopt@8.1.0 OK for: node-gyp@11.5.0 want: ^8.0.0
4411 silly placeDep node_modules/node-gyp tar@7.5.6 OK for: node-gyp@11.5.0 want: ^7.4.3
4412 silly placeDep node_modules/node-gyp which@5.0.0 OK for: node-gyp@11.5.0 want: ^5.0.0
4413 silly fetch manifest @npmcli/agent@^3.0.0
4414 silly packumentCache full:https://registry.npmjs.org/@npmcli%2fagent cache-miss
4415 silly fetch manifest http-cache-semantics@^4.1.1
4416 silly packumentCache full:https://registry.npmjs.org/http-cache-semantics cache-miss
4417 silly fetch manifest abbrev@^3.0.0
4418 silly packumentCache full:https://registry.npmjs.org/abbrev cache-miss
4419 http fetch GET 200 https://registry.npmjs.org/http-cache-semantics 142ms (cache miss)
4420 silly packumentCache full:https://registry.npmjs.org/http-cache-semantics set size:undefined disposed:false
4421 http fetch GET 200 https://registry.npmjs.org/@npmcli%2fagent 384ms (cache miss)
4422 silly packumentCache full:https://registry.npmjs.org/@npmcli%2fagent set size:undefined disposed:false
4423 http fetch GET 200 https://registry.npmjs.org/abbrev 1087ms (cache miss)
4424 silly packumentCache full:https://registry.npmjs.org/abbrev set size:undefined disposed:false
4425 silly placeDep ROOT @npmcli/agent@3.0.0 OK for: make-fetch-happen@14.0.3 want: ^3.0.0
4426 silly placeDep ROOT http-cache-semantics@4.2.0 OK for: make-fetch-happen@14.0.3 want: ^4.1.1
4427 silly placeDep ROOT minipass-fetch@4.0.1 OK for: make-fetch-happen@14.0.3 want: ^4.0.0
4428 silly fetch manifest http-proxy-agent@^7.0.0
4429 silly packumentCache full:https://registry.npmjs.org/http-proxy-agent cache-miss
4430 silly fetch manifest socks-proxy-agent@^8.0.3
4431 silly packumentCache full:https://registry.npmjs.org/socks-proxy-agent cache-miss
4432 silly fetch manifest minipass-sized@^1.0.3
4433 silly packumentCache full:https://registry.npmjs.org/minipass-sized cache-miss
4434 silly fetch manifest encoding@^0.1.13
4435 silly packumentCache full:https://registry.npmjs.org/encoding cache-miss
4436 http fetch GET 200 https://registry.npmjs.org/http-proxy-agent 199ms (cache miss)
4437 silly packumentCache full:https://registry.npmjs.org/http-proxy-agent set size:undefined disposed:false
4438 http fetch GET 200 https://registry.npmjs.org/minipass-sized 222ms (cache miss)
4439 silly packumentCache full:https://registry.npmjs.org/minipass-sized set size:undefined disposed:false
4440 http fetch GET 200 https://registry.npmjs.org/encoding 221ms (cache miss)
4441 silly packumentCache full:https://registry.npmjs.org/encoding set size:undefined disposed:false
4442 http fetch GET 200 https://registry.npmjs.org/socks-proxy-agent 224ms (cache miss)
4443 silly packumentCache full:https://registry.npmjs.org/socks-proxy-agent set size:undefined disposed:false
4444 silly placeDep ROOT http-proxy-agent@7.0.2 OK for: @npmcli/agent@3.0.0 want: ^7.0.0
4445 silly placeDep node_modules/@npmcli/agent lru-cache@10.4.3 OK for: @npmcli/agent@3.0.0 want: ^10.0.1
4446 silly placeDep ROOT socks-proxy-agent@8.0.5 OK for: @npmcli/agent@3.0.0 want: ^8.0.3
4447 silly fetch manifest socks@^2.8.3
4448 silly packumentCache full:https://registry.npmjs.org/socks cache-miss
4449 http fetch GET 200 https://registry.npmjs.org/socks 160ms (cache miss)
4450 silly packumentCache full:https://registry.npmjs.org/socks set size:undefined disposed:false
4451 silly placeDep ROOT encoding@0.1.13 OK for: minipass-fetch@4.0.1 want: ^0.1.13
4452 silly placeDep ROOT minipass-sized@1.0.3 OK for: minipass-fetch@4.0.1 want: ^1.0.3
4453 silly placeDep ROOT minizlib@3.1.0 OK for: minipass-fetch@4.0.1 want: ^3.0.1
4454 silly fetch manifest iconv-lite@^0.6.2
4455 silly packumentCache full:https://registry.npmjs.org/iconv-lite cache-hit
4456 silly placeDep node_modules/encoding iconv-lite@0.6.3 OK for: encoding@0.1.13 want: ^0.6.2
4457 silly placeDep node_modules/minipass-sized minipass@3.3.6 OK for: minipass-sized@1.0.3 want: ^3.0.0
4458 silly placeDep ROOT abbrev@3.0.1 OK for: nopt@8.1.0 want: ^3.0.0
4459 silly placeDep ROOT ignore-walk@8.0.0 OK for: npm-packlist@10.0.3 want: ^8.0.0
4460 silly placeDep node_modules/npm-packlist proc-log@6.1.0 OK for: npm-packlist@10.0.3 want: ^6.0.0
4461 silly fetch manifest minimatch@^10.0.3
4462 silly packumentCache full:https://registry.npmjs.org/minimatch cache-hit
4463 silly placeDep node_modules/ignore-walk minimatch@10.1.1 OK for: ignore-walk@8.0.0 want: ^10.0.3
4464 silly fetch manifest @isaacs/brace-expansion@^5.0.0
4465 silly packumentCache full:https://registry.npmjs.org/@isaacs%2fbrace-expansion cache-miss
4466 http fetch GET 200 https://registry.npmjs.org/@isaacs%2fbrace-expansion 170ms (cache miss)
4467 silly packumentCache full:https://registry.npmjs.org/@isaacs%2fbrace-expansion set size:undefined disposed:false
4468 silly placeDep ROOT npm-install-checks@7.1.2 OK for: npm-pick-manifest@10.0.0 want: ^7.1.0
4469 silly placeDep node_modules/npm-pick-manifest npm-package-arg@12.0.2 OK for: npm-pick-manifest@10.0.0 want: ^12.0.0
4470 silly placeDep ROOT @npmcli/redact@3.2.2 OK for: npm-registry-fetch@18.0.2 want: ^3.0.0
4471 silly placeDep ROOT jsonparse@1.3.1 OK for: npm-registry-fetch@18.0.2 want: ^1.3.1
4472 silly placeDep node_modules/npm-registry-fetch npm-package-arg@12.0.2 OK for: npm-registry-fetch@18.0.2 want: ^12.0.0
4473 silly placeDep ROOT callsites@3.1.0 OK for: parent-module@1.0.1 want: ^3.0.0
4474 silly placeDep ROOT error-ex@1.3.4 OK for: parse-json@5.2.0 want: ^1.3.1
4475 silly placeDep node_modules/parse-json json-parse-even-better-errors@2.3.1 OK for: parse-json@5.2.0 want: ^2.3.0
4476 silly placeDep ROOT lines-and-columns@1.2.4 OK for: parse-json@5.2.0 want: ^1.1.6
4477 silly fetch manifest is-arrayish@^0.2.1
4478 silly packumentCache full:https://registry.npmjs.org/is-arrayish cache-miss
4479 http fetch GET 200 https://registry.npmjs.org/is-arrayish 164ms (cache miss)
4480 silly packumentCache full:https://registry.npmjs.org/is-arrayish set size:undefined disposed:false
4481 silly placeDep ROOT is-arrayish@0.2.1 OK for: error-ex@1.3.4 want: ^0.2.1
4482 silly placeDep node_modules/parse5 entities@6.0.1 OK for: parse5@8.0.0 want: ^6.0.0
4483 silly placeDep node_modules/parse5-html-rewriting-stream entities@6.0.1 OK for: parse5-html-rewriting-stream@8.0.0 want: ^6.0.0
4484 silly placeDep ROOT parse5-sax-parser@8.0.0 OK for: parse5-html-rewriting-stream@8.0.0 want: ^8.0.0
4485 silly placeDep node_modules/path-scurry lru-cache@10.4.3 OK for: path-scurry@1.11.1 want: ^10.2.0
4486 silly placeDep ROOT @napi-rs/nice@1.1.1 OK for: piscina@5.1.3 want: ^1.0.4
4487 silly fetch manifest @napi-rs/nice-darwin-x64@1.1.1
4488 silly packumentCache full:https://registry.npmjs.org/@napi-rs%2fnice-darwin-x64 cache-miss
4489 silly fetch manifest @napi-rs/nice-darwin-arm64@1.1.1
4490 silly packumentCache full:https://registry.npmjs.org/@napi-rs%2fnice-darwin-arm64 cache-miss
4491 silly fetch manifest @napi-rs/nice-linux-x64-gnu@1.1.1
4492 silly packumentCache full:https://registry.npmjs.org/@napi-rs%2fnice-linux-x64-gnu cache-miss
4493 silly fetch manifest @napi-rs/nice-win32-x64-msvc@1.1.1
4494 silly packumentCache full:https://registry.npmjs.org/@napi-rs%2fnice-win32-x64-msvc cache-miss
4495 silly fetch manifest @napi-rs/nice-linux-x64-musl@1.1.1
4496 silly packumentCache full:https://registry.npmjs.org/@napi-rs%2fnice-linux-x64-musl cache-miss
4497 silly fetch manifest @napi-rs/nice-linux-arm64-gnu@1.1.1
4498 silly packumentCache full:https://registry.npmjs.org/@napi-rs%2fnice-linux-arm64-gnu cache-miss
4499 silly fetch manifest @napi-rs/nice-win32-ia32-msvc@1.1.1
4500 silly packumentCache full:https://registry.npmjs.org/@napi-rs%2fnice-win32-ia32-msvc cache-miss
4501 silly fetch manifest @napi-rs/nice-linux-arm-gnueabihf@1.1.1
4502 silly packumentCache full:https://registry.npmjs.org/@napi-rs%2fnice-linux-arm-gnueabihf cache-miss
4503 silly fetch manifest @napi-rs/nice-android-arm64@1.1.1
4504 silly packumentCache full:https://registry.npmjs.org/@napi-rs%2fnice-android-arm64 cache-miss
4505 http fetch GET 200 https://registry.npmjs.org/@napi-rs%2fnice-linux-arm-gnueabihf 196ms (cache miss)
4506 silly packumentCache full:https://registry.npmjs.org/@napi-rs%2fnice-linux-arm-gnueabihf set size:undefined disposed:false
4507 silly fetch manifest @napi-rs/nice-freebsd-x64@1.1.1
4508 silly packumentCache full:https://registry.npmjs.org/@napi-rs%2fnice-freebsd-x64 cache-miss
4509 http fetch GET 200 https://registry.npmjs.org/@napi-rs%2fnice-linux-arm64-gnu 207ms (cache miss)
4510 silly packumentCache full:https://registry.npmjs.org/@napi-rs%2fnice-linux-arm64-gnu set size:undefined disposed:false
4511 silly fetch manifest @napi-rs/nice-linux-arm64-musl@1.1.1
4512 silly packumentCache full:https://registry.npmjs.org/@napi-rs%2fnice-linux-arm64-musl cache-miss
4513 http fetch GET 200 https://registry.npmjs.org/@napi-rs%2fnice-android-arm64 212ms (cache miss)
4514 silly packumentCache full:https://registry.npmjs.org/@napi-rs%2fnice-android-arm64 set size:undefined disposed:false
4515 silly fetch manifest @napi-rs/nice-android-arm-eabi@1.1.1
4516 silly packumentCache full:https://registry.npmjs.org/@napi-rs%2fnice-android-arm-eabi cache-miss
4517 http fetch GET 200 https://registry.npmjs.org/@napi-rs%2fnice-darwin-x64 223ms (cache miss)
4518 silly packumentCache full:https://registry.npmjs.org/@napi-rs%2fnice-darwin-x64 set size:undefined disposed:false
4519 silly fetch manifest @napi-rs/nice-win32-arm64-msvc@1.1.1
4520 silly packumentCache full:https://registry.npmjs.org/@napi-rs%2fnice-win32-arm64-msvc cache-miss
4521 http fetch GET 200 https://registry.npmjs.org/@napi-rs%2fnice-linux-x64-gnu 223ms (cache miss)
4522 silly packumentCache full:https://registry.npmjs.org/@napi-rs%2fnice-linux-x64-gnu set size:undefined disposed:false
4523 silly fetch manifest @napi-rs/nice-linux-ppc64-gnu@1.1.1
4524 silly packumentCache full:https://registry.npmjs.org/@napi-rs%2fnice-linux-ppc64-gnu cache-miss
4525 http fetch GET 200 https://registry.npmjs.org/@napi-rs%2fnice-linux-x64-musl 266ms (cache miss)
4526 silly packumentCache full:https://registry.npmjs.org/@napi-rs%2fnice-linux-x64-musl set size:undefined disposed:false
4527 silly fetch manifest @napi-rs/nice-linux-s390x-gnu@1.1.1
4528 silly packumentCache full:https://registry.npmjs.org/@napi-rs%2fnice-linux-s390x-gnu cache-miss
4529 http fetch GET 200 https://registry.npmjs.org/@napi-rs%2fnice-linux-arm64-musl 145ms (cache miss)
4530 silly packumentCache full:https://registry.npmjs.org/@napi-rs%2fnice-linux-arm64-musl set size:undefined disposed:false
4531 silly fetch manifest @napi-rs/nice-linux-riscv64-gnu@1.1.1
4532 silly packumentCache full:https://registry.npmjs.org/@napi-rs%2fnice-linux-riscv64-gnu cache-miss
4533 http fetch GET 200 https://registry.npmjs.org/@napi-rs%2fnice-darwin-arm64 362ms (cache miss)
4534 silly packumentCache full:https://registry.npmjs.org/@napi-rs%2fnice-darwin-arm64 set size:undefined disposed:false
4535 silly fetch manifest @napi-rs/nice-openharmony-arm64@1.1.1
4536 silly packumentCache full:https://registry.npmjs.org/@napi-rs%2fnice-openharmony-arm64 cache-miss
4537 http fetch GET 200 https://registry.npmjs.org/@napi-rs%2fnice-freebsd-x64 164ms (cache miss)
4538 silly packumentCache full:https://registry.npmjs.org/@napi-rs%2fnice-freebsd-x64 set size:undefined disposed:false
4539 http fetch GET 200 https://registry.npmjs.org/@napi-rs%2fnice-win32-ia32-msvc 366ms (cache miss)
4540 silly packumentCache full:https://registry.npmjs.org/@napi-rs%2fnice-win32-ia32-msvc set size:undefined disposed:false
4541 http fetch GET 200 https://registry.npmjs.org/@napi-rs%2fnice-android-arm-eabi 159ms (cache miss)
4542 silly packumentCache full:https://registry.npmjs.org/@napi-rs%2fnice-android-arm-eabi set size:undefined disposed:false
4543 http fetch GET 200 https://registry.npmjs.org/@napi-rs%2fnice-win32-x64-msvc 383ms (cache miss)
4544 silly packumentCache full:https://registry.npmjs.org/@napi-rs%2fnice-win32-x64-msvc set size:undefined disposed:false
4545 http fetch GET 200 https://registry.npmjs.org/@napi-rs%2fnice-linux-ppc64-gnu 282ms (cache miss)
4546 silly packumentCache full:https://registry.npmjs.org/@napi-rs%2fnice-linux-ppc64-gnu set size:undefined disposed:false
4547 http fetch GET 200 https://registry.npmjs.org/@napi-rs%2fnice-linux-s390x-gnu 239ms (cache miss)
4548 silly packumentCache full:https://registry.npmjs.org/@napi-rs%2fnice-linux-s390x-gnu set size:undefined disposed:false
4549 http fetch GET 200 https://registry.npmjs.org/@napi-rs%2fnice-linux-riscv64-gnu 164ms (cache miss)
4550 silly packumentCache full:https://registry.npmjs.org/@napi-rs%2fnice-linux-riscv64-gnu set size:undefined disposed:false
4551 http fetch GET 200 https://registry.npmjs.org/@napi-rs%2fnice-openharmony-arm64 231ms (cache miss)
4552 silly packumentCache full:https://registry.npmjs.org/@napi-rs%2fnice-openharmony-arm64 set size:undefined disposed:false
4553 http fetch GET 200 https://registry.npmjs.org/@napi-rs%2fnice-win32-arm64-msvc 372ms (cache miss)
4554 silly packumentCache full:https://registry.npmjs.org/@napi-rs%2fnice-win32-arm64-msvc set size:undefined disposed:false
4555 silly placeDep ROOT @napi-rs/nice-android-arm-eabi@1.1.1 OK for: @napi-rs/nice@1.1.1 want: 1.1.1
4556 silly placeDep ROOT @napi-rs/nice-android-arm64@1.1.1 OK for: @napi-rs/nice@1.1.1 want: 1.1.1
4557 silly placeDep ROOT @napi-rs/nice-darwin-arm64@1.1.1 OK for: @napi-rs/nice@1.1.1 want: 1.1.1
4558 silly placeDep ROOT @napi-rs/nice-darwin-x64@1.1.1 OK for: @napi-rs/nice@1.1.1 want: 1.1.1
4559 silly placeDep ROOT @napi-rs/nice-freebsd-x64@1.1.1 OK for: @napi-rs/nice@1.1.1 want: 1.1.1
4560 silly placeDep ROOT @napi-rs/nice-linux-arm-gnueabihf@1.1.1 OK for: @napi-rs/nice@1.1.1 want: 1.1.1
4561 silly placeDep ROOT @napi-rs/nice-linux-arm64-gnu@1.1.1 OK for: @napi-rs/nice@1.1.1 want: 1.1.1
4562 silly placeDep ROOT @napi-rs/nice-linux-arm64-musl@1.1.1 OK for: @napi-rs/nice@1.1.1 want: 1.1.1
4563 silly placeDep ROOT @napi-rs/nice-linux-ppc64-gnu@1.1.1 OK for: @napi-rs/nice@1.1.1 want: 1.1.1
4564 silly placeDep ROOT @napi-rs/nice-linux-riscv64-gnu@1.1.1 OK for: @napi-rs/nice@1.1.1 want: 1.1.1
4565 silly placeDep ROOT @napi-rs/nice-linux-s390x-gnu@1.1.1 OK for: @napi-rs/nice@1.1.1 want: 1.1.1
4566 silly placeDep ROOT @napi-rs/nice-linux-x64-gnu@1.1.1 OK for: @napi-rs/nice@1.1.1 want: 1.1.1
4567 silly placeDep ROOT @napi-rs/nice-linux-x64-musl@1.1.1 OK for: @napi-rs/nice@1.1.1 want: 1.1.1
4568 silly placeDep ROOT @napi-rs/nice-openharmony-arm64@1.1.1 OK for: @napi-rs/nice@1.1.1 want: 1.1.1
4569 silly placeDep ROOT @napi-rs/nice-win32-arm64-msvc@1.1.1 OK for: @napi-rs/nice@1.1.1 want: 1.1.1
4570 silly placeDep ROOT @napi-rs/nice-win32-ia32-msvc@1.1.1 OK for: @napi-rs/nice@1.1.1 want: 1.1.1
4571 silly placeDep ROOT @napi-rs/nice-win32-x64-msvc@1.1.1 OK for: @napi-rs/nice@1.1.1 want: 1.1.1
4572 silly placeDep ROOT nanoid@3.3.11 OK for: postcss@8.4.49 want: ^3.3.7
4573 silly placeDep ROOT source-map-js@1.2.1 OK for: postcss@8.4.49 want: ^1.2.1
4574 silly placeDep node_modules/postcss-loader cosmiconfig@9.0.0 OK for: postcss-loader@8.1.1 want: ^9.0.0
4575 silly placeDep ROOT jiti@1.21.7 OK for: postcss-loader@8.1.1 want: ^1.20.0
4576 silly placeDep node_modules/postcss-modules-local-by-default postcss-selector-parser@7.1.1 OK for: postcss-modules-local-by-default@4.2.0 want: ^7.0.0
4577 silly placeDep node_modules/postcss-modules-scope postcss-selector-parser@7.1.1 OK for: postcss-modules-scope@3.2.1 want: ^7.0.0
4578 silly placeDep ROOT cssesc@3.0.0 OK for: postcss-selector-parser@6.0.10 want: ^3.0.0
4579 silly placeDep ROOT util-deprecate@1.0.2 OK for: postcss-selector-parser@6.0.10 want: ^1.0.2
4580 silly placeDep ROOT @primeuix/styles@1.2.5 OK for: primeng@20.4.0 want: ^1.2.5
4581 silly placeDep ROOT err-code@2.0.3 OK for: promise-retry@2.0.1 want: ^2.0.2
4582 silly placeDep ROOT retry@0.12.0 OK for: promise-retry@2.0.1 want: ^0.12.0
4583 silly placeDep ROOT forwarded@0.2.0 OK for: proxy-addr@2.0.7 want: 0.2.0
4584 silly placeDep ROOT ipaddr.js@1.9.1 OK for: proxy-addr@2.0.7 want: 1.9.1
4585 silly placeDep ROOT side-channel@1.1.0 OK for: qs@6.14.1 want: ^1.1.0
4586 silly fetch manifest object-inspect@^1.13.3
4587 silly packumentCache full:https://registry.npmjs.org/object-inspect cache-miss
4588 silly fetch manifest side-channel-list@^1.0.0
4589 silly packumentCache full:https://registry.npmjs.org/side-channel-list cache-miss
4590 silly fetch manifest side-channel-map@^1.0.1
4591 silly packumentCache full:https://registry.npmjs.org/side-channel-map cache-miss
4592 silly fetch manifest side-channel-weakmap@^1.0.2
4593 silly packumentCache full:https://registry.npmjs.org/side-channel-weakmap cache-miss
4594 http fetch GET 200 https://registry.npmjs.org/side-channel-map 145ms (cache miss)
4595 silly packumentCache full:https://registry.npmjs.org/side-channel-map set size:undefined disposed:false
4596 http fetch GET 200 https://registry.npmjs.org/side-channel-weakmap 148ms (cache miss)
4597 silly packumentCache full:https://registry.npmjs.org/side-channel-weakmap set size:undefined disposed:false
4598 http fetch GET 200 https://registry.npmjs.org/side-channel-list 151ms (cache miss)
4599 silly packumentCache full:https://registry.npmjs.org/side-channel-list set size:undefined disposed:false
4600 http fetch GET 200 https://registry.npmjs.org/object-inspect 153ms (cache miss)
4601 silly packumentCache full:https://registry.npmjs.org/object-inspect set size:undefined disposed:false
4602 silly placeDep node_modules/quill eventemitter3@5.0.4 OK for: quill@2.0.3 want: ^5.0.1
4603 silly placeDep ROOT parchment@3.0.0 OK for: quill@2.0.3 want: ^3.0.0
4604 silly placeDep ROOT quill-delta@5.1.0 OK for: quill@2.0.3 want: ^5.1.0
4605 silly fetch manifest fast-diff@^1.3.0
4606 silly packumentCache full:https://registry.npmjs.org/fast-diff cache-miss
4607 silly fetch manifest lodash.clonedeep@^4.5.0
4608 silly packumentCache full:https://registry.npmjs.org/lodash.clonedeep cache-miss
4609 silly fetch manifest lodash.isequal@^4.5.0
4610 silly packumentCache full:https://registry.npmjs.org/lodash.isequal cache-miss
4611 http fetch GET 200 https://registry.npmjs.org/lodash.isequal 142ms (cache miss)
4612 silly packumentCache full:https://registry.npmjs.org/lodash.isequal set size:undefined disposed:false
4613 http fetch GET 200 https://registry.npmjs.org/lodash.clonedeep 143ms (cache miss)
4614 silly packumentCache full:https://registry.npmjs.org/lodash.clonedeep set size:undefined disposed:false
4615 http fetch GET 200 https://registry.npmjs.org/fast-diff 1074ms (cache miss)
4616 silly packumentCache full:https://registry.npmjs.org/fast-diff set size:undefined disposed:false
4617 silly placeDep ROOT fast-diff@1.3.0 OK for: quill-delta@5.1.0 want: ^1.3.0
4618 silly placeDep ROOT lodash.clonedeep@4.5.0 OK for: quill-delta@5.1.0 want: ^4.5.0
4619 silly placeDep ROOT lodash.isequal@4.5.0 OK for: quill-delta@5.1.0 want: ^4.5.0
4620 silly placeDep ROOT unpipe@1.0.0 OK for: raw-body@3.0.2 want: ~1.0.0
4621 silly placeDep ROOT regenerate@1.4.2 OK for: regexpu-core@6.4.0 want: ^1.4.2
4622 silly placeDep ROOT regenerate-unicode-properties@10.2.2 OK for: regexpu-core@6.4.0 want: ^10.2.2
4623 silly placeDep ROOT regjsgen@0.8.0 OK for: regexpu-core@6.4.0 want: ^0.8.0
4624 silly placeDep ROOT regjsparser@0.13.0 OK for: regexpu-core@6.4.0 want: ^0.13.0
4625 silly placeDep ROOT unicode-match-property-ecmascript@2.0.0 OK for: regexpu-core@6.4.0 want: ^2.0.0
4626 silly placeDep ROOT unicode-match-property-value-ecmascript@2.2.1 OK for: regexpu-core@6.4.0 want: ^2.2.1
4627 silly fetch manifest unicode-canonical-property-names-ecmascript@^2.0.0
4628 silly packumentCache full:https://registry.npmjs.org/unicode-canonical-property-names-ecmascript cache-miss
4629 silly fetch manifest unicode-property-aliases-ecmascript@^2.0.0
4630 silly packumentCache full:https://registry.npmjs.org/unicode-property-aliases-ecmascript cache-miss
4631 http fetch GET 200 https://registry.npmjs.org/unicode-property-aliases-ecmascript 127ms (cache miss)
4632 silly packumentCache full:https://registry.npmjs.org/unicode-property-aliases-ecmascript set size:undefined disposed:false
4633 http fetch GET 200 https://registry.npmjs.org/unicode-canonical-property-names-ecmascript 207ms (cache miss)
4634 silly packumentCache full:https://registry.npmjs.org/unicode-canonical-property-names-ecmascript set size:undefined disposed:false
4635 silly placeDep node_modules/replace-in-file chalk@4.1.2 OK for: replace-in-file@7.2.0 want: ^4.1.2
4636 silly placeDep node_modules/replace-in-file glob@8.1.0 OK for: replace-in-file@7.2.0 want: ^8.1.0
4637 silly placeDep node_modules/replace-in-file yargs@17.7.2 OK for: replace-in-file@7.2.0 want: ^17.7.2
4638 silly fetch manifest ansi-styles@^4.1.0
4639 silly packumentCache full:https://registry.npmjs.org/ansi-styles cache-hit
4640 silly fetch manifest minimatch@^5.0.1
4641 silly packumentCache full:https://registry.npmjs.org/minimatch cache-hit
4642 silly fetch manifest cliui@^8.0.1
4643 silly packumentCache full:https://registry.npmjs.org/cliui cache-hit
4644 silly fetch manifest string-width@^4.2.3
4645 silly packumentCache full:https://registry.npmjs.org/string-width cache-hit
4646 silly fetch manifest yargs-parser@^21.1.1
4647 silly packumentCache full:https://registry.npmjs.org/yargs-parser cache-hit
4648 silly placeDep ROOT is-core-module@2.16.1 OK for: resolve@1.22.10 want: ^2.16.0
4649 silly placeDep ROOT path-parse@1.0.7 OK for: resolve@1.22.10 want: ^1.0.7
4650 silly placeDep ROOT supports-preserve-symlinks-flag@1.0.0 OK for: resolve@1.22.10 want: ^1.0.0
4651 silly placeDep ROOT adjust-sourcemap-loader@4.0.0 OK for: resolve-url-loader@5.0.0 want: ^4.0.0
4652 silly placeDep node_modules/resolve-url-loader loader-utils@2.0.4 OK for: resolve-url-loader@5.0.0 want: ^2.0.0
4653 silly placeDep node_modules/resolve-url-loader source-map@0.6.1 OK for: resolve-url-loader@5.0.0 want: 0.6.1
4654 silly fetch manifest regex-parser@^2.2.11
4655 silly packumentCache full:https://registry.npmjs.org/regex-parser cache-miss
4656 silly fetch manifest big.js@^5.2.2
4657 silly packumentCache full:https://registry.npmjs.org/big.js cache-miss
4658 silly fetch manifest emojis-list@^3.0.0
4659 silly packumentCache full:https://registry.npmjs.org/emojis-list cache-miss
4660 http fetch GET 200 https://registry.npmjs.org/regex-parser 143ms (cache miss)
4661 silly packumentCache full:https://registry.npmjs.org/regex-parser set size:undefined disposed:false
4662 http fetch GET 200 https://registry.npmjs.org/emojis-list 147ms (cache miss)
4663 silly packumentCache full:https://registry.npmjs.org/emojis-list set size:undefined disposed:false
4664 http fetch GET 200 https://registry.npmjs.org/big.js 545ms (cache miss)
4665 silly packumentCache full:https://registry.npmjs.org/big.js set size:undefined disposed:false
4666 silly placeDep node_modules/adjust-sourcemap-loader loader-utils@2.0.4 OK for: adjust-sourcemap-loader@4.0.0 want: ^2.0.0
4667 silly placeDep ROOT regex-parser@2.3.1 OK for: adjust-sourcemap-loader@4.0.0 want: ^2.2.11
4668 silly placeDep ROOT onetime@7.0.0 OK for: restore-cursor@5.1.0 want: ^7.0.0
4669 silly fetch manifest mimic-function@^5.0.0
4670 silly packumentCache full:https://registry.npmjs.org/mimic-function cache-miss
4671 http fetch GET 200 https://registry.npmjs.org/mimic-function 108ms (cache miss)
4672 silly packumentCache full:https://registry.npmjs.org/mimic-function set size:undefined disposed:false
4673 silly placeDep ROOT mimic-function@5.0.1 OK for: onetime@7.0.0 want: ^5.0.0
4674 silly placeDep node_modules/rimraf glob@7.2.3 OK for: rimraf@3.0.2 want: ^7.1.3
4675 silly placeDep ROOT @oxc-project/types@0.89.0 OK for: rolldown@1.0.0-beta.38 want: =0.89.0
4676 silly placeDep ROOT @rolldown/binding-android-arm64@1.0.0-beta.38 OK for: rolldown@1.0.0-beta.38 want: 1.0.0-beta.38
4677 silly placeDep ROOT @rolldown/binding-darwin-arm64@1.0.0-beta.38 OK for: rolldown@1.0.0-beta.38 want: 1.0.0-beta.38
4678 silly placeDep ROOT @rolldown/binding-darwin-x64@1.0.0-beta.38 OK for: rolldown@1.0.0-beta.38 want: 1.0.0-beta.38
4679 silly placeDep ROOT @rolldown/binding-freebsd-x64@1.0.0-beta.38 OK for: rolldown@1.0.0-beta.38 want: 1.0.0-beta.38
4680 silly placeDep ROOT @rolldown/binding-linux-arm-gnueabihf@1.0.0-beta.38 OK for: rolldown@1.0.0-beta.38 want: 1.0.0-beta.38
4681 silly placeDep ROOT @rolldown/binding-linux-arm64-gnu@1.0.0-beta.38 OK for: rolldown@1.0.0-beta.38 want: 1.0.0-beta.38
4682 silly placeDep ROOT @rolldown/binding-linux-arm64-musl@1.0.0-beta.38 OK for: rolldown@1.0.0-beta.38 want: 1.0.0-beta.38
4683 silly placeDep ROOT @rolldown/binding-linux-x64-gnu@1.0.0-beta.38 OK for: rolldown@1.0.0-beta.38 want: 1.0.0-beta.38
4684 silly placeDep ROOT @rolldown/binding-linux-x64-musl@1.0.0-beta.38 OK for: rolldown@1.0.0-beta.38 want: 1.0.0-beta.38
4685 silly placeDep ROOT @rolldown/binding-openharmony-arm64@1.0.0-beta.38 OK for: rolldown@1.0.0-beta.38 want: 1.0.0-beta.38
4686 silly placeDep ROOT @rolldown/binding-wasm32-wasi@1.0.0-beta.38 OK for: rolldown@1.0.0-beta.38 want: 1.0.0-beta.38
4687 silly placeDep ROOT @rolldown/binding-win32-arm64-msvc@1.0.0-beta.38 OK for: rolldown@1.0.0-beta.38 want: 1.0.0-beta.38
4688 silly placeDep ROOT @rolldown/binding-win32-ia32-msvc@1.0.0-beta.38 OK for: rolldown@1.0.0-beta.38 want: 1.0.0-beta.38
4689 silly placeDep ROOT @rolldown/binding-win32-x64-msvc@1.0.0-beta.38 OK for: rolldown@1.0.0-beta.38 want: 1.0.0-beta.38
4690 silly placeDep ROOT @rolldown/pluginutils@1.0.0-beta.38 OK for: rolldown@1.0.0-beta.38 want: 1.0.0-beta.38
4691 silly placeDep ROOT ansis@4.2.0 OK for: rolldown@1.0.0-beta.38 want: ^4.0.0
4692 silly fetch manifest @napi-rs/wasm-runtime@^1.0.5
4693 silly packumentCache full:https://registry.npmjs.org/@napi-rs%2fwasm-runtime cache-miss
4694 http fetch GET 200 https://registry.npmjs.org/@napi-rs%2fwasm-runtime 157ms (cache miss)
4695 silly packumentCache full:https://registry.npmjs.org/@napi-rs%2fwasm-runtime set size:undefined disposed:false
4696 silly placeDep ROOT @napi-rs/wasm-runtime@1.1.1 OK for: @rolldown/binding-wasm32-wasi@1.0.0-beta.38 want: ^1.0.5
4697 silly fetch manifest @emnapi/core@^1.7.1
4698 silly packumentCache full:https://registry.npmjs.org/@emnapi%2fcore cache-miss
4699 silly fetch manifest @emnapi/runtime@^1.7.1
4700 silly packumentCache full:https://registry.npmjs.org/@emnapi%2fruntime cache-miss
4701 silly fetch manifest @tybys/wasm-util@^0.10.1
4702 silly packumentCache full:https://registry.npmjs.org/@tybys%2fwasm-util cache-miss
4703 http fetch GET 200 https://registry.npmjs.org/@tybys%2fwasm-util 139ms (cache miss)
4704 silly packumentCache full:https://registry.npmjs.org/@tybys%2fwasm-util set size:undefined disposed:false
4705 http fetch GET 200 https://registry.npmjs.org/@emnapi%2fcore 193ms (cache miss)
4706 silly packumentCache full:https://registry.npmjs.org/@emnapi%2fcore set size:undefined disposed:false
4707 http fetch GET 200 https://registry.npmjs.org/@emnapi%2fruntime 229ms (cache miss)
4708 silly packumentCache full:https://registry.npmjs.org/@emnapi%2fruntime set size:undefined disposed:false
4709 silly placeDep ROOT @emnapi/core@1.8.1 OK for: @napi-rs/wasm-runtime@1.1.1 want: ^1.7.1
4710 silly placeDep ROOT @emnapi/runtime@1.8.1 OK for: @napi-rs/wasm-runtime@1.1.1 want: ^1.7.1
4711 silly placeDep ROOT @tybys/wasm-util@0.10.1 OK for: @napi-rs/wasm-runtime@1.1.1 want: ^0.10.1
4712 silly fetch manifest @emnapi/wasi-threads@1.1.0
4713 silly packumentCache full:https://registry.npmjs.org/@emnapi%2fwasi-threads cache-miss
4714 http fetch GET 200 https://registry.npmjs.org/@emnapi%2fwasi-threads 182ms (cache miss)
4715 silly packumentCache full:https://registry.npmjs.org/@emnapi%2fwasi-threads set size:undefined disposed:false
4716 silly placeDep ROOT @emnapi/wasi-threads@1.1.0 OK for: @emnapi/core@1.8.1 want: 1.1.0
4717 silly placeDep ROOT is-promise@4.0.0 OK for: router@2.2.0 want: ^4.0.0
4718 silly placeDep ROOT path-to-regexp@8.3.0 OK for: router@2.2.0 want: ^8.0.0
4719 silly placeDep ROOT queue-microtask@1.2.3 OK for: run-parallel@1.2.0 want: ^1.2.2
4720 silly placeDep ROOT is-regex@1.2.1 OK for: safe-regex-test@1.1.0 want: ^1.2.1
4721 silly fetch manifest has-tostringtag@^1.0.2
4722 silly packumentCache full:https://registry.npmjs.org/has-tostringtag cache-miss
4723 http fetch GET 200 https://registry.npmjs.org/has-tostringtag 153ms (cache miss)
4724 silly packumentCache full:https://registry.npmjs.org/has-tostringtag set size:undefined disposed:false
4725 silly placeDep ROOT has-tostringtag@1.0.2 OK for: is-regex@1.2.1 want: ^1.0.2
4726 silly placeDep ROOT @parcel/watcher@2.5.6 OK for: sass@1.90.0 want: ^2.4.1
4727 silly placeDep ROOT immutable@5.1.4 OK for: sass@1.90.0 want: ^5.0.2
4728 silly fetch manifest node-addon-api@^7.0.0
4729 silly packumentCache full:https://registry.npmjs.org/node-addon-api cache-miss
4730 silly fetch manifest @parcel/watcher-darwin-x64@2.5.6
4731 silly packumentCache full:https://registry.npmjs.org/@parcel%2fwatcher-darwin-x64 cache-miss
4732 silly fetch manifest @parcel/watcher-darwin-arm64@2.5.6
4733 silly packumentCache full:https://registry.npmjs.org/@parcel%2fwatcher-darwin-arm64 cache-miss
4734 silly fetch manifest @parcel/watcher-win32-x64@2.5.6
4735 silly packumentCache full:https://registry.npmjs.org/@parcel%2fwatcher-win32-x64 cache-miss
4736 silly fetch manifest @parcel/watcher-win32-arm64@2.5.6
4737 silly packumentCache full:https://registry.npmjs.org/@parcel%2fwatcher-win32-arm64 cache-miss
4738 silly fetch manifest @parcel/watcher-win32-ia32@2.5.6
4739 silly packumentCache full:https://registry.npmjs.org/@parcel%2fwatcher-win32-ia32 cache-miss
4740 silly fetch manifest @parcel/watcher-linux-x64-glibc@2.5.6
4741 silly packumentCache full:https://registry.npmjs.org/@parcel%2fwatcher-linux-x64-glibc cache-miss
4742 silly fetch manifest @parcel/watcher-linux-x64-musl@2.5.6
4743 silly packumentCache full:https://registry.npmjs.org/@parcel%2fwatcher-linux-x64-musl cache-miss
4744 silly fetch manifest @parcel/watcher-linux-arm64-glibc@2.5.6
4745 silly packumentCache full:https://registry.npmjs.org/@parcel%2fwatcher-linux-arm64-glibc cache-miss
4746 http fetch GET 200 https://registry.npmjs.org/node-addon-api 8ms (cache hit)
4747 silly packumentCache full:https://registry.npmjs.org/node-addon-api set size:328136 disposed:false
4748 silly fetch manifest @parcel/watcher-linux-arm64-musl@2.5.6
4749 silly packumentCache full:https://registry.npmjs.org/@parcel%2fwatcher-linux-arm64-musl cache-miss
4750 http fetch GET 200 https://registry.npmjs.org/@parcel%2fwatcher-linux-arm64-musl 180ms (cache miss)
4751 silly packumentCache full:https://registry.npmjs.org/@parcel%2fwatcher-linux-arm64-musl set size:undefined disposed:false
4752 silly fetch manifest @parcel/watcher-linux-arm-glibc@2.5.6
4753 silly packumentCache full:https://registry.npmjs.org/@parcel%2fwatcher-linux-arm-glibc cache-miss
4754 http fetch GET 200 https://registry.npmjs.org/@parcel%2fwatcher-win32-x64 198ms (cache miss)
4755 silly packumentCache full:https://registry.npmjs.org/@parcel%2fwatcher-win32-x64 set size:undefined disposed:false
4756 silly fetch manifest @parcel/watcher-linux-arm-musl@2.5.6
4757 silly packumentCache full:https://registry.npmjs.org/@parcel%2fwatcher-linux-arm-musl cache-miss
4758 http fetch GET 200 https://registry.npmjs.org/@parcel%2fwatcher-linux-x64-glibc 198ms (cache miss)
4759 silly packumentCache full:https://registry.npmjs.org/@parcel%2fwatcher-linux-x64-glibc set size:undefined disposed:false
4760 silly fetch manifest @parcel/watcher-android-arm64@2.5.6
4761 silly packumentCache full:https://registry.npmjs.org/@parcel%2fwatcher-android-arm64 cache-miss
4762 http fetch GET 200 https://registry.npmjs.org/@parcel%2fwatcher-linux-arm64-glibc 198ms (cache miss)
4763 silly packumentCache full:https://registry.npmjs.org/@parcel%2fwatcher-linux-arm64-glibc set size:undefined disposed:false
4764 silly fetch manifest @parcel/watcher-freebsd-x64@2.5.6
4765 silly packumentCache full:https://registry.npmjs.org/@parcel%2fwatcher-freebsd-x64 cache-miss
4766 http fetch GET 200 https://registry.npmjs.org/@parcel%2fwatcher-linux-x64-musl 199ms (cache miss)
4767 silly packumentCache full:https://registry.npmjs.org/@parcel%2fwatcher-linux-x64-musl set size:undefined disposed:false
4768 http fetch GET 200 https://registry.npmjs.org/@parcel%2fwatcher-darwin-x64 206ms (cache miss)
4769 silly packumentCache full:https://registry.npmjs.org/@parcel%2fwatcher-darwin-x64 set size:undefined disposed:false
4770 http fetch GET 200 https://registry.npmjs.org/@parcel%2fwatcher-win32-arm64 205ms (cache miss)
4771 silly packumentCache full:https://registry.npmjs.org/@parcel%2fwatcher-win32-arm64 set size:undefined disposed:false
4772 http fetch GET 200 https://registry.npmjs.org/@parcel%2fwatcher-win32-ia32 206ms (cache miss)
4773 silly packumentCache full:https://registry.npmjs.org/@parcel%2fwatcher-win32-ia32 set size:undefined disposed:false
4774 http fetch GET 200 https://registry.npmjs.org/@parcel%2fwatcher-darwin-arm64 225ms (cache miss)
4775 silly packumentCache full:https://registry.npmjs.org/@parcel%2fwatcher-darwin-arm64 set size:undefined disposed:false
4776 http fetch GET 200 https://registry.npmjs.org/@parcel%2fwatcher-android-arm64 152ms (cache miss)
4777 silly packumentCache full:https://registry.npmjs.org/@parcel%2fwatcher-android-arm64 set size:undefined disposed:false
4778 http fetch GET 200 https://registry.npmjs.org/@parcel%2fwatcher-linux-arm-glibc 168ms (cache miss)
4779 silly packumentCache full:https://registry.npmjs.org/@parcel%2fwatcher-linux-arm-glibc set size:undefined disposed:false
4780 http fetch GET 200 https://registry.npmjs.org/@parcel%2fwatcher-linux-arm-musl 163ms (cache miss)
4781 silly packumentCache full:https://registry.npmjs.org/@parcel%2fwatcher-linux-arm-musl set size:undefined disposed:false
4782 http fetch GET 200 https://registry.npmjs.org/@parcel%2fwatcher-freebsd-x64 167ms (cache miss)
4783 silly packumentCache full:https://registry.npmjs.org/@parcel%2fwatcher-freebsd-x64 set size:undefined disposed:false
4784 silly placeDep ROOT @parcel/watcher-android-arm64@2.5.6 OK for: @parcel/watcher@2.5.6 want: 2.5.6
4785 silly placeDep ROOT @parcel/watcher-darwin-arm64@2.5.6 OK for: @parcel/watcher@2.5.6 want: 2.5.6
4786 silly placeDep ROOT @parcel/watcher-darwin-x64@2.5.6 OK for: @parcel/watcher@2.5.6 want: 2.5.6
4787 silly placeDep ROOT @parcel/watcher-freebsd-x64@2.5.6 OK for: @parcel/watcher@2.5.6 want: 2.5.6
4788 silly placeDep ROOT @parcel/watcher-linux-arm-glibc@2.5.6 OK for: @parcel/watcher@2.5.6 want: 2.5.6
4789 silly placeDep ROOT @parcel/watcher-linux-arm-musl@2.5.6 OK for: @parcel/watcher@2.5.6 want: 2.5.6
4790 silly placeDep ROOT @parcel/watcher-linux-arm64-glibc@2.5.6 OK for: @parcel/watcher@2.5.6 want: 2.5.6
4791 silly placeDep ROOT @parcel/watcher-linux-arm64-musl@2.5.6 OK for: @parcel/watcher@2.5.6 want: 2.5.6
4792 silly placeDep ROOT @parcel/watcher-linux-x64-glibc@2.5.6 OK for: @parcel/watcher@2.5.6 want: 2.5.6
4793 silly placeDep ROOT @parcel/watcher-linux-x64-musl@2.5.6 OK for: @parcel/watcher@2.5.6 want: 2.5.6
4794 silly placeDep ROOT @parcel/watcher-win32-arm64@2.5.6 OK for: @parcel/watcher@2.5.6 want: 2.5.6
4795 silly placeDep ROOT @parcel/watcher-win32-ia32@2.5.6 OK for: @parcel/watcher@2.5.6 want: 2.5.6
4796 silly placeDep ROOT @parcel/watcher-win32-x64@2.5.6 OK for: @parcel/watcher@2.5.6 want: 2.5.6
4797 silly placeDep node_modules/@parcel/watcher node-addon-api@7.1.1 OK for: @parcel/watcher@2.5.6 want: ^7.0.0
4798 silly placeDep ROOT neo-async@2.6.2 OK for: sass-loader@16.0.5 want: ^2.6.2
4799 silly placeDep ROOT @types/json-schema@7.0.15 OK for: schema-utils@4.3.3 want: ^7.0.9
4800 silly placeDep node_modules/schema-utils ajv-formats@2.1.1 OK for: schema-utils@4.3.3 want: ^2.1.1
4801 silly placeDep ROOT ajv-keywords@5.1.0 OK for: schema-utils@4.3.3 want: ^5.1.0
4802 silly placeDep ROOT randombytes@2.1.0 OK for: serialize-javascript@6.0.2 want: ^2.1.0
4803 silly fetch manifest safe-buffer@^5.1.0
4804 silly packumentCache full:https://registry.npmjs.org/safe-buffer cache-miss
4805 http fetch GET 200 https://registry.npmjs.org/safe-buffer 174ms (cache miss)
4806 silly packumentCache full:https://registry.npmjs.org/safe-buffer set size:undefined disposed:false
4807 silly placeDep ROOT safe-buffer@5.2.1 OK for: randombytes@2.1.0 want: ^5.1.0
4808 silly placeDep ROOT shebang-regex@3.0.0 OK for: shebang-command@2.0.0 want: ^3.0.0
4809 silly placeDep ROOT object-inspect@1.13.4 OK for: side-channel@1.1.0 want: ^1.13.3
4810 silly placeDep ROOT side-channel-list@1.0.0 OK for: side-channel@1.1.0 want: ^1.0.0
4811 silly placeDep ROOT side-channel-map@1.0.1 OK for: side-channel@1.1.0 want: ^1.0.1
4812 silly placeDep ROOT side-channel-weakmap@1.0.2 OK for: side-channel@1.1.0 want: ^1.0.2
4813 silly placeDep ROOT @sigstore/bundle@3.1.0 OK for: sigstore@3.1.0 want: ^3.1.0
4814 silly placeDep ROOT @sigstore/core@2.0.0 OK for: sigstore@3.1.0 want: ^2.0.0
4815 silly placeDep ROOT @sigstore/protobuf-specs@0.4.3 OK for: sigstore@3.1.0 want: ^0.4.0
4816 silly placeDep ROOT @sigstore/sign@3.1.0 OK for: sigstore@3.1.0 want: ^3.1.0
4817 silly placeDep ROOT @sigstore/tuf@3.1.1 OK for: sigstore@3.1.0 want: ^3.1.0
4818 silly placeDep ROOT @sigstore/verify@2.1.1 OK for: sigstore@3.1.0 want: ^2.1.0
4819 silly fetch manifest tuf-js@^3.0.1
4820 silly packumentCache full:https://registry.npmjs.org/tuf-js cache-miss
4821 http fetch GET 200 https://registry.npmjs.org/tuf-js 163ms (cache miss)
4822 silly packumentCache full:https://registry.npmjs.org/tuf-js set size:undefined disposed:false
4823 silly placeDep ROOT tuf-js@3.1.0 OK for: @sigstore/tuf@3.1.1 want: ^3.0.1
4824 silly fetch manifest @tufjs/models@3.0.1
4825 silly packumentCache full:https://registry.npmjs.org/@tufjs%2fmodels cache-miss
4826 http fetch GET 200 https://registry.npmjs.org/@tufjs%2fmodels 331ms (cache miss)
4827 silly packumentCache full:https://registry.npmjs.org/@tufjs%2fmodels set size:undefined disposed:false
4828 silly placeDep ROOT ansi-styles@6.2.3 OK for: slice-ansi@5.0.0 want: ^6.0.0
4829 silly placeDep ROOT is-fullwidth-code-point@4.0.0 OK for: slice-ansi@5.0.0 want: ^4.0.0
4830 silly placeDep node_modules/socket.io accepts@1.3.8 OK for: socket.io@4.8.3 want: ~1.3.4
4831 silly placeDep ROOT base64id@2.0.0 OK for: socket.io@4.8.3 want: ~2.0.0
4832 silly placeDep ROOT engine.io@6.6.5 OK for: socket.io@4.8.3 want: ~6.6.0
4833 silly placeDep ROOT socket.io-adapter@2.5.6 OK for: socket.io@4.8.3 want: ~2.5.2
4834 silly placeDep ROOT socket.io-parser@4.2.5 OK for: socket.io@4.8.3 want: ~4.2.4
4835 silly fetch manifest mime-types@~2.1.34
4836 silly packumentCache full:https://registry.npmjs.org/mime-types cache-hit
4837 silly fetch manifest negotiator@0.6.3
4838 silly packumentCache full:https://registry.npmjs.org/negotiator cache-miss
4839 silly fetch manifest @types/cors@^2.8.12
4840 silly packumentCache full:https://registry.npmjs.org/@types%2fcors cache-miss
4841 silly fetch manifest engine.io-parser@~5.2.1
4842 silly packumentCache full:https://registry.npmjs.org/engine.io-parser cache-miss
4843 silly fetch manifest ws@~8.18.3
4844 silly packumentCache full:https://registry.npmjs.org/ws cache-miss
4845 silly fetch manifest ws@~8.18.3
4846 silly packumentCache full:https://registry.npmjs.org/ws cache-miss
4847 silly fetch manifest @socket.io/component-emitter@~3.1.0
4848 silly packumentCache full:https://registry.npmjs.org/@socket.io%2fcomponent-emitter cache-miss
4849 http fetch GET 200 https://registry.npmjs.org/negotiator 7ms (cache hit)
4850 silly packumentCache full:https://registry.npmjs.org/negotiator set size:48046 disposed:false
4851 http fetch GET 200 https://registry.npmjs.org/ws 6ms (cache hit)
4852 silly packumentCache full:https://registry.npmjs.org/ws set size:413307 disposed:false
4853 http fetch GET 200 https://registry.npmjs.org/ws 11ms (cache hit)
4854 silly packumentCache full:https://registry.npmjs.org/ws set size:413307 disposed:false
4855 silly packumentCache full:https://registry.npmjs.org/ws dispose
4856 http fetch GET 200 https://registry.npmjs.org/@types%2fcors 183ms (cache miss)
4857 silly packumentCache full:https://registry.npmjs.org/@types%2fcors set size:undefined disposed:false
4858 http fetch GET 200 https://registry.npmjs.org/engine.io-parser 247ms (cache miss)
4859 silly packumentCache full:https://registry.npmjs.org/engine.io-parser set size:undefined disposed:false
4860 http fetch GET 200 https://registry.npmjs.org/@socket.io%2fcomponent-emitter 369ms (cache miss)
4861 silly packumentCache full:https://registry.npmjs.org/@socket.io%2fcomponent-emitter set size:undefined disposed:false
4862 silly placeDep ROOT @types/cors@2.8.19 OK for: engine.io@6.6.5 want: ^2.8.12
4863 silly placeDep node_modules/engine.io accepts@1.3.8 OK for: engine.io@6.6.5 want: ~1.3.4
4864 silly placeDep ROOT engine.io-parser@5.2.3 OK for: engine.io@6.6.5 want: ~5.2.1
4865 silly placeDep ROOT ws@8.18.3 OK for: engine.io@6.6.5 want: ~8.18.3
4866 silly placeDep ROOT @socket.io/component-emitter@3.1.2 OK for: socket.io-parser@4.2.5 want: ~3.1.0
4867 silly placeDep ROOT socks@2.8.7 OK for: socks-proxy-agent@8.0.5 want: ^2.8.3
4868 silly fetch manifest ip-address@^10.0.1
4869 silly packumentCache full:https://registry.npmjs.org/ip-address cache-miss
4870 silly fetch manifest smart-buffer@^4.2.0
4871 silly packumentCache full:https://registry.npmjs.org/smart-buffer cache-miss
4872 http fetch GET 200 https://registry.npmjs.org/ip-address 141ms (cache miss)
4873 silly packumentCache full:https://registry.npmjs.org/ip-address set size:undefined disposed:false
4874 http fetch GET 200 https://registry.npmjs.org/smart-buffer 205ms (cache miss)
4875 silly packumentCache full:https://registry.npmjs.org/smart-buffer set size:undefined disposed:false
4876 silly placeDep ROOT ip-address@10.1.0 OK for: socks@2.8.7 want: ^10.0.1
4877 silly placeDep ROOT smart-buffer@4.2.0 OK for: socks@2.8.7 want: ^4.2.0
4878 silly placeDep node_modules/source-map-loader iconv-lite@0.6.3 OK for: source-map-loader@5.0.0 want: ^0.6.3
4879 silly placeDep ROOT buffer-from@1.1.2 OK for: source-map-support@0.5.21 want: ^1.0.0
4880 silly placeDep node_modules/source-map-support source-map@0.6.1 OK for: source-map-support@0.5.21 want: ^0.6.0
4881 silly placeDep node_modules/streamroller fs-extra@8.1.0 OK for: streamroller@3.1.5 want: ^8.1.0
4882 silly fetch manifest jsonfile@^4.0.0
4883 silly packumentCache full:https://registry.npmjs.org/jsonfile cache-miss
4884 silly fetch manifest universalify@^0.1.0
4885 silly packumentCache full:https://registry.npmjs.org/universalify cache-miss
4886 http fetch GET 200 https://registry.npmjs.org/jsonfile 11ms (cache hit)
4887 silly packumentCache full:https://registry.npmjs.org/jsonfile set size:51505 disposed:false
4888 http fetch GET 200 https://registry.npmjs.org/universalify 11ms (cache hit)
4889 silly packumentCache full:https://registry.npmjs.org/universalify set size:19431 disposed:false
4890 silly placeDep ROOT eastasianwidth@0.2.0 OK for: string-width@5.1.2 want: ^0.2.0
4891 silly placeDep ROOT emoji-regex@9.2.2 OK for: string-width@5.1.2 want: ^9.2.2
4892 silly placeDep node_modules/string-width-cjs emoji-regex@8.0.0 OK for: string-width@4.2.3 want: ^8.0.0
4893 silly placeDep node_modules/string-width-cjs is-fullwidth-code-point@3.0.0 OK for: string-width@4.2.3 want: ^3.0.0
4894 silly placeDep node_modules/string-width-cjs strip-ansi@6.0.1 OK for: string-width@4.2.3 want: ^6.0.1
4895 silly placeDep ROOT ansi-regex@6.2.2 OK for: strip-ansi@7.1.2 want: ^6.0.1
4896 silly placeDep node_modules/strip-ansi-cjs ansi-regex@5.0.1 OK for: strip-ansi@6.0.1 want: ^5.0.1
4897 silly placeDep ROOT has-flag@4.0.0 OK for: supports-color@7.2.0 want: ^4.0.0
4898 silly placeDep ROOT @alloc/quick-lru@5.2.0 OK for: tailwindcss@3.4.17 want: ^5.2.0
4899 silly placeDep ROOT arg@5.0.2 OK for: tailwindcss@3.4.17 want: ^5.0.2
4900 silly placeDep node_modules/tailwindcss chokidar@3.6.0 OK for: tailwindcss@3.4.17 want: ^3.6.0
4901 silly placeDep ROOT didyoumean@1.2.2 OK for: tailwindcss@3.4.17 want: ^1.2.2
4902 silly placeDep ROOT dlv@1.1.3 OK for: tailwindcss@3.4.17 want: ^1.1.3
4903 silly placeDep ROOT lilconfig@3.1.3 OK for: tailwindcss@3.4.17 want: ^3.1.3
4904 silly placeDep ROOT object-hash@3.0.0 OK for: tailwindcss@3.4.17 want: ^3.0.0
4905 silly placeDep ROOT postcss-import@15.1.0 OK for: tailwindcss@3.4.17 want: ^15.1.0
4906 silly placeDep ROOT postcss-js@4.1.0 OK for: tailwindcss@3.4.17 want: ^4.0.1
4907 silly placeDep ROOT postcss-load-config@4.0.2 OK for: tailwindcss@3.4.17 want: ^4.0.2
4908 silly placeDep ROOT postcss-nested@6.2.0 OK for: tailwindcss@3.4.17 want: ^6.2.0
4909 silly placeDep node_modules/tailwindcss postcss-selector-parser@6.1.2 OK for: tailwindcss@3.4.17 want: ^6.1.2
4910 silly placeDep ROOT sucrase@3.35.1 OK for: tailwindcss@3.4.17 want: ^3.35.0
4911 silly fetch manifest read-cache@^1.0.0
4912 silly packumentCache full:https://registry.npmjs.org/read-cache cache-miss
4913 silly fetch manifest camelcase-css@^2.0.1
4914 silly packumentCache full:https://registry.npmjs.org/camelcase-css cache-miss
4915 silly fetch manifest yaml@^2.3.4
4916 silly packumentCache full:https://registry.npmjs.org/yaml cache-miss
4917 silly fetch manifest postcss-selector-parser@^6.1.1
4918 silly packumentCache full:https://registry.npmjs.org/postcss-selector-parser cache-hit
4919 silly fetch manifest commander@^4.0.0
4920 silly packumentCache full:https://registry.npmjs.org/commander cache-miss
4921 silly fetch manifest mz@^2.7.0
4922 silly packumentCache full:https://registry.npmjs.org/mz cache-miss
4923 silly fetch manifest pirates@^4.0.1
4924 silly packumentCache full:https://registry.npmjs.org/pirates cache-miss
4925 silly fetch manifest ts-interface-checker@^0.1.9
4926 silly packumentCache full:https://registry.npmjs.org/ts-interface-checker cache-miss
4927 http fetch GET 200 https://registry.npmjs.org/commander 9ms (cache hit)
4928 silly packumentCache full:https://registry.npmjs.org/commander set size:345426 disposed:false
4929 http fetch GET 200 https://registry.npmjs.org/mz 132ms (cache miss)
4930 silly packumentCache full:https://registry.npmjs.org/mz set size:undefined disposed:false
4931 http fetch GET 200 https://registry.npmjs.org/read-cache 156ms (cache miss)
4932 silly packumentCache full:https://registry.npmjs.org/read-cache set size:undefined disposed:false
4933 http fetch GET 200 https://registry.npmjs.org/ts-interface-checker 176ms (cache miss)
4934 silly packumentCache full:https://registry.npmjs.org/ts-interface-checker set size:undefined disposed:false
4935 http fetch GET 200 https://registry.npmjs.org/yaml 196ms (cache miss)
4936 silly packumentCache full:https://registry.npmjs.org/yaml set size:undefined disposed:false
4937 http fetch GET 200 https://registry.npmjs.org/camelcase-css 443ms (cache miss)
4938 silly packumentCache full:https://registry.npmjs.org/camelcase-css set size:undefined disposed:false
4939 http fetch GET 200 https://registry.npmjs.org/pirates 489ms (cache miss)
4940 silly packumentCache full:https://registry.npmjs.org/pirates set size:undefined disposed:false
4941 silly placeDep ROOT read-cache@1.0.0 OK for: postcss-import@15.1.0 want: ^1.0.0
4942 silly fetch manifest pify@^2.3.0
4943 silly packumentCache full:https://registry.npmjs.org/pify cache-miss
4944 http fetch GET 200 https://registry.npmjs.org/pify 2ms (cache hit)
4945 silly packumentCache full:https://registry.npmjs.org/pify set size:33583 disposed:false
4946 silly placeDep ROOT camelcase-css@2.0.1 OK for: postcss-js@4.1.0 want: ^2.0.1
4947 silly placeDep ROOT yaml@2.8.2 OK for: postcss-load-config@4.0.2 want: ^2.3.4
4948 silly placeDep node_modules/postcss-nested postcss-selector-parser@6.1.2 OK for: postcss-nested@6.2.0 want: ^6.1.1
4949 silly placeDep ROOT pify@2.3.0 OK for: read-cache@1.0.0 want: ^2.3.0
4950 silly placeDep ROOT commander@4.1.1 OK for: sucrase@3.35.1 want: ^4.0.0
4951 silly placeDep ROOT mz@2.7.0 OK for: sucrase@3.35.1 want: ^2.7.0
4952 silly placeDep ROOT pirates@4.0.7 OK for: sucrase@3.35.1 want: ^4.0.1
4953 silly placeDep ROOT ts-interface-checker@0.1.13 OK for: sucrase@3.35.1 want: ^0.1.9
4954 silly fetch manifest any-promise@^1.0.0
4955 silly packumentCache full:https://registry.npmjs.org/any-promise cache-miss
4956 silly fetch manifest thenify-all@^1.0.0
4957 silly packumentCache full:https://registry.npmjs.org/thenify-all cache-miss
4958 http fetch GET 200 https://registry.npmjs.org/thenify-all 137ms (cache miss)
4959 silly packumentCache full:https://registry.npmjs.org/thenify-all set size:undefined disposed:false
4960 http fetch GET 200 https://registry.npmjs.org/any-promise 219ms (cache miss)
4961 silly packumentCache full:https://registry.npmjs.org/any-promise set size:undefined disposed:false
4962 silly placeDep ROOT any-promise@1.3.0 OK for: mz@2.7.0 want: ^1.0.0
4963 silly placeDep ROOT thenify-all@1.6.0 OK for: mz@2.7.0 want: ^1.0.0
4964 silly fetch manifest thenify@>= 3.1.0 < 4
4965 silly packumentCache full:https://registry.npmjs.org/thenify cache-miss
4966 http fetch GET 200 https://registry.npmjs.org/thenify 163ms (cache miss)
4967 silly packumentCache full:https://registry.npmjs.org/thenify set size:undefined disposed:false
4968 silly placeDep ROOT chownr@2.0.0 OK for: tar@6.2.1 want: ^2.0.0
4969 silly placeDep node_modules/tar fs-minipass@2.1.0 OK for: tar@6.2.1 want: ^2.0.0
4970 silly placeDep node_modules/tar minipass@5.0.0 OK for: tar@6.2.1 want: ^5.0.0
4971 silly placeDep node_modules/tar minizlib@2.1.2 OK for: tar@6.2.1 want: ^2.1.1
4972 silly placeDep node_modules/tar mkdirp@1.0.4 OK for: tar@6.2.1 want: ^1.0.3
4973 silly placeDep node_modules/tar yallist@4.0.0 OK for: tar@6.2.1 want: ^4.0.0
4974 silly placeDep ROOT @jridgewell/source-map@0.3.11 OK for: terser@5.43.1 want: ^0.3.3
4975 silly placeDep ROOT acorn@8.15.0 OK for: terser@5.43.1 want: ^8.14.0
4976 silly placeDep node_modules/terser commander@2.20.3 OK for: terser@5.43.1 want: ^2.20.0
4977 silly placeDep ROOT thenify@3.3.1 OK for: thenify-all@1.6.0 want: >= 3.1.0 < 4
4978 silly placeDep ROOT fdir@6.5.0 OK for: tinyglobby@0.2.14 want: ^6.4.4
4979 silly placeDep ROOT is-number@7.0.0 OK for: to-regex-range@5.0.1 want: ^7.0.0
4980 silly placeDep ROOT @tufjs/models@3.0.1 OK for: tuf-js@3.1.0 want: 3.0.1
4981 silly fetch manifest @tufjs/canonical-json@2.0.0
4982 silly packumentCache full:https://registry.npmjs.org/@tufjs%2fcanonical-json cache-miss
4983 http fetch GET 200 https://registry.npmjs.org/@tufjs%2fcanonical-json 379ms (cache miss)
4984 silly packumentCache full:https://registry.npmjs.org/@tufjs%2fcanonical-json set size:undefined disposed:false
4985 silly placeDep ROOT @tufjs/canonical-json@2.0.0 OK for: @tufjs/models@3.0.1 want: 2.0.0
4986 silly placeDep ROOT media-typer@1.1.0 OK for: type-is@2.0.1 want: ^1.1.0
4987 silly placeDep ROOT unicode-canonical-property-names-ecmascript@2.0.1 OK for: unicode-match-property-ecmascript@2.0.0 want: ^2.0.0
4988 silly placeDep ROOT unicode-property-aliases-ecmascript@2.2.0 OK for: unicode-match-property-ecmascript@2.0.0 want: ^2.0.0
4989 silly placeDep ROOT unique-slug@5.0.0 OK for: unique-filename@4.0.0 want: ^5.0.0
4990 silly fetch manifest imurmurhash@^0.1.4
4991 silly packumentCache full:https://registry.npmjs.org/imurmurhash cache-miss
4992 http fetch GET 200 https://registry.npmjs.org/imurmurhash 190ms (cache miss)
4993 silly packumentCache full:https://registry.npmjs.org/imurmurhash set size:undefined disposed:false
4994 silly placeDep ROOT imurmurhash@0.1.4 OK for: unique-slug@5.0.0 want: ^0.1.4
4995 silly placeDep ROOT escalade@3.2.0 OK for: update-browserslist-db@1.2.3 want: ^3.2.0
4996 silly placeDep ROOT spdx-correct@3.2.0 OK for: validate-npm-package-license@3.0.4 want: ^3.0.0
4997 silly placeDep ROOT spdx-expression-parse@3.0.1 OK for: validate-npm-package-license@3.0.4 want: ^3.0.0
4998 silly fetch manifest spdx-license-ids@^3.0.0
4999 silly packumentCache full:https://registry.npmjs.org/spdx-license-ids cache-miss
5000 silly fetch manifest spdx-exceptions@^2.1.0
5001 silly packumentCache full:https://registry.npmjs.org/spdx-exceptions cache-miss
5002 silly fetch manifest spdx-license-ids@^3.0.0
5003 silly packumentCache full:https://registry.npmjs.org/spdx-license-ids cache-miss
5004 http fetch GET 200 https://registry.npmjs.org/spdx-exceptions 205ms (cache miss)
5005 silly packumentCache full:https://registry.npmjs.org/spdx-exceptions set size:undefined disposed:false
5006 http fetch GET 200 https://registry.npmjs.org/spdx-license-ids 205ms (cache miss)
5007 silly packumentCache full:https://registry.npmjs.org/spdx-license-ids set size:undefined disposed:false
5008 http fetch GET 200 https://registry.npmjs.org/spdx-license-ids 207ms (cache miss)
5009 silly packumentCache full:https://registry.npmjs.org/spdx-license-ids set size:undefined disposed:false
5010 silly placeDep ROOT spdx-license-ids@3.0.22 OK for: spdx-correct@3.2.0 want: ^3.0.0
5011 silly placeDep ROOT spdx-exceptions@2.5.0 OK for: spdx-expression-parse@3.0.1 want: ^2.1.0
5012 silly placeDep ROOT fsevents@2.3.3 OK for: vite@7.1.5 want: ~2.3.3
5013 silly placeDep node_modules/vite postcss@8.5.6 OK for: vite@7.1.5 want: ^8.5.6
5014 silly placeDep ROOT rollup@4.56.0 OK for: vite@7.1.5 want: ^4.43.0
5015 silly placeDep node_modules/vite tinyglobby@0.2.15 OK for: vite@7.1.5 want: ^0.2.15
5016 silly fetch manifest @types/estree@1.0.8
5017 silly packumentCache full:https://registry.npmjs.org/@types%2festree cache-miss
5018 silly fetch manifest @rollup/rollup-darwin-arm64@4.56.0
5019 silly packumentCache full:https://registry.npmjs.org/@rollup%2frollup-darwin-arm64 cache-miss
5020 silly fetch manifest @rollup/rollup-android-arm64@4.56.0
5021 silly packumentCache full:https://registry.npmjs.org/@rollup%2frollup-android-arm64 cache-miss
5022 silly fetch manifest @rollup/rollup-win32-arm64-msvc@4.56.0
5023 silly packumentCache full:https://registry.npmjs.org/@rollup%2frollup-win32-arm64-msvc cache-miss
5024 silly fetch manifest @rollup/rollup-freebsd-arm64@4.56.0
5025 silly packumentCache full:https://registry.npmjs.org/@rollup%2frollup-freebsd-arm64 cache-miss
5026 silly fetch manifest @rollup/rollup-linux-arm64-gnu@4.56.0
5027 silly packumentCache full:https://registry.npmjs.org/@rollup%2frollup-linux-arm64-gnu cache-miss
5028 silly fetch manifest @rollup/rollup-linux-arm64-musl@4.56.0
5029 silly packumentCache full:https://registry.npmjs.org/@rollup%2frollup-linux-arm64-musl cache-miss
5030 silly fetch manifest @rollup/rollup-android-arm-eabi@4.56.0
5031 silly packumentCache full:https://registry.npmjs.org/@rollup%2frollup-android-arm-eabi cache-miss
5032 silly fetch manifest @rollup/rollup-linux-arm-gnueabihf@4.56.0
5033 silly packumentCache full:https://registry.npmjs.org/@rollup%2frollup-linux-arm-gnueabihf cache-miss
5034 http fetch GET 200 https://registry.npmjs.org/@types%2festree 6ms (cache hit)
5035 silly packumentCache full:https://registry.npmjs.org/@types%2festree set size:74091 disposed:false
5036 silly fetch manifest @rollup/rollup-linux-arm-musleabihf@4.56.0
5037 silly packumentCache full:https://registry.npmjs.org/@rollup%2frollup-linux-arm-musleabihf cache-miss
5038 http fetch GET 200 https://registry.npmjs.org/@rollup%2frollup-linux-arm64-gnu 192ms (cache miss)
5039 silly packumentCache full:https://registry.npmjs.org/@rollup%2frollup-linux-arm64-gnu set size:undefined disposed:false
5040 silly fetch manifest @rollup/rollup-win32-ia32-msvc@4.56.0
5041 silly packumentCache full:https://registry.npmjs.org/@rollup%2frollup-win32-ia32-msvc cache-miss
5042 http fetch GET 200 https://registry.npmjs.org/@rollup%2frollup-linux-arm-musleabihf 189ms (cache miss)
5043 silly packumentCache full:https://registry.npmjs.org/@rollup%2frollup-linux-arm-musleabihf set size:undefined disposed:false
5044 silly fetch manifest @rollup/rollup-linux-loong64-gnu@4.56.0
5045 silly packumentCache full:https://registry.npmjs.org/@rollup%2frollup-linux-loong64-gnu cache-miss
5046 http fetch GET 200 https://registry.npmjs.org/@rollup%2frollup-darwin-arm64 208ms (cache miss)
5047 silly packumentCache full:https://registry.npmjs.org/@rollup%2frollup-darwin-arm64 set size:undefined disposed:false
5048 silly fetch manifest @rollup/rollup-linux-loong64-musl@4.56.0
5049 silly packumentCache full:https://registry.npmjs.org/@rollup%2frollup-linux-loong64-musl cache-miss
5050 http fetch GET 200 https://registry.npmjs.org/@rollup%2frollup-android-arm64 229ms (cache miss)
5051 silly packumentCache full:https://registry.npmjs.org/@rollup%2frollup-android-arm64 set size:undefined disposed:false
5052 silly fetch manifest @rollup/rollup-linux-riscv64-gnu@4.56.0
5053 silly packumentCache full:https://registry.npmjs.org/@rollup%2frollup-linux-riscv64-gnu cache-miss
5054 http fetch GET 200 https://registry.npmjs.org/@rollup%2frollup-android-arm-eabi 238ms (cache miss)
5055 silly packumentCache full:https://registry.npmjs.org/@rollup%2frollup-android-arm-eabi set size:undefined disposed:false
5056 silly fetch manifest @rollup/rollup-linux-riscv64-musl@4.56.0
5057 silly packumentCache full:https://registry.npmjs.org/@rollup%2frollup-linux-riscv64-musl cache-miss
5058 http fetch GET 200 https://registry.npmjs.org/@rollup%2frollup-linux-arm-gnueabihf 261ms (cache miss)
5059 silly packumentCache full:https://registry.npmjs.org/@rollup%2frollup-linux-arm-gnueabihf set size:undefined disposed:false
5060 silly fetch manifest @rollup/rollup-linux-ppc64-gnu@4.56.0
5061 silly packumentCache full:https://registry.npmjs.org/@rollup%2frollup-linux-ppc64-gnu cache-miss
5062 http fetch GET 200 https://registry.npmjs.org/@rollup%2frollup-win32-arm64-msvc 266ms (cache miss)
5063 silly packumentCache full:https://registry.npmjs.org/@rollup%2frollup-win32-arm64-msvc set size:undefined disposed:false
5064 silly fetch manifest @rollup/rollup-linux-ppc64-musl@4.56.0
5065 silly packumentCache full:https://registry.npmjs.org/@rollup%2frollup-linux-ppc64-musl cache-miss
5066 http fetch GET 200 https://registry.npmjs.org/@rollup%2frollup-freebsd-arm64 301ms (cache miss)
5067 silly packumentCache full:https://registry.npmjs.org/@rollup%2frollup-freebsd-arm64 set size:undefined disposed:false
5068 silly fetch manifest @rollup/rollup-linux-s390x-gnu@4.56.0
5069 silly packumentCache full:https://registry.npmjs.org/@rollup%2frollup-linux-s390x-gnu cache-miss
5070 http fetch GET 200 https://registry.npmjs.org/@rollup%2frollup-linux-arm64-musl 303ms (cache miss)
5071 silly packumentCache full:https://registry.npmjs.org/@rollup%2frollup-linux-arm64-musl set size:undefined disposed:false
5072 silly fetch manifest @rollup/rollup-darwin-x64@4.56.0
5073 silly packumentCache full:https://registry.npmjs.org/@rollup%2frollup-darwin-x64 cache-miss
5074 http fetch GET 200 https://registry.npmjs.org/@rollup%2frollup-win32-ia32-msvc 173ms (cache miss)
5075 silly packumentCache full:https://registry.npmjs.org/@rollup%2frollup-win32-ia32-msvc set size:undefined disposed:false
5076 silly fetch manifest @rollup/rollup-win32-x64-gnu@4.56.0
5077 silly packumentCache full:https://registry.npmjs.org/@rollup%2frollup-win32-x64-gnu cache-miss
5078 http fetch GET 200 https://registry.npmjs.org/@rollup%2frollup-linux-loong64-musl 178ms (cache miss)
5079 silly packumentCache full:https://registry.npmjs.org/@rollup%2frollup-linux-loong64-musl set size:undefined disposed:false
5080 silly fetch manifest @rollup/rollup-win32-x64-msvc@4.56.0
5081 silly packumentCache full:https://registry.npmjs.org/@rollup%2frollup-win32-x64-msvc cache-miss
5082 http fetch GET 200 https://registry.npmjs.org/@rollup%2frollup-linux-riscv64-musl 178ms (cache miss)
5083 silly packumentCache full:https://registry.npmjs.org/@rollup%2frollup-linux-riscv64-musl set size:undefined disposed:false
5084 silly fetch manifest @rollup/rollup-freebsd-x64@4.56.0
5085 silly packumentCache full:https://registry.npmjs.org/@rollup%2frollup-freebsd-x64 cache-miss
5086 http fetch GET 200 https://registry.npmjs.org/@rollup%2frollup-linux-riscv64-gnu 230ms (cache miss)
5087 silly packumentCache full:https://registry.npmjs.org/@rollup%2frollup-linux-riscv64-gnu set size:undefined disposed:false
5088 silly fetch manifest @rollup/rollup-linux-x64-gnu@4.56.0
5089 silly packumentCache full:https://registry.npmjs.org/@rollup%2frollup-linux-x64-gnu cache-miss
5090 http fetch GET 200 https://registry.npmjs.org/@rollup%2frollup-linux-ppc64-gnu 206ms (cache miss)
5091 silly packumentCache full:https://registry.npmjs.org/@rollup%2frollup-linux-ppc64-gnu set size:undefined disposed:false
5092 silly fetch manifest @rollup/rollup-linux-x64-musl@4.56.0
5093 silly packumentCache full:https://registry.npmjs.org/@rollup%2frollup-linux-x64-musl cache-miss
5094 http fetch GET 200 https://registry.npmjs.org/@rollup%2frollup-linux-ppc64-musl 249ms (cache miss)
5095 silly packumentCache full:https://registry.npmjs.org/@rollup%2frollup-linux-ppc64-musl set size:undefined disposed:false
5096 silly fetch manifest @rollup/rollup-openbsd-x64@4.56.0
5097 silly packumentCache full:https://registry.npmjs.org/@rollup%2frollup-openbsd-x64 cache-miss
5098 http fetch GET 200 https://registry.npmjs.org/@rollup%2frollup-win32-x64-gnu 148ms (cache miss)
5099 silly packumentCache full:https://registry.npmjs.org/@rollup%2frollup-win32-x64-gnu set size:undefined disposed:false
5100 silly fetch manifest @rollup/rollup-openharmony-arm64@4.56.0
5101 silly packumentCache full:https://registry.npmjs.org/@rollup%2frollup-openharmony-arm64 cache-miss
5102 http fetch GET 200 https://registry.npmjs.org/@rollup%2frollup-linux-loong64-gnu 387ms (cache miss)
5103 silly packumentCache full:https://registry.npmjs.org/@rollup%2frollup-linux-loong64-gnu set size:undefined disposed:false
5104 http fetch GET 200 https://registry.npmjs.org/@rollup%2frollup-freebsd-x64 168ms (cache miss)
5105 silly packumentCache full:https://registry.npmjs.org/@rollup%2frollup-freebsd-x64 set size:undefined disposed:false
5106 http fetch GET 200 https://registry.npmjs.org/@rollup%2frollup-win32-x64-msvc 223ms (cache miss)
5107 silly packumentCache full:https://registry.npmjs.org/@rollup%2frollup-win32-x64-msvc set size:undefined disposed:false
5108 http fetch GET 200 https://registry.npmjs.org/@rollup%2frollup-linux-x64-gnu 172ms (cache miss)
5109 silly packumentCache full:https://registry.npmjs.org/@rollup%2frollup-linux-x64-gnu set size:undefined disposed:false
5110 http fetch GET 200 https://registry.npmjs.org/@rollup%2frollup-linux-s390x-gnu 370ms (cache miss)
5111 silly packumentCache full:https://registry.npmjs.org/@rollup%2frollup-linux-s390x-gnu set size:undefined disposed:false
5112 http fetch GET 200 https://registry.npmjs.org/@rollup%2frollup-darwin-x64 370ms (cache miss)
5113 silly packumentCache full:https://registry.npmjs.org/@rollup%2frollup-darwin-x64 set size:undefined disposed:false
5114 http fetch GET 200 https://registry.npmjs.org/@rollup%2frollup-openharmony-arm64 190ms (cache miss)
5115 silly packumentCache full:https://registry.npmjs.org/@rollup%2frollup-openharmony-arm64 set size:undefined disposed:false
5116 http fetch GET 200 https://registry.npmjs.org/@rollup%2frollup-openbsd-x64 193ms (cache miss)
5117 silly packumentCache full:https://registry.npmjs.org/@rollup%2frollup-openbsd-x64 set size:undefined disposed:false
5118 http fetch GET 200 https://registry.npmjs.org/@rollup%2frollup-linux-x64-musl 395ms (cache miss)
5119 silly packumentCache full:https://registry.npmjs.org/@rollup%2frollup-linux-x64-musl set size:undefined disposed:false
5120 silly placeDep ROOT @rollup/rollup-android-arm-eabi@4.56.0 OK for: rollup@4.56.0 want: 4.56.0
5121 silly placeDep ROOT @rollup/rollup-android-arm64@4.56.0 OK for: rollup@4.56.0 want: 4.56.0
5122 silly placeDep ROOT @rollup/rollup-darwin-arm64@4.56.0 OK for: rollup@4.56.0 want: 4.56.0
5123 silly placeDep ROOT @rollup/rollup-darwin-x64@4.56.0 OK for: rollup@4.56.0 want: 4.56.0
5124 silly placeDep ROOT @rollup/rollup-freebsd-arm64@4.56.0 OK for: rollup@4.56.0 want: 4.56.0
5125 silly placeDep ROOT @rollup/rollup-freebsd-x64@4.56.0 OK for: rollup@4.56.0 want: 4.56.0
5126 silly placeDep ROOT @rollup/rollup-linux-arm-gnueabihf@4.56.0 OK for: rollup@4.56.0 want: 4.56.0
5127 silly placeDep ROOT @rollup/rollup-linux-arm-musleabihf@4.56.0 OK for: rollup@4.56.0 want: 4.56.0
5128 silly placeDep ROOT @rollup/rollup-linux-arm64-gnu@4.56.0 OK for: rollup@4.56.0 want: 4.56.0
5129 silly placeDep ROOT @rollup/rollup-linux-arm64-musl@4.56.0 OK for: rollup@4.56.0 want: 4.56.0
5130 silly placeDep ROOT @rollup/rollup-linux-loong64-gnu@4.56.0 OK for: rollup@4.56.0 want: 4.56.0
5131 silly placeDep ROOT @rollup/rollup-linux-loong64-musl@4.56.0 OK for: rollup@4.56.0 want: 4.56.0
5132 silly placeDep ROOT @rollup/rollup-linux-ppc64-gnu@4.56.0 OK for: rollup@4.56.0 want: 4.56.0
5133 silly placeDep ROOT @rollup/rollup-linux-ppc64-musl@4.56.0 OK for: rollup@4.56.0 want: 4.56.0
5134 silly placeDep ROOT @rollup/rollup-linux-riscv64-gnu@4.56.0 OK for: rollup@4.56.0 want: 4.56.0
5135 silly placeDep ROOT @rollup/rollup-linux-riscv64-musl@4.56.0 OK for: rollup@4.56.0 want: 4.56.0
5136 silly placeDep ROOT @rollup/rollup-linux-s390x-gnu@4.56.0 OK for: rollup@4.56.0 want: 4.56.0
5137 silly placeDep ROOT @rollup/rollup-linux-x64-gnu@4.56.0 OK for: rollup@4.56.0 want: 4.56.0
5138 silly placeDep ROOT @rollup/rollup-linux-x64-musl@4.56.0 OK for: rollup@4.56.0 want: 4.56.0
5139 silly placeDep ROOT @rollup/rollup-openbsd-x64@4.56.0 OK for: rollup@4.56.0 want: 4.56.0
5140 silly placeDep ROOT @rollup/rollup-openharmony-arm64@4.56.0 OK for: rollup@4.56.0 want: 4.56.0
5141 silly placeDep ROOT @rollup/rollup-win32-arm64-msvc@4.56.0 OK for: rollup@4.56.0 want: 4.56.0
5142 silly placeDep ROOT @rollup/rollup-win32-ia32-msvc@4.56.0 OK for: rollup@4.56.0 want: 4.56.0
5143 silly placeDep ROOT @rollup/rollup-win32-x64-gnu@4.56.0 OK for: rollup@4.56.0 want: 4.56.0
5144 silly placeDep ROOT @rollup/rollup-win32-x64-msvc@4.56.0 OK for: rollup@4.56.0 want: 4.56.0
5145 silly placeDep ROOT @types/estree@1.0.8 OK for: rollup@4.56.0 want: 1.0.8
5146 silly placeDep ROOT glob-to-regexp@0.4.1 OK for: watchpack@2.4.4 want: ^0.4.1
5147 silly placeDep ROOT @types/eslint-scope@3.7.7 OK for: webpack@5.101.2 want: ^3.7.7
5148 silly placeDep ROOT @webassemblyjs/ast@1.14.1 OK for: webpack@5.101.2 want: ^1.14.1
5149 silly placeDep ROOT @webassemblyjs/wasm-edit@1.14.1 OK for: webpack@5.101.2 want: ^1.14.1
5150 silly placeDep ROOT @webassemblyjs/wasm-parser@1.14.1 OK for: webpack@5.101.2 want: ^1.14.1
5151 silly placeDep ROOT acorn-import-phases@1.0.4 OK for: webpack@5.101.2 want: ^1.0.3
5152 silly placeDep ROOT chrome-trace-event@1.0.4 OK for: webpack@5.101.2 want: ^1.0.2
5153 silly placeDep ROOT enhanced-resolve@5.18.4 OK for: webpack@5.101.2 want: ^5.17.3
5154 silly placeDep ROOT es-module-lexer@1.7.0 OK for: webpack@5.101.2 want: ^1.2.1
5155 silly placeDep ROOT eslint-scope@5.1.1 OK for: webpack@5.101.2 want: 5.1.1
5156 silly placeDep ROOT events@3.3.0 OK for: webpack@5.101.2 want: ^3.2.0
5157 silly placeDep node_modules/webpack json-parse-even-better-errors@2.3.1 OK for: webpack@5.101.2 want: ^2.3.1
5158 silly placeDep ROOT loader-runner@4.3.1 OK for: webpack@5.101.2 want: ^4.2.0
5159 silly placeDep node_modules/webpack mime-types@2.1.35 OK for: webpack@5.101.2 want: ^2.1.27
5160 silly placeDep ROOT terser-webpack-plugin@5.3.16 OK for: webpack@5.101.2 want: ^5.3.11
5161 silly fetch manifest @types/eslint@*
5162 silly packumentCache full:https://registry.npmjs.org/@types%2feslint cache-miss
5163 silly fetch manifest @webassemblyjs/helper-numbers@1.13.2
5164 silly packumentCache full:https://registry.npmjs.org/@webassemblyjs%2fhelper-numbers cache-miss
5165 silly fetch manifest @webassemblyjs/helper-wasm-bytecode@1.13.2
5166 silly packumentCache full:https://registry.npmjs.org/@webassemblyjs%2fhelper-wasm-bytecode cache-miss
5167 silly fetch manifest @webassemblyjs/helper-buffer@1.14.1
5168 silly packumentCache full:https://registry.npmjs.org/@webassemblyjs%2fhelper-buffer cache-miss
5169 silly fetch manifest @webassemblyjs/helper-wasm-bytecode@1.13.2
5170 silly packumentCache full:https://registry.npmjs.org/@webassemblyjs%2fhelper-wasm-bytecode cache-miss
5171 silly fetch manifest @webassemblyjs/helper-wasm-section@1.14.1
5172 silly packumentCache full:https://registry.npmjs.org/@webassemblyjs%2fhelper-wasm-section cache-miss
5173 silly fetch manifest @webassemblyjs/wasm-gen@1.14.1
5174 silly packumentCache full:https://registry.npmjs.org/@webassemblyjs%2fwasm-gen cache-miss
5175 silly fetch manifest @webassemblyjs/wasm-opt@1.14.1
5176 silly packumentCache full:https://registry.npmjs.org/@webassemblyjs%2fwasm-opt cache-miss
5177 silly fetch manifest @webassemblyjs/wasm-parser@1.14.1
5178 silly packumentCache full:https://registry.npmjs.org/@webassemblyjs%2fwasm-parser cache-miss
5179 http fetch GET 200 https://registry.npmjs.org/@webassemblyjs%2fwasm-parser 4ms (cache hit)
5180 silly packumentCache full:https://registry.npmjs.org/@webassemblyjs%2fwasm-parser set size:214115 disposed:false
5181 silly fetch manifest @webassemblyjs/wast-printer@1.14.1
5182 silly packumentCache full:https://registry.npmjs.org/@webassemblyjs%2fwast-printer cache-miss
5183 http fetch GET 200 https://registry.npmjs.org/@webassemblyjs%2fwasm-gen 214ms (cache miss)
5184 silly packumentCache full:https://registry.npmjs.org/@webassemblyjs%2fwasm-gen set size:undefined disposed:false
5185 silly fetch manifest @webassemblyjs/helper-api-error@1.13.2
5186 silly packumentCache full:https://registry.npmjs.org/@webassemblyjs%2fhelper-api-error cache-miss
5187 http fetch GET 200 https://registry.npmjs.org/@webassemblyjs%2fhelper-wasm-bytecode 275ms (cache miss)
5188 silly packumentCache full:https://registry.npmjs.org/@webassemblyjs%2fhelper-wasm-bytecode set size:undefined disposed:false
5189 silly fetch manifest @webassemblyjs/ieee754@1.13.2
5190 silly packumentCache full:https://registry.npmjs.org/@webassemblyjs%2fieee754 cache-miss
5191 http fetch GET 200 https://registry.npmjs.org/@webassemblyjs%2fhelper-numbers 321ms (cache miss)
5192 silly packumentCache full:https://registry.npmjs.org/@webassemblyjs%2fhelper-numbers set size:undefined disposed:false
5193 silly fetch manifest @webassemblyjs/leb128@1.13.2
5194 silly packumentCache full:https://registry.npmjs.org/@webassemblyjs%2fleb128 cache-miss
5195 http fetch GET 200 https://registry.npmjs.org/@webassemblyjs%2fwast-printer 326ms (cache miss)
5196 silly packumentCache full:https://registry.npmjs.org/@webassemblyjs%2fwast-printer set size:undefined disposed:false
5197 silly fetch manifest @webassemblyjs/utf8@1.13.2
5198 silly packumentCache full:https://registry.npmjs.org/@webassemblyjs%2futf8 cache-miss
5199 http fetch GET 200 https://registry.npmjs.org/@types%2feslint 333ms (cache miss)
5200 silly packumentCache full:https://registry.npmjs.org/@types%2feslint set size:undefined disposed:false
5201 silly fetch manifest esrecurse@^4.3.0
5202 silly packumentCache full:https://registry.npmjs.org/esrecurse cache-miss
5203 http fetch GET 200 https://registry.npmjs.org/@webassemblyjs%2fhelper-buffer 346ms (cache miss)
5204 silly packumentCache full:https://registry.npmjs.org/@webassemblyjs%2fhelper-buffer set size:undefined disposed:false
5205 silly fetch manifest estraverse@^4.1.1
5206 silly packumentCache full:https://registry.npmjs.org/estraverse cache-miss
5207 http fetch GET 200 https://registry.npmjs.org/@webassemblyjs%2fhelper-wasm-bytecode 366ms (cache miss)
5208 silly packumentCache full:https://registry.npmjs.org/@webassemblyjs%2fhelper-wasm-bytecode set size:undefined disposed:false
5209 silly fetch manifest mime-db@1.52.0
5210 silly packumentCache full:https://registry.npmjs.org/mime-db cache-miss
5211 http fetch GET 200 https://registry.npmjs.org/mime-db 1ms (cache hit)
5212 silly packumentCache full:https://registry.npmjs.org/mime-db set size:164953 disposed:false
5213 silly fetch manifest jest-worker@^27.4.5
5214 silly packumentCache full:https://registry.npmjs.org/jest-worker cache-miss
5215 http fetch GET 200 https://registry.npmjs.org/@webassemblyjs%2fwasm-opt 382ms (cache miss)
5216 silly packumentCache full:https://registry.npmjs.org/@webassemblyjs%2fwasm-opt set size:undefined disposed:false
5217 http fetch GET 200 https://registry.npmjs.org/@webassemblyjs%2fhelper-api-error 185ms (cache miss)
5218 silly packumentCache full:https://registry.npmjs.org/@webassemblyjs%2fhelper-api-error set size:undefined disposed:false
5219 http fetch GET 200 https://registry.npmjs.org/esrecurse 157ms (cache miss)
5220 silly packumentCache full:https://registry.npmjs.org/esrecurse set size:undefined disposed:false
5221 http fetch GET 200 https://registry.npmjs.org/@webassemblyjs%2fleb128 170ms (cache miss)
5222 silly packumentCache full:https://registry.npmjs.org/@webassemblyjs%2fleb128 set size:undefined disposed:false
5223 http fetch GET 200 https://registry.npmjs.org/@webassemblyjs%2futf8 180ms (cache miss)
5224 silly packumentCache full:https://registry.npmjs.org/@webassemblyjs%2futf8 set size:undefined disposed:false
5225 http fetch GET 200 https://registry.npmjs.org/@webassemblyjs%2fhelper-wasm-section 548ms (cache miss)
5226 silly packumentCache full:https://registry.npmjs.org/@webassemblyjs%2fhelper-wasm-section set size:undefined disposed:false
5227 http fetch GET 200 https://registry.npmjs.org/estraverse 203ms (cache miss)
5228 silly packumentCache full:https://registry.npmjs.org/estraverse set size:undefined disposed:false
5229 http fetch GET 200 https://registry.npmjs.org/jest-worker 205ms (cache miss)
5230 silly packumentCache full:https://registry.npmjs.org/jest-worker set size:undefined disposed:false
5231 http fetch GET 200 https://registry.npmjs.org/@webassemblyjs%2fieee754 474ms (cache miss)
5232 silly packumentCache full:https://registry.npmjs.org/@webassemblyjs%2fieee754 set size:undefined disposed:false
5233 silly placeDep ROOT @types/eslint@9.6.1 OK for: @types/eslint-scope@3.7.7 want: *
5234 silly placeDep ROOT @webassemblyjs/helper-numbers@1.13.2 OK for: @webassemblyjs/ast@1.14.1 want: 1.13.2
5235 silly placeDep ROOT @webassemblyjs/helper-wasm-bytecode@1.13.2 OK for: @webassemblyjs/ast@1.14.1 want: 1.13.2
5236 silly fetch manifest @xtuc/long@4.2.2
5237 silly packumentCache full:https://registry.npmjs.org/@xtuc%2flong cache-miss
5238 silly fetch manifest @webassemblyjs/floating-point-hex-parser@1.13.2
5239 silly packumentCache full:https://registry.npmjs.org/@webassemblyjs%2ffloating-point-hex-parser cache-miss
5240 http fetch GET 200 https://registry.npmjs.org/@webassemblyjs%2ffloating-point-hex-parser 162ms (cache miss)
5241 silly packumentCache full:https://registry.npmjs.org/@webassemblyjs%2ffloating-point-hex-parser set size:undefined disposed:false
5242 http fetch GET 200 https://registry.npmjs.org/@xtuc%2flong 200ms (cache miss)
5243 silly packumentCache full:https://registry.npmjs.org/@xtuc%2flong set size:undefined disposed:false
5244 silly placeDep ROOT @webassemblyjs/floating-point-hex-parser@1.13.2 OK for: @webassemblyjs/helper-numbers@1.13.2 want: 1.13.2
5245 silly placeDep ROOT @webassemblyjs/helper-api-error@1.13.2 OK for: @webassemblyjs/helper-numbers@1.13.2 want: 1.13.2
5246 silly placeDep ROOT @xtuc/long@4.2.2 OK for: @webassemblyjs/helper-numbers@1.13.2 want: 4.2.2
5247 silly placeDep ROOT @webassemblyjs/helper-buffer@1.14.1 OK for: @webassemblyjs/wasm-edit@1.14.1 want: 1.14.1
5248 silly placeDep ROOT @webassemblyjs/helper-wasm-section@1.14.1 OK for: @webassemblyjs/wasm-edit@1.14.1 want: 1.14.1
5249 silly placeDep ROOT @webassemblyjs/wasm-gen@1.14.1 OK for: @webassemblyjs/wasm-edit@1.14.1 want: 1.14.1
5250 silly placeDep ROOT @webassemblyjs/wasm-opt@1.14.1 OK for: @webassemblyjs/wasm-edit@1.14.1 want: 1.14.1
5251 silly placeDep ROOT @webassemblyjs/wast-printer@1.14.1 OK for: @webassemblyjs/wasm-edit@1.14.1 want: 1.14.1
5252 silly placeDep ROOT @webassemblyjs/ieee754@1.13.2 OK for: @webassemblyjs/wasm-gen@1.14.1 want: 1.13.2
5253 silly placeDep ROOT @webassemblyjs/leb128@1.13.2 OK for: @webassemblyjs/wasm-gen@1.14.1 want: 1.13.2
5254 silly placeDep ROOT @webassemblyjs/utf8@1.13.2 OK for: @webassemblyjs/wasm-gen@1.14.1 want: 1.13.2
5255 silly fetch manifest @xtuc/ieee754@^1.2.0
5256 silly packumentCache full:https://registry.npmjs.org/@xtuc%2fieee754 cache-miss
5257 http fetch GET 200 https://registry.npmjs.org/@xtuc%2fieee754 246ms (cache miss)
5258 silly packumentCache full:https://registry.npmjs.org/@xtuc%2fieee754 set size:undefined disposed:false
5259 silly placeDep ROOT @xtuc/ieee754@1.2.0 OK for: @webassemblyjs/ieee754@1.13.2 want: ^1.2.0
5260 silly placeDep ROOT esrecurse@4.3.0 OK for: eslint-scope@5.1.1 want: ^4.3.0
5261 silly placeDep ROOT estraverse@4.3.0 OK for: eslint-scope@5.1.1 want: ^4.1.1
5262 silly fetch manifest estraverse@^5.2.0
5263 silly packumentCache full:https://registry.npmjs.org/estraverse cache-miss
5264 http fetch GET 200 https://registry.npmjs.org/estraverse 3ms (cache hit)
5265 silly packumentCache full:https://registry.npmjs.org/estraverse set size:62412 disposed:false
5266 silly placeDep node_modules/esrecurse estraverse@5.3.0 OK for: esrecurse@4.3.0 want: ^5.2.0
5267 silly placeDep ROOT jest-worker@27.5.1 OK for: terser-webpack-plugin@5.3.16 want: ^27.4.5
5268 silly fetch manifest merge-stream@^2.0.0
5269 silly packumentCache full:https://registry.npmjs.org/merge-stream cache-miss
5270 silly fetch manifest supports-color@^8.0.0
5271 silly packumentCache full:https://registry.npmjs.org/supports-color cache-miss
5272 http fetch GET 200 https://registry.npmjs.org/supports-color 2ms (cache hit)
5273 silly packumentCache full:https://registry.npmjs.org/supports-color set size:118680 disposed:false
5274 http fetch GET 200 https://registry.npmjs.org/merge-stream 176ms (cache miss)
5275 silly packumentCache full:https://registry.npmjs.org/merge-stream set size:undefined disposed:false
5276 silly placeDep ROOT merge-stream@2.0.0 OK for: jest-worker@27.5.1 want: ^2.0.0
5277 silly placeDep node_modules/jest-worker supports-color@8.1.1 OK for: jest-worker@27.5.1 want: ^8.0.0
5278 silly placeDep ROOT memfs@4.56.10 OK for: webpack-dev-middleware@7.4.2 want: ^4.6.0
5279 silly placeDep node_modules/webpack-dev-middleware mime-types@2.1.35 OK for: webpack-dev-middleware@7.4.2 want: ^2.1.31
5280 silly fetch manifest @jsonjoy.com/fs-core@4.56.10
5281 silly packumentCache full:https://registry.npmjs.org/@jsonjoy.com%2ffs-core cache-miss
5282 silly fetch manifest @jsonjoy.com/fs-fsa@4.56.10
5283 silly packumentCache full:https://registry.npmjs.org/@jsonjoy.com%2ffs-fsa cache-miss
5284 silly fetch manifest @jsonjoy.com/fs-node@4.56.10
5285 silly packumentCache full:https://registry.npmjs.org/@jsonjoy.com%2ffs-node cache-miss
5286 silly fetch manifest @jsonjoy.com/fs-node-builtins@4.56.10
5287 silly packumentCache full:https://registry.npmjs.org/@jsonjoy.com%2ffs-node-builtins cache-miss
5288 silly fetch manifest @jsonjoy.com/fs-node-to-fsa@4.56.10
5289 silly packumentCache full:https://registry.npmjs.org/@jsonjoy.com%2ffs-node-to-fsa cache-miss
5290 silly fetch manifest @jsonjoy.com/fs-node-utils@4.56.10
5291 silly packumentCache full:https://registry.npmjs.org/@jsonjoy.com%2ffs-node-utils cache-miss
5292 silly fetch manifest @jsonjoy.com/fs-print@4.56.10
5293 silly packumentCache full:https://registry.npmjs.org/@jsonjoy.com%2ffs-print cache-miss
5294 silly fetch manifest @jsonjoy.com/fs-snapshot@4.56.10
5295 silly packumentCache full:https://registry.npmjs.org/@jsonjoy.com%2ffs-snapshot cache-miss
5296 silly fetch manifest @jsonjoy.com/json-pack@^1.11.0
5297 silly packumentCache full:https://registry.npmjs.org/@jsonjoy.com%2fjson-pack cache-miss
5298 http fetch GET 200 https://registry.npmjs.org/@jsonjoy.com%2fjson-pack 203ms (cache miss)
5299 silly packumentCache full:https://registry.npmjs.org/@jsonjoy.com%2fjson-pack set size:undefined disposed:false
5300 silly fetch manifest @jsonjoy.com/util@^1.9.0
5301 silly packumentCache full:https://registry.npmjs.org/@jsonjoy.com%2futil cache-miss
5302 http fetch GET 200 https://registry.npmjs.org/@jsonjoy.com%2ffs-fsa 372ms (cache miss)
5303 silly packumentCache full:https://registry.npmjs.org/@jsonjoy.com%2ffs-fsa set size:undefined disposed:false
5304 silly fetch manifest glob-to-regex.js@^1.0.1
5305 silly packumentCache full:https://registry.npmjs.org/glob-to-regex.js cache-miss
5306 http fetch GET 200 https://registry.npmjs.org/@jsonjoy.com%2ffs-node-to-fsa 386ms (cache miss)
5307 silly packumentCache full:https://registry.npmjs.org/@jsonjoy.com%2ffs-node-to-fsa set size:undefined disposed:false
5308 silly fetch manifest thingies@^2.5.0
5309 silly packumentCache full:https://registry.npmjs.org/thingies cache-miss
5310 http fetch GET 200 https://registry.npmjs.org/@jsonjoy.com%2ffs-node-utils 633ms (cache miss)
5311 silly packumentCache full:https://registry.npmjs.org/@jsonjoy.com%2ffs-node-utils set size:undefined disposed:false
5312 silly fetch manifest tree-dump@^1.0.3
5313 silly packumentCache full:https://registry.npmjs.org/tree-dump cache-miss
5314 http fetch GET 200 https://registry.npmjs.org/@jsonjoy.com%2ffs-node 647ms (cache miss)
5315 silly packumentCache full:https://registry.npmjs.org/@jsonjoy.com%2ffs-node set size:undefined disposed:false
5316 http fetch GET 200 https://registry.npmjs.org/@jsonjoy.com%2ffs-print 690ms (cache miss)
5317 silly packumentCache full:https://registry.npmjs.org/@jsonjoy.com%2ffs-print set size:undefined disposed:false
5318 http fetch GET 200 https://registry.npmjs.org/@jsonjoy.com%2futil 485ms (cache miss)
5319 silly packumentCache full:https://registry.npmjs.org/@jsonjoy.com%2futil set size:undefined disposed:false
5320 http fetch GET 200 https://registry.npmjs.org/glob-to-regex.js 489ms (cache miss)
5321 silly packumentCache full:https://registry.npmjs.org/glob-to-regex.js set size:undefined disposed:false
5322 http fetch GET 200 https://registry.npmjs.org/thingies 475ms (cache miss)
5323 silly packumentCache full:https://registry.npmjs.org/thingies set size:undefined disposed:false
5324 http fetch GET 200 https://registry.npmjs.org/tree-dump 257ms (cache miss)
5325 silly packumentCache full:https://registry.npmjs.org/tree-dump set size:undefined disposed:false
5326 http fetch GET 200 https://registry.npmjs.org/@jsonjoy.com%2ffs-node-builtins 963ms (cache miss)
5327 silly packumentCache full:https://registry.npmjs.org/@jsonjoy.com%2ffs-node-builtins set size:undefined disposed:false
5328 http fetch GET 200 https://registry.npmjs.org/@jsonjoy.com%2ffs-snapshot 1538ms (cache miss)
5329 silly packumentCache full:https://registry.npmjs.org/@jsonjoy.com%2ffs-snapshot set size:undefined disposed:false
5330 http fetch GET 200 https://registry.npmjs.org/@jsonjoy.com%2ffs-core 2253ms (cache miss)
5331 silly packumentCache full:https://registry.npmjs.org/@jsonjoy.com%2ffs-core set size:undefined disposed:false
5332 silly placeDep ROOT @jsonjoy.com/fs-core@4.56.10 OK for: memfs@4.56.10 want: 4.56.10
5333 silly placeDep ROOT @jsonjoy.com/fs-fsa@4.56.10 OK for: memfs@4.56.10 want: 4.56.10
5334 silly placeDep ROOT @jsonjoy.com/fs-node@4.56.10 OK for: memfs@4.56.10 want: 4.56.10
5335 silly placeDep ROOT @jsonjoy.com/fs-node-builtins@4.56.10 OK for: memfs@4.56.10 want: 4.56.10
5336 silly placeDep ROOT @jsonjoy.com/fs-node-to-fsa@4.56.10 OK for: memfs@4.56.10 want: 4.56.10
5337 silly placeDep ROOT @jsonjoy.com/fs-node-utils@4.56.10 OK for: memfs@4.56.10 want: 4.56.10
5338 silly placeDep ROOT @jsonjoy.com/fs-print@4.56.10 OK for: memfs@4.56.10 want: 4.56.10
5339 silly placeDep ROOT @jsonjoy.com/fs-snapshot@4.56.10 OK for: memfs@4.56.10 want: 4.56.10
5340 silly placeDep ROOT @jsonjoy.com/json-pack@1.21.0 OK for: memfs@4.56.10 want: ^1.11.0
5341 silly placeDep ROOT @jsonjoy.com/util@1.9.0 OK for: memfs@4.56.10 want: ^1.9.0
5342 silly placeDep ROOT glob-to-regex.js@1.2.0 OK for: memfs@4.56.10 want: ^1.0.1
5343 silly placeDep ROOT thingies@2.5.0 OK for: memfs@4.56.10 want: ^2.5.0
5344 silly placeDep ROOT tree-dump@1.1.0 OK for: memfs@4.56.10 want: ^1.0.3
5345 silly fetch manifest glob-to-regex.js@^1.0.0
5346 silly packumentCache full:https://registry.npmjs.org/glob-to-regex.js cache-miss
5347 silly fetch manifest tree-dump@^1.1.0
5348 silly packumentCache full:https://registry.npmjs.org/tree-dump cache-miss
5349 silly fetch manifest @jsonjoy.com/buffers@^17.65.0
5350 silly packumentCache full:https://registry.npmjs.org/@jsonjoy.com%2fbuffers cache-miss
5351 silly fetch manifest @jsonjoy.com/json-pack@^17.65.0
5352 silly packumentCache full:https://registry.npmjs.org/@jsonjoy.com%2fjson-pack cache-miss
5353 silly fetch manifest @jsonjoy.com/util@^17.65.0
5354 silly packumentCache full:https://registry.npmjs.org/@jsonjoy.com%2futil cache-miss
5355 silly fetch manifest tree-dump@^1.1.0
5356 silly packumentCache full:https://registry.npmjs.org/tree-dump cache-miss
5357 silly fetch manifest hyperdyperid@^1.2.0
5358 silly packumentCache full:https://registry.npmjs.org/hyperdyperid cache-miss
5359 silly fetch manifest @jsonjoy.com/base64@^1.1.2
5360 silly packumentCache full:https://registry.npmjs.org/@jsonjoy.com%2fbase64 cache-miss
5361 silly fetch manifest @jsonjoy.com/buffers@^1.2.0
5362 silly packumentCache full:https://registry.npmjs.org/@jsonjoy.com%2fbuffers cache-miss
5363 http fetch GET 200 https://registry.npmjs.org/glob-to-regex.js 11ms (cache hit)
5364 silly packumentCache full:https://registry.npmjs.org/glob-to-regex.js set size:13062 disposed:false
5365 silly fetch manifest @jsonjoy.com/codegen@^1.0.0
5366 silly packumentCache full:https://registry.npmjs.org/@jsonjoy.com%2fcodegen cache-miss
5367 http fetch GET 200 https://registry.npmjs.org/@jsonjoy.com%2futil 11ms (cache hit)
5368 silly packumentCache full:https://registry.npmjs.org/@jsonjoy.com%2futil set size:69880 disposed:false
5369 silly fetch manifest @jsonjoy.com/json-pointer@^1.0.2
5370 silly packumentCache full:https://registry.npmjs.org/@jsonjoy.com%2fjson-pointer cache-miss
5371 http fetch GET 200 https://registry.npmjs.org/tree-dump 11ms (cache hit)
5372 silly packumentCache full:https://registry.npmjs.org/tree-dump set size:17522 disposed:false
5373 silly fetch manifest @jsonjoy.com/buffers@^1.0.0
5374 silly packumentCache full:https://registry.npmjs.org/@jsonjoy.com%2fbuffers cache-miss
5375 http fetch GET 200 https://registry.npmjs.org/tree-dump 13ms (cache hit)
5376 silly packumentCache full:https://registry.npmjs.org/tree-dump set size:17522 disposed:false
5377 silly packumentCache full:https://registry.npmjs.org/tree-dump dispose
5378 silly fetch manifest @jsonjoy.com/codegen@^1.0.0
5379 silly packumentCache full:https://registry.npmjs.org/@jsonjoy.com%2fcodegen cache-miss
5380 http fetch GET 200 https://registry.npmjs.org/@jsonjoy.com%2fjson-pack 14ms (cache hit)
5381 silly packumentCache full:https://registry.npmjs.org/@jsonjoy.com%2fjson-pack set size:157281 disposed:false
5382 http fetch GET 200 https://registry.npmjs.org/@jsonjoy.com%2fbase64 367ms (cache miss)
5383 silly packumentCache full:https://registry.npmjs.org/@jsonjoy.com%2fbase64 set size:undefined disposed:false
5384 http fetch GET 200 https://registry.npmjs.org/hyperdyperid 479ms (cache miss)
5385 silly packumentCache full:https://registry.npmjs.org/hyperdyperid set size:undefined disposed:false
5386 http fetch GET 200 https://registry.npmjs.org/@jsonjoy.com%2fjson-pointer 473ms (cache miss)
5387 silly packumentCache full:https://registry.npmjs.org/@jsonjoy.com%2fjson-pointer set size:undefined disposed:false
5388 http fetch GET 200 https://registry.npmjs.org/@jsonjoy.com%2fbuffers 485ms (cache miss)
5389 silly packumentCache full:https://registry.npmjs.org/@jsonjoy.com%2fbuffers set size:undefined disposed:false
5390 http fetch GET 200 https://registry.npmjs.org/@jsonjoy.com%2fbuffers 532ms (cache miss)
5391 silly packumentCache full:https://registry.npmjs.org/@jsonjoy.com%2fbuffers set size:undefined disposed:false
5392 http fetch GET 200 https://registry.npmjs.org/@jsonjoy.com%2fbuffers 545ms (cache miss)
5393 silly packumentCache full:https://registry.npmjs.org/@jsonjoy.com%2fbuffers set size:undefined disposed:false
5394 http fetch GET 200 https://registry.npmjs.org/@jsonjoy.com%2fcodegen 771ms (cache miss)
5395 silly packumentCache full:https://registry.npmjs.org/@jsonjoy.com%2fcodegen set size:undefined disposed:false
5396 http fetch GET 200 https://registry.npmjs.org/@jsonjoy.com%2fcodegen 776ms (cache miss)
5397 silly packumentCache full:https://registry.npmjs.org/@jsonjoy.com%2fcodegen set size:undefined disposed:false
5398 silly placeDep ROOT @jsonjoy.com/buffers@17.65.0 OK for: @jsonjoy.com/fs-snapshot@4.56.10 want: ^17.65.0
5399 silly placeDep node_modules/@jsonjoy.com/fs-snapshot @jsonjoy.com/json-pack@17.65.0 OK for: @jsonjoy.com/fs-snapshot@4.56.10 want: ^17.65.0
5400 silly placeDep node_modules/@jsonjoy.com/fs-snapshot @jsonjoy.com/util@17.65.0 OK for: @jsonjoy.com/fs-snapshot@4.56.10 want: ^17.65.0
5401 silly fetch manifest @jsonjoy.com/base64@17.65.0
5402 silly packumentCache full:https://registry.npmjs.org/@jsonjoy.com%2fbase64 cache-miss
5403 silly fetch manifest @jsonjoy.com/codegen@17.65.0
5404 silly packumentCache full:https://registry.npmjs.org/@jsonjoy.com%2fcodegen cache-miss
5405 silly fetch manifest @jsonjoy.com/json-pointer@17.65.0
5406 silly packumentCache full:https://registry.npmjs.org/@jsonjoy.com%2fjson-pointer cache-miss
5407 silly fetch manifest @jsonjoy.com/util@17.65.0
5408 silly packumentCache full:https://registry.npmjs.org/@jsonjoy.com%2futil cache-hit
5409 silly fetch manifest @jsonjoy.com/codegen@17.65.0
5410 silly packumentCache full:https://registry.npmjs.org/@jsonjoy.com%2fcodegen cache-miss
5411 http fetch GET 200 https://registry.npmjs.org/@jsonjoy.com%2fcodegen 4ms (cache hit)
5412 silly packumentCache full:https://registry.npmjs.org/@jsonjoy.com%2fcodegen set size:27979 disposed:false
5413 http fetch GET 200 https://registry.npmjs.org/@jsonjoy.com%2fbase64 5ms (cache hit)
5414 silly packumentCache full:https://registry.npmjs.org/@jsonjoy.com%2fbase64 set size:31096 disposed:false
5415 http fetch GET 200 https://registry.npmjs.org/@jsonjoy.com%2fcodegen 5ms (cache hit)
5416 silly packumentCache full:https://registry.npmjs.org/@jsonjoy.com%2fcodegen set size:27979 disposed:false
5417 silly packumentCache full:https://registry.npmjs.org/@jsonjoy.com%2fcodegen dispose
5418 http fetch GET 200 https://registry.npmjs.org/@jsonjoy.com%2fjson-pointer 5ms (cache hit)
5419 silly packumentCache full:https://registry.npmjs.org/@jsonjoy.com%2fjson-pointer set size:30275 disposed:false
5420 silly placeDep ROOT @jsonjoy.com/base64@1.1.2 OK for: @jsonjoy.com/json-pack@1.21.0 want: ^1.1.2
5421 silly placeDep node_modules/@jsonjoy.com/json-pack @jsonjoy.com/buffers@1.2.1 OK for: @jsonjoy.com/json-pack@1.21.0 want: ^1.2.0
5422 silly placeDep ROOT @jsonjoy.com/codegen@1.0.0 OK for: @jsonjoy.com/json-pack@1.21.0 want: ^1.0.0
5423 silly placeDep ROOT @jsonjoy.com/json-pointer@1.0.2 OK for: @jsonjoy.com/json-pack@1.21.0 want: ^1.0.2
5424 silly placeDep ROOT hyperdyperid@1.2.0 OK for: @jsonjoy.com/json-pack@1.21.0 want: ^1.2.0
5425 silly placeDep node_modules/@jsonjoy.com/util @jsonjoy.com/buffers@1.2.1 OK for: @jsonjoy.com/util@1.9.0 want: ^1.0.0
5426 silly placeDep ROOT @types/bonjour@3.5.13 OK for: webpack-dev-server@5.2.2 want: ^3.5.13
5427 silly placeDep ROOT @types/connect-history-api-fallback@1.5.4 OK for: webpack-dev-server@5.2.2 want: ^1.5.4
5428 silly placeDep ROOT @types/express@4.17.25 OK for: webpack-dev-server@5.2.2 want: ^4.17.21
5429 silly placeDep ROOT @types/express-serve-static-core@4.19.8 OK for: webpack-dev-server@5.2.2 want: ^4.17.21
5430 silly placeDep ROOT @types/serve-index@1.9.4 OK for: webpack-dev-server@5.2.2 want: ^1.9.4
5431 silly placeDep ROOT @types/serve-static@1.15.10 OK for: webpack-dev-server@5.2.2 want: ^1.15.5
5432 silly placeDep ROOT @types/sockjs@0.3.36 OK for: webpack-dev-server@5.2.2 want: ^0.3.36
5433 silly placeDep ROOT @types/ws@8.18.1 OK for: webpack-dev-server@5.2.2 want: ^8.5.10
5434 silly placeDep ROOT ansi-html-community@0.0.8 OK for: webpack-dev-server@5.2.2 want: ^0.0.8
5435 silly placeDep ROOT bonjour-service@1.3.0 OK for: webpack-dev-server@5.2.2 want: ^1.2.1
5436 silly placeDep node_modules/webpack-dev-server chokidar@3.6.0 OK for: webpack-dev-server@5.2.2 want: ^3.6.0
5437 silly placeDep ROOT compression@1.8.1 OK for: webpack-dev-server@5.2.2 want: ^1.7.4
5438 silly placeDep ROOT connect-history-api-fallback@2.0.0 OK for: webpack-dev-server@5.2.2 want: ^2.0.0
5439 silly placeDep node_modules/webpack-dev-server express@4.22.1 OK for: webpack-dev-server@5.2.2 want: ^4.21.2
5440 silly placeDep node_modules/webpack-dev-server http-proxy-middleware@2.0.9 OK for: webpack-dev-server@5.2.2 want: ^2.0.9
5441 silly placeDep node_modules/webpack-dev-server ipaddr.js@2.3.0 OK for: webpack-dev-server@5.2.2 want: ^2.1.0
5442 silly placeDep ROOT launch-editor@2.12.0 OK for: webpack-dev-server@5.2.2 want: ^2.6.1
5443 silly placeDep ROOT p-retry@6.2.1 OK for: webpack-dev-server@5.2.2 want: ^6.2.0
5444 silly placeDep ROOT selfsigned@2.4.1 OK for: webpack-dev-server@5.2.2 want: ^2.4.1
5445 silly placeDep ROOT serve-index@1.9.2 OK for: webpack-dev-server@5.2.2 want: ^1.9.1
5446 silly placeDep ROOT sockjs@0.3.24 OK for: webpack-dev-server@5.2.2 want: ^0.3.24
5447 silly placeDep ROOT spdy@4.0.2 OK for: webpack-dev-server@5.2.2 want: ^4.0.2
5448 silly fetch manifest @types/express-serve-static-core@*
5449 silly packumentCache full:https://registry.npmjs.org/@types%2fexpress-serve-static-core cache-miss
5450 silly fetch manifest @types/qs@*
5451 silly packumentCache full:https://registry.npmjs.org/@types%2fqs cache-miss
5452 silly fetch manifest @types/body-parser@*
5453 silly packumentCache full:https://registry.npmjs.org/@types%2fbody-parser cache-miss
5454 silly fetch manifest @types/serve-static@^1
5455 silly packumentCache full:https://registry.npmjs.org/@types%2fserve-static cache-miss
5456 silly fetch manifest @types/express-serve-static-core@^4.17.33
5457 silly packumentCache full:https://registry.npmjs.org/@types%2fexpress-serve-static-core cache-miss
5458 silly fetch manifest @types/qs@*
5459 silly packumentCache full:https://registry.npmjs.org/@types%2fqs cache-miss
5460 silly fetch manifest @types/send@*
5461 silly packumentCache full:https://registry.npmjs.org/@types%2fsend cache-miss
5462 silly fetch manifest @types/range-parser@*
5463 silly packumentCache full:https://registry.npmjs.org/@types%2frange-parser cache-miss
5464 silly fetch manifest @types/send@<1
5465 silly packumentCache full:https://registry.npmjs.org/@types%2fsend cache-miss
5466 http fetch GET 200 https://registry.npmjs.org/@types%2fexpress-serve-static-core 5ms (cache hit)
5467 silly packumentCache full:https://registry.npmjs.org/@types%2fexpress-serve-static-core set size:264345 disposed:false
5468 silly fetch manifest @types/http-errors@*
5469 silly packumentCache full:https://registry.npmjs.org/@types%2fhttp-errors cache-miss
5470 http fetch GET 200 https://registry.npmjs.org/@types%2fserve-static 7ms (cache hit)
5471 silly packumentCache full:https://registry.npmjs.org/@types%2fserve-static set size:70859 disposed:false
5472 silly fetch manifest multicast-dns@^7.2.5
5473 silly packumentCache full:https://registry.npmjs.org/multicast-dns cache-miss
5474 http fetch GET 200 https://registry.npmjs.org/@types%2fexpress-serve-static-core 8ms (cache hit)
5475 silly packumentCache full:https://registry.npmjs.org/@types%2fexpress-serve-static-core set size:264345 disposed:false
5476 silly packumentCache full:https://registry.npmjs.org/@types%2fexpress-serve-static-core dispose
5477 silly fetch manifest compressible@~2.0.18
5478 silly packumentCache full:https://registry.npmjs.org/compressible cache-miss
5479 http fetch GET 200 https://registry.npmjs.org/compressible 123ms (cache miss)
5480 silly packumentCache full:https://registry.npmjs.org/compressible set size:undefined disposed:false
5481 silly fetch manifest negotiator@~0.6.4
5482 silly packumentCache full:https://registry.npmjs.org/negotiator cache-hit
5483 silly fetch manifest on-headers@~1.1.0
5484 silly packumentCache full:https://registry.npmjs.org/on-headers cache-miss
5485 http fetch GET 200 https://registry.npmjs.org/@types%2fsend 146ms (cache miss)
5486 silly packumentCache full:https://registry.npmjs.org/@types%2fsend set size:undefined disposed:false
5487 silly fetch manifest send@~0.19.0
5488 silly packumentCache full:https://registry.npmjs.org/send cache-miss
5489 http fetch GET 200 https://registry.npmjs.org/multicast-dns 141ms (cache miss)
5490 silly packumentCache full:https://registry.npmjs.org/multicast-dns set size:undefined disposed:false
5491 silly fetch manifest fresh@~0.5.2
5492 silly packumentCache full:https://registry.npmjs.org/fresh cache-miss
5493 http fetch GET 200 https://registry.npmjs.org/@types%2fbody-parser 156ms (cache miss)
5494 silly packumentCache full:https://registry.npmjs.org/@types%2fbody-parser set size:undefined disposed:false
5495 silly fetch manifest accepts@~1.3.8
5496 silly packumentCache full:https://registry.npmjs.org/accepts cache-hit
5497 silly fetch manifest methods@~1.1.2
5498 silly packumentCache full:https://registry.npmjs.org/methods cache-miss
5499 http fetch GET 200 https://registry.npmjs.org/fresh 7ms (cache hit)
5500 silly packumentCache full:https://registry.npmjs.org/fresh set size:25427 disposed:false
5501 silly fetch manifest body-parser@~1.20.3
5502 silly packumentCache full:https://registry.npmjs.org/body-parser cache-hit
5503 silly fetch manifest finalhandler@~1.3.1
5504 silly packumentCache full:https://registry.npmjs.org/finalhandler cache-hit
5505 silly fetch manifest serve-static@~1.16.2
5506 silly packumentCache full:https://registry.npmjs.org/serve-static cache-miss
5507 http fetch GET 200 https://registry.npmjs.org/send 11ms (cache hit)
5508 silly packumentCache full:https://registry.npmjs.org/send set size:152810 disposed:false
5509 silly fetch manifest array-flatten@1.1.1
5510 silly packumentCache full:https://registry.npmjs.org/array-flatten cache-miss
5511 http fetch GET 200 https://registry.npmjs.org/serve-static 6ms (cache hit)
5512 silly packumentCache full:https://registry.npmjs.org/serve-static set size:150391 disposed:false
5513 silly fetch manifest path-to-regexp@~0.1.12
5514 silly packumentCache full:https://registry.npmjs.org/path-to-regexp cache-miss
5515 http fetch GET 200 https://registry.npmjs.org/path-to-regexp 2ms (cache hit)
5516 silly packumentCache full:https://registry.npmjs.org/path-to-regexp set size:207142 disposed:false
5517 silly fetch manifest cookie-signature@~1.0.6
5518 silly packumentCache full:https://registry.npmjs.org/cookie-signature cache-miss
5519 http fetch GET 200 https://registry.npmjs.org/cookie-signature 1ms (cache hit)
5520 silly packumentCache full:https://registry.npmjs.org/cookie-signature set size:21777 disposed:false
5521 silly fetch manifest merge-descriptors@1.0.3
5522 silly packumentCache full:https://registry.npmjs.org/merge-descriptors cache-miss
5523 http fetch GET 200 https://registry.npmjs.org/merge-descriptors 1ms (cache hit)
5524 silly packumentCache full:https://registry.npmjs.org/merge-descriptors set size:16527 disposed:false
5525 silly fetch manifest content-disposition@~0.5.4
5526 silly packumentCache full:https://registry.npmjs.org/content-disposition cache-miss
5527 http fetch GET 200 https://registry.npmjs.org/content-disposition 1ms (cache hit)
5528 silly packumentCache full:https://registry.npmjs.org/content-disposition set size:34469 disposed:false
5529 silly fetch manifest is-plain-obj@^3.0.0
5530 silly packumentCache full:https://registry.npmjs.org/is-plain-obj cache-miss
5531 http fetch GET 200 https://registry.npmjs.org/@types%2frange-parser 184ms (cache miss)
5532 silly packumentCache full:https://registry.npmjs.org/@types%2frange-parser set size:undefined disposed:false
5533 silly fetch manifest shell-quote@^1.8.3
5534 silly packumentCache full:https://registry.npmjs.org/shell-quote cache-miss
5535 http fetch GET 200 https://registry.npmjs.org/@types%2fqs 186ms (cache miss)
5536 silly packumentCache full:https://registry.npmjs.org/@types%2fqs set size:undefined disposed:false
5537 silly fetch manifest retry@^0.13.1
5538 silly packumentCache full:https://registry.npmjs.org/retry cache-miss
5539 http fetch GET 200 https://registry.npmjs.org/retry 1ms (cache hit)
5540 silly packumentCache full:https://registry.npmjs.org/retry set size:31161 disposed:false
5541 silly fetch manifest @types/retry@0.12.2
5542 silly packumentCache full:https://registry.npmjs.org/@types%2fretry cache-miss
5543 http fetch GET 200 https://registry.npmjs.org/@types%2fsend 191ms (cache miss)
5544 silly packumentCache full:https://registry.npmjs.org/@types%2fsend set size:undefined disposed:false
5545 silly fetch manifest is-network-error@^1.0.0
5546 silly packumentCache full:https://registry.npmjs.org/is-network-error cache-miss
5547 http fetch GET 200 https://registry.npmjs.org/@types%2fhttp-errors 224ms (cache miss)
5548 silly packumentCache full:https://registry.npmjs.org/@types%2fhttp-errors set size:undefined disposed:false
5549 silly fetch manifest node-forge@^1
5550 silly packumentCache full:https://registry.npmjs.org/node-forge cache-miss
5551 http fetch GET 200 https://registry.npmjs.org/@types%2fqs 257ms (cache miss)
5552 silly packumentCache full:https://registry.npmjs.org/@types%2fqs set size:undefined disposed:false
5553 silly fetch manifest @types/node-forge@^1.3.0
5554 silly packumentCache full:https://registry.npmjs.org/@types%2fnode-forge cache-miss
5555 http fetch GET 200 https://registry.npmjs.org/methods 137ms (cache miss)
5556 silly packumentCache full:https://registry.npmjs.org/methods set size:undefined disposed:false
5557 silly fetch manifest batch@0.6.1
5558 silly packumentCache full:https://registry.npmjs.org/batch cache-miss
5559 http fetch GET 200 https://registry.npmjs.org/array-flatten 140ms (cache miss)
5560 silly packumentCache full:https://registry.npmjs.org/array-flatten set size:undefined disposed:false
5561 silly fetch manifest http-errors@~1.8.0
5562 silly packumentCache full:https://registry.npmjs.org/http-errors cache-hit
5563 silly fetch manifest mime-types@~2.1.35
5564 silly packumentCache full:https://registry.npmjs.org/mime-types cache-hit
5565 silly fetch manifest faye-websocket@^0.11.3
5566 silly packumentCache full:https://registry.npmjs.org/faye-websocket cache-miss
5567 http fetch GET 200 https://registry.npmjs.org/on-headers 175ms (cache miss)
5568 silly packumentCache full:https://registry.npmjs.org/on-headers set size:undefined disposed:false
5569 silly fetch manifest uuid@^8.3.2
5570 silly packumentCache full:https://registry.npmjs.org/uuid cache-miss
5571 http fetch GET 200 https://registry.npmjs.org/is-network-error 128ms (cache miss)
5572 silly packumentCache full:https://registry.npmjs.org/is-network-error set size:undefined disposed:false
5573 silly fetch manifest websocket-driver@^0.7.4
5574 silly packumentCache full:https://registry.npmjs.org/websocket-driver cache-miss
5575 http fetch GET 200 https://registry.npmjs.org/shell-quote 142ms (cache miss)
5576 silly packumentCache full:https://registry.npmjs.org/shell-quote set size:undefined disposed:false
5577 silly fetch manifest handle-thing@^2.0.0
5578 silly packumentCache full:https://registry.npmjs.org/handle-thing cache-miss
5579 http fetch GET 200 https://registry.npmjs.org/@types%2fretry 148ms (cache miss)
5580 silly packumentCache full:https://registry.npmjs.org/@types%2fretry set size:undefined disposed:false
5581 silly fetch manifest http-deceiver@^1.2.7
5582 silly packumentCache full:https://registry.npmjs.org/http-deceiver cache-miss
5583 http fetch GET 200 https://registry.npmjs.org/is-plain-obj 185ms (cache miss)
5584 silly packumentCache full:https://registry.npmjs.org/is-plain-obj set size:undefined disposed:false
5585 silly fetch manifest select-hose@^2.0.0
5586 silly packumentCache full:https://registry.npmjs.org/select-hose cache-miss
5587 http fetch GET 200 https://registry.npmjs.org/batch 126ms (cache miss)
5588 silly packumentCache full:https://registry.npmjs.org/batch set size:undefined disposed:false
5589 silly fetch manifest spdy-transport@^3.0.0
5590 silly packumentCache full:https://registry.npmjs.org/spdy-transport cache-miss
5591 http fetch GET 200 https://registry.npmjs.org/faye-websocket 131ms (cache miss)
5592 silly packumentCache full:https://registry.npmjs.org/faye-websocket set size:undefined disposed:false
5593 http fetch GET 200 https://registry.npmjs.org/uuid 152ms (cache miss)
5594 silly packumentCache full:https://registry.npmjs.org/uuid set size:undefined disposed:false
5595 http fetch GET 200 https://registry.npmjs.org/@types%2fnode-forge 204ms (cache miss)
5596 silly packumentCache full:https://registry.npmjs.org/@types%2fnode-forge set size:undefined disposed:false
5597 http fetch GET 200 https://registry.npmjs.org/websocket-driver 144ms (cache miss)
5598 silly packumentCache full:https://registry.npmjs.org/websocket-driver set size:undefined disposed:false
5599 http fetch GET 200 https://registry.npmjs.org/handle-thing 140ms (cache miss)
5600 silly packumentCache full:https://registry.npmjs.org/handle-thing set size:undefined disposed:false
5601 http fetch GET 200 https://registry.npmjs.org/http-deceiver 134ms (cache miss)
5602 silly packumentCache full:https://registry.npmjs.org/http-deceiver set size:undefined disposed:false
5603 http fetch GET 200 https://registry.npmjs.org/select-hose 139ms (cache miss)
5604 silly packumentCache full:https://registry.npmjs.org/select-hose set size:undefined disposed:false
5605 http fetch GET 200 https://registry.npmjs.org/spdy-transport 149ms (cache miss)
5606 silly packumentCache full:https://registry.npmjs.org/spdy-transport set size:undefined disposed:false
5607 http fetch GET 200 https://registry.npmjs.org/node-forge 431ms (cache miss)
5608 silly packumentCache full:https://registry.npmjs.org/node-forge set size:undefined disposed:false
5609 silly placeDep ROOT @types/body-parser@1.19.6 OK for: @types/express@4.17.25 want: *
5610 silly placeDep ROOT @types/qs@6.14.0 OK for: @types/express@4.17.25 want: *
5611 silly fetch manifest @types/connect@*
5612 silly packumentCache full:https://registry.npmjs.org/@types%2fconnect cache-miss
5613 http fetch GET 200 https://registry.npmjs.org/@types%2fconnect 135ms (cache miss)
5614 silly packumentCache full:https://registry.npmjs.org/@types%2fconnect set size:undefined disposed:false
5615 silly placeDep ROOT @types/connect@3.4.38 OK for: @types/body-parser@1.19.6 want: *
5616 silly placeDep ROOT @types/range-parser@1.2.7 OK for: @types/express-serve-static-core@4.19.8 want: *
5617 silly placeDep ROOT @types/send@1.2.1 OK for: @types/express-serve-static-core@4.19.8 want: *
5618 silly placeDep ROOT @types/http-errors@2.0.5 OK for: @types/serve-static@1.15.10 want: *
5619 silly placeDep node_modules/@types/serve-static @types/send@0.17.6 OK for: @types/serve-static@1.15.10 want: <1
5620 silly fetch manifest @types/mime@^1
5621 silly packumentCache full:https://registry.npmjs.org/@types%2fmime cache-miss
5622 http fetch GET 200 https://registry.npmjs.org/@types%2fmime 187ms (cache miss)
5623 silly packumentCache full:https://registry.npmjs.org/@types%2fmime set size:undefined disposed:false
5624 silly placeDep ROOT multicast-dns@7.2.5 OK for: bonjour-service@1.3.0 want: ^7.2.5
5625 silly fetch manifest thunky@^1.0.2
5626 silly packumentCache full:https://registry.npmjs.org/thunky cache-miss
5627 silly fetch manifest dns-packet@^5.2.2
5628 silly packumentCache full:https://registry.npmjs.org/dns-packet cache-miss
5629 http fetch GET 200 https://registry.npmjs.org/thunky 128ms (cache miss)
5630 silly packumentCache full:https://registry.npmjs.org/thunky set size:undefined disposed:false
5631 http fetch GET 200 https://registry.npmjs.org/dns-packet 139ms (cache miss)
5632 silly packumentCache full:https://registry.npmjs.org/dns-packet set size:undefined disposed:false
5633 silly placeDep ROOT compressible@2.0.18 OK for: compression@1.8.1 want: ~2.0.18
5634 silly placeDep node_modules/compression debug@2.6.9 OK for: compression@1.8.1 want: 2.6.9
5635 silly placeDep node_modules/compression negotiator@0.6.4 OK for: compression@1.8.1 want: ~0.6.4
5636 silly placeDep ROOT on-headers@1.1.0 OK for: compression@1.8.1 want: ~1.1.0
5637 silly placeDep ROOT shell-quote@1.8.3 OK for: launch-editor@2.12.0 want: ^1.8.3
5638 silly placeDep ROOT dns-packet@5.6.1 OK for: multicast-dns@7.2.5 want: ^5.2.2
5639 silly placeDep ROOT thunky@1.1.0 OK for: multicast-dns@7.2.5 want: ^1.0.2
5640 silly fetch manifest @leichtgewicht/ip-codec@^2.0.1
5641 silly packumentCache full:https://registry.npmjs.org/@leichtgewicht%2fip-codec cache-miss
5642 http fetch GET 200 https://registry.npmjs.org/@leichtgewicht%2fip-codec 335ms (cache miss)
5643 silly packumentCache full:https://registry.npmjs.org/@leichtgewicht%2fip-codec set size:undefined disposed:false
5644 silly placeDep ROOT @leichtgewicht/ip-codec@2.0.5 OK for: dns-packet@5.6.1 want: ^2.0.1
5645 silly placeDep ROOT @types/retry@0.12.2 OK for: p-retry@6.2.1 want: 0.12.2
5646 silly placeDep ROOT is-network-error@1.3.0 OK for: p-retry@6.2.1 want: ^1.0.0
5647 silly placeDep node_modules/p-retry retry@0.13.1 OK for: p-retry@6.2.1 want: ^0.13.1
5648 silly placeDep ROOT @types/node-forge@1.3.14 OK for: selfsigned@2.4.1 want: ^1.3.0
5649 silly placeDep ROOT node-forge@1.3.3 OK for: selfsigned@2.4.1 want: ^1
5650 silly placeDep node_modules/serve-index accepts@1.3.8 OK for: serve-index@1.9.2 want: ~1.3.8
5651 silly placeDep ROOT batch@0.6.1 OK for: serve-index@1.9.2 want: 0.6.1
5652 silly placeDep node_modules/serve-index debug@2.6.9 OK for: serve-index@1.9.2 want: 2.6.9
5653 silly placeDep node_modules/serve-index http-errors@1.8.1 OK for: serve-index@1.9.2 want: ~1.8.0
5654 silly placeDep node_modules/serve-index mime-types@2.1.35 OK for: serve-index@1.9.2 want: ~2.1.35
5655 silly fetch manifest depd@~1.1.2
5656 silly packumentCache full:https://registry.npmjs.org/depd cache-miss
5657 silly fetch manifest statuses@>= 1.5.0 < 2
5658 silly packumentCache full:https://registry.npmjs.org/statuses cache-hit
5659 http fetch GET 200 https://registry.npmjs.org/depd 1ms (cache hit)
5660 silly packumentCache full:https://registry.npmjs.org/depd set size:40182 disposed:false
5661 silly placeDep ROOT faye-websocket@0.11.4 OK for: sockjs@0.3.24 want: ^0.11.3
5662 silly placeDep ROOT uuid@8.3.2 OK for: sockjs@0.3.24 want: ^8.3.2
5663 silly placeDep ROOT websocket-driver@0.7.4 OK for: sockjs@0.3.24 want: ^0.7.4
5664 silly fetch manifest websocket-driver@>=0.5.1
5665 silly packumentCache full:https://registry.npmjs.org/websocket-driver cache-miss
5666 silly fetch manifest http-parser-js@>=0.5.1
5667 silly packumentCache full:https://registry.npmjs.org/http-parser-js cache-miss
5668 silly fetch manifest websocket-extensions@>=0.1.1
5669 silly packumentCache full:https://registry.npmjs.org/websocket-extensions cache-miss
5670 http fetch GET 200 https://registry.npmjs.org/websocket-driver 3ms (cache hit)
5671 silly packumentCache full:https://registry.npmjs.org/websocket-driver set size:55869 disposed:false
5672 http fetch GET 200 https://registry.npmjs.org/http-parser-js 136ms (cache miss)
5673 silly packumentCache full:https://registry.npmjs.org/http-parser-js set size:undefined disposed:false
5674 http fetch GET 200 https://registry.npmjs.org/websocket-extensions 142ms (cache miss)
5675 silly packumentCache full:https://registry.npmjs.org/websocket-extensions set size:undefined disposed:false
5676 silly placeDep ROOT handle-thing@2.0.1 OK for: spdy@4.0.2 want: ^2.0.0
5677 silly placeDep ROOT http-deceiver@1.2.7 OK for: spdy@4.0.2 want: ^1.2.7
5678 silly placeDep ROOT select-hose@2.0.0 OK for: spdy@4.0.2 want: ^2.0.0
5679 silly placeDep ROOT spdy-transport@3.0.0 OK for: spdy@4.0.2 want: ^3.0.0
5680 silly fetch manifest detect-node@^2.0.4
5681 silly packumentCache full:https://registry.npmjs.org/detect-node cache-miss
5682 silly fetch manifest hpack.js@^2.1.6
5683 silly packumentCache full:https://registry.npmjs.org/hpack.js cache-miss
5684 silly fetch manifest obuf@^1.1.2
5685 silly packumentCache full:https://registry.npmjs.org/obuf cache-miss
5686 silly fetch manifest readable-stream@^3.0.6
5687 silly packumentCache full:https://registry.npmjs.org/readable-stream cache-miss
5688 silly fetch manifest wbuf@^1.7.3
5689 silly packumentCache full:https://registry.npmjs.org/wbuf cache-miss
5690 http fetch GET 200 https://registry.npmjs.org/detect-node 120ms (cache miss)
5691 silly packumentCache full:https://registry.npmjs.org/detect-node set size:undefined disposed:false
5692 http fetch GET 200 https://registry.npmjs.org/obuf 132ms (cache miss)
5693 silly packumentCache full:https://registry.npmjs.org/obuf set size:undefined disposed:false
5694 http fetch GET 200 https://registry.npmjs.org/wbuf 138ms (cache miss)
5695 silly packumentCache full:https://registry.npmjs.org/wbuf set size:undefined disposed:false
5696 http fetch GET 200 https://registry.npmjs.org/readable-stream 149ms (cache miss)
5697 silly packumentCache full:https://registry.npmjs.org/readable-stream set size:undefined disposed:false
5698 http fetch GET 200 https://registry.npmjs.org/hpack.js 155ms (cache miss)
5699 silly packumentCache full:https://registry.npmjs.org/hpack.js set size:undefined disposed:false
5700 silly placeDep ROOT detect-node@2.1.0 OK for: spdy-transport@3.0.0 want: ^2.0.4
5701 silly placeDep ROOT hpack.js@2.1.6 OK for: spdy-transport@3.0.0 want: ^2.1.6
5702 silly placeDep ROOT obuf@1.1.2 OK for: spdy-transport@3.0.0 want: ^1.1.2
5703 silly placeDep ROOT readable-stream@3.6.2 OK for: spdy-transport@3.0.0 want: ^3.0.6
5704 silly placeDep ROOT wbuf@1.7.3 OK for: spdy-transport@3.0.0 want: ^1.7.3
5705 silly fetch manifest obuf@^1.0.0
5706 silly packumentCache full:https://registry.npmjs.org/obuf cache-miss
5707 silly fetch manifest readable-stream@^2.0.1
5708 silly packumentCache full:https://registry.npmjs.org/readable-stream cache-miss
5709 silly fetch manifest wbuf@^1.1.0
5710 silly packumentCache full:https://registry.npmjs.org/wbuf cache-miss
5711 silly fetch manifest string_decoder@^1.1.1
5712 silly packumentCache full:https://registry.npmjs.org/string_decoder cache-miss
5713 silly fetch manifest minimalistic-assert@^1.0.0
5714 silly packumentCache full:https://registry.npmjs.org/minimalistic-assert cache-miss
5715 http fetch GET 200 https://registry.npmjs.org/readable-stream 8ms (cache hit)
5716 silly packumentCache full:https://registry.npmjs.org/readable-stream set size:261096 disposed:false
5717 http fetch GET 200 https://registry.npmjs.org/wbuf 9ms (cache hit)
5718 silly packumentCache full:https://registry.npmjs.org/wbuf set size:20540 disposed:false
5719 http fetch GET 200 https://registry.npmjs.org/obuf 10ms (cache hit)
5720 silly packumentCache full:https://registry.npmjs.org/obuf set size:14024 disposed:false
5721 http fetch GET 200 https://registry.npmjs.org/string_decoder 180ms (cache miss)
5722 silly packumentCache full:https://registry.npmjs.org/string_decoder set size:undefined disposed:false
5723 http fetch GET 200 https://registry.npmjs.org/minimalistic-assert 187ms (cache miss)
5724 silly packumentCache full:https://registry.npmjs.org/minimalistic-assert set size:undefined disposed:false
5725 silly placeDep node_modules/hpack.js readable-stream@2.3.8 OK for: hpack.js@2.1.6 want: ^2.0.1
5726 silly fetch manifest isarray@~1.0.0
5727 silly packumentCache full:https://registry.npmjs.org/isarray cache-miss
5728 silly fetch manifest safe-buffer@~5.1.1
5729 silly packumentCache full:https://registry.npmjs.org/safe-buffer cache-miss
5730 silly fetch manifest core-util-is@~1.0.0
5731 silly packumentCache full:https://registry.npmjs.org/core-util-is cache-miss
5732 silly fetch manifest string_decoder@~1.1.1
5733 silly packumentCache full:https://registry.npmjs.org/string_decoder cache-miss
5734 silly fetch manifest process-nextick-args@~2.0.0
5735 silly packumentCache full:https://registry.npmjs.org/process-nextick-args cache-miss
5736 http fetch GET 200 https://registry.npmjs.org/string_decoder 5ms (cache hit)
5737 silly packumentCache full:https://registry.npmjs.org/string_decoder set size:28441 disposed:false
5738 http fetch GET 200 https://registry.npmjs.org/safe-buffer 8ms (cache hit)
5739 silly packumentCache full:https://registry.npmjs.org/safe-buffer set size:41183 disposed:false
5740 http fetch GET 200 https://registry.npmjs.org/process-nextick-args 129ms (cache miss)
5741 silly packumentCache full:https://registry.npmjs.org/process-nextick-args set size:undefined disposed:false
5742 http fetch GET 200 https://registry.npmjs.org/core-util-is 131ms (cache miss)
5743 silly packumentCache full:https://registry.npmjs.org/core-util-is set size:undefined disposed:false
5744 http fetch GET 200 https://registry.npmjs.org/isarray 132ms (cache miss)
5745 silly packumentCache full:https://registry.npmjs.org/isarray set size:undefined disposed:false
5746 silly placeDep ROOT string_decoder@1.3.0 OK for: readable-stream@3.6.2 want: ^1.1.1
5747 silly placeDep ROOT minimalistic-assert@1.0.1 OK for: wbuf@1.7.3 want: ^1.0.0
5748 silly placeDep ROOT clone-deep@4.0.1 OK for: webpack-merge@6.0.1 want: ^4.0.1
5749 silly placeDep ROOT flat@5.0.2 OK for: webpack-merge@6.0.1 want: ^5.0.2
5750 silly placeDep ROOT wildcard@2.0.1 OK for: webpack-merge@6.0.1 want: ^2.0.1
5751 silly fetch manifest is-plain-object@^2.0.4
5752 silly packumentCache full:https://registry.npmjs.org/is-plain-object cache-miss
5753 silly fetch manifest kind-of@^6.0.2
5754 silly packumentCache full:https://registry.npmjs.org/kind-of cache-miss
5755 silly fetch manifest shallow-clone@^3.0.0
5756 silly packumentCache full:https://registry.npmjs.org/shallow-clone cache-miss
5757 http fetch GET 200 https://registry.npmjs.org/is-plain-object 5ms (cache hit)
5758 silly packumentCache full:https://registry.npmjs.org/is-plain-object set size:47016 disposed:false
5759 http fetch GET 200 https://registry.npmjs.org/kind-of 111ms (cache miss)
5760 silly packumentCache full:https://registry.npmjs.org/kind-of set size:undefined disposed:false
5761 http fetch GET 200 https://registry.npmjs.org/shallow-clone 132ms (cache miss)
5762 silly packumentCache full:https://registry.npmjs.org/shallow-clone set size:undefined disposed:false
5763 silly placeDep node_modules/clone-deep is-plain-object@2.0.4 OK for: clone-deep@4.0.1 want: ^2.0.4
5764 silly placeDep ROOT kind-of@6.0.3 OK for: clone-deep@4.0.1 want: ^6.0.2
5765 silly placeDep ROOT shallow-clone@3.0.1 OK for: clone-deep@4.0.1 want: ^3.0.0
5766 silly fetch manifest isobject@^3.0.1
5767 silly packumentCache full:https://registry.npmjs.org/isobject cache-miss
5768 http fetch GET 200 https://registry.npmjs.org/isobject 163ms (cache miss)
5769 silly packumentCache full:https://registry.npmjs.org/isobject set size:undefined disposed:false
5770 silly placeDep ROOT typed-assert@1.0.9 OK for: webpack-subresource-integrity@5.1.0 want: ^1.0.8
5771 silly placeDep ROOT http-parser-js@0.5.10 OK for: websocket-driver@0.7.4 want: >=0.5.1
5772 silly placeDep ROOT websocket-extensions@0.1.4 OK for: websocket-driver@0.7.4 want: >=0.1.1
5773 silly placeDep ROOT isexe@2.0.0 OK for: which@2.0.2 want: ^2.0.0
5774 silly placeDep node_modules/wrap-ansi ansi-styles@4.3.0 OK for: wrap-ansi@6.2.0 want: ^4.0.0
5775 silly placeDep node_modules/wrap-ansi string-width@4.2.3 OK for: wrap-ansi@6.2.0 want: ^4.1.0
5776 silly placeDep node_modules/wrap-ansi strip-ansi@6.0.1 OK for: wrap-ansi@6.2.0 want: ^6.0.0
5777 silly fetch manifest color-convert@^2.0.1
5778 silly packumentCache full:https://registry.npmjs.org/color-convert cache-miss
5779 http fetch GET 200 https://registry.npmjs.org/color-convert 201ms (cache miss)
5780 silly packumentCache full:https://registry.npmjs.org/color-convert set size:undefined disposed:false
5781 silly placeDep node_modules/wrap-ansi-cjs ansi-styles@4.3.0 OK for: wrap-ansi@7.0.0 want: ^4.0.0
5782 silly placeDep node_modules/wrap-ansi-cjs string-width@4.2.3 OK for: wrap-ansi@7.0.0 want: ^4.1.0
5783 silly placeDep node_modules/wrap-ansi-cjs strip-ansi@6.0.1 OK for: wrap-ansi@7.0.0 want: ^6.0.0
5784 silly placeDep ROOT is-wsl@3.1.0 OK for: wsl-utils@0.1.0 want: ^3.1.0
5785 silly placeDep ROOT cliui@9.0.1 OK for: yargs@18.0.0 want: ^9.0.1
5786 silly placeDep ROOT get-caller-file@2.0.5 OK for: yargs@18.0.0 want: ^2.0.5
5787 silly placeDep node_modules/yargs string-width@7.2.0 OK for: yargs@18.0.0 want: ^7.2.0
5788 silly placeDep ROOT y18n@5.0.8 OK for: yargs@18.0.0 want: ^5.0.5
5789 silly placeDep ROOT yargs-parser@22.0.0 OK for: yargs@18.0.0 want: ^22.0.0
5790 silly placeDep node_modules/cliui string-width@7.2.0 OK for: cliui@9.0.1 want: ^7.2.0
5791 silly placeDep node_modules/cliui wrap-ansi@9.0.2 OK for: cliui@9.0.1 want: ^9.0.0
5792 silly placeDep node_modules/@jsonjoy.com/fs-snapshot @jsonjoy.com/base64@17.65.0 OK for: @jsonjoy.com/json-pack@17.65.0 want: 17.65.0
5793 silly placeDep node_modules/@jsonjoy.com/fs-snapshot @jsonjoy.com/codegen@17.65.0 OK for: @jsonjoy.com/json-pack@17.65.0 want: 17.65.0
5794 silly placeDep node_modules/@jsonjoy.com/fs-snapshot @jsonjoy.com/json-pointer@17.65.0 OK for: @jsonjoy.com/json-pack@17.65.0 want: 17.65.0
5795 silly placeDep ROOT bl@4.1.0 OK for: ora@5.4.1 want: ^4.1.0
5796 silly placeDep node_modules/@jsverse/transloco chalk@4.1.2 OK for: ora@5.4.1 want: ^4.1.0
5797 silly placeDep node_modules/@jsverse/transloco cli-cursor@3.1.0 OK for: ora@5.4.1 want: ^3.1.0
5798 silly placeDep node_modules/@jsverse/transloco is-interactive@1.0.0 OK for: ora@5.4.1 want: ^1.0.0
5799 silly placeDep node_modules/@jsverse/transloco is-unicode-supported@0.1.0 OK for: ora@5.4.1 want: ^0.1.0
5800 silly placeDep node_modules/@jsverse/transloco log-symbols@4.1.0 OK for: ora@5.4.1 want: ^4.1.0
5801 silly placeDep node_modules/@jsverse/transloco strip-ansi@6.0.1 OK for: ora@5.4.1 want: ^6.0.0
5802 silly placeDep ROOT wcwidth@1.0.1 OK for: ora@5.4.1 want: ^1.0.1
5803 silly fetch manifest buffer@^5.5.0
5804 silly packumentCache full:https://registry.npmjs.org/buffer cache-miss
5805 silly fetch manifest restore-cursor@^3.1.0
5806 silly packumentCache full:https://registry.npmjs.org/restore-cursor cache-miss
5807 silly fetch manifest defaults@^1.0.3
5808 silly packumentCache full:https://registry.npmjs.org/defaults cache-miss
5809 http fetch GET 200 https://registry.npmjs.org/restore-cursor 3ms (cache hit)
5810 silly packumentCache full:https://registry.npmjs.org/restore-cursor set size:17895 disposed:false
5811 http fetch GET 200 https://registry.npmjs.org/defaults 162ms (cache miss)
5812 silly packumentCache full:https://registry.npmjs.org/defaults set size:undefined disposed:false
5813 http fetch GET 200 https://registry.npmjs.org/buffer 194ms (cache miss)
5814 silly packumentCache full:https://registry.npmjs.org/buffer set size:undefined disposed:false
5815 silly placeDep ROOT buffer@5.7.1 OK for: bl@4.1.0 want: ^5.5.0
5816 silly fetch manifest base64-js@^1.3.1
5817 silly packumentCache full:https://registry.npmjs.org/base64-js cache-miss
5818 silly fetch manifest ieee754@^1.1.13
5819 silly packumentCache full:https://registry.npmjs.org/ieee754 cache-miss
5820 http fetch GET 200 https://registry.npmjs.org/base64-js 185ms (cache miss)
5821 silly packumentCache full:https://registry.npmjs.org/base64-js set size:undefined disposed:false
5822 http fetch GET 200 https://registry.npmjs.org/ieee754 191ms (cache miss)
5823 silly packumentCache full:https://registry.npmjs.org/ieee754 set size:undefined disposed:false
5824 silly placeDep ROOT base64-js@1.5.1 OK for: buffer@5.7.1 want: ^1.3.1
5825 silly placeDep ROOT ieee754@1.2.1 OK for: buffer@5.7.1 want: ^1.1.13
5826 silly placeDep ROOT defaults@1.0.4 OK for: wcwidth@1.0.1 want: ^1.0.3
5827 silly fetch manifest clone@^1.0.2
5828 silly packumentCache full:https://registry.npmjs.org/clone cache-miss
5829 http fetch GET 200 https://registry.npmjs.org/clone 118ms (cache miss)
5830 silly packumentCache full:https://registry.npmjs.org/clone set size:undefined disposed:false
5831 silly placeDep ROOT clone@1.0.4 OK for: defaults@1.0.4 want: ^1.0.2
5832 silly placeDep node_modules/@jsverse/transloco ansi-styles@4.3.0 OK for: chalk@4.1.2 want: ^4.1.0
5833 silly placeDep ROOT color-convert@2.0.1 OK for: ansi-styles@4.3.0 want: ^2.0.1
5834 silly fetch manifest color-name@~1.1.4
5835 silly packumentCache full:https://registry.npmjs.org/color-name cache-miss
5836 http fetch GET 200 https://registry.npmjs.org/color-name 123ms (cache miss)
5837 silly packumentCache full:https://registry.npmjs.org/color-name set size:undefined disposed:false
5838 silly placeDep ROOT color-name@1.1.4 OK for: color-convert@2.0.1 want: ~1.1.4
5839 silly placeDep node_modules/@jsverse/transloco restore-cursor@3.1.0 OK for: cli-cursor@3.1.0 want: ^3.1.0
5840 silly fetch manifest onetime@^5.1.0
5841 silly packumentCache full:https://registry.npmjs.org/onetime cache-miss
5842 silly fetch manifest signal-exit@^3.0.2
5843 silly packumentCache full:https://registry.npmjs.org/signal-exit cache-miss
5844 http fetch GET 200 https://registry.npmjs.org/onetime 3ms (cache hit)
5845 silly packumentCache full:https://registry.npmjs.org/onetime set size:30525 disposed:false
5846 http fetch GET 200 https://registry.npmjs.org/signal-exit 3ms (cache hit)
5847 silly packumentCache full:https://registry.npmjs.org/signal-exit set size:53489 disposed:false
5848 silly placeDep node_modules/@jsverse/transloco onetime@5.1.2 OK for: restore-cursor@3.1.0 want: ^5.1.0
5849 silly placeDep node_modules/@jsverse/transloco signal-exit@3.0.7 OK for: restore-cursor@3.1.0 want: ^3.0.2
5850 silly fetch manifest mimic-fn@^2.1.0
5851 silly packumentCache full:https://registry.npmjs.org/mimic-fn cache-miss
5852 http fetch GET 200 https://registry.npmjs.org/mimic-fn 139ms (cache miss)
5853 silly packumentCache full:https://registry.npmjs.org/mimic-fn set size:undefined disposed:false
5854 silly placeDep ROOT mimic-fn@2.1.0 OK for: onetime@5.1.2 want: ^2.1.0
5855 silly placeDep node_modules/@jsverse/transloco ansi-regex@5.0.1 OK for: strip-ansi@6.0.1 want: ^5.0.1
5856 silly placeDep ROOT fast-json-stable-stringify@2.1.0 OK for: ajv@6.12.6 want: ^2.0.0
5857 silly placeDep node_modules/@modelcontextprotocol/sdk json-schema-traverse@0.4.1 OK for: ajv@6.12.6 want: ^0.4.1
5858 silly placeDep ROOT uri-js@4.4.1 OK for: ajv@6.12.6 want: ^4.2.2
5859 silly fetch manifest punycode@^2.1.0
5860 silly packumentCache full:https://registry.npmjs.org/punycode cache-miss
5861 http fetch GET 200 https://registry.npmjs.org/punycode 2ms (cache hit)
5862 silly packumentCache full:https://registry.npmjs.org/punycode set size:61302 disposed:false
5863 silly placeDep node_modules/uri-js punycode@2.3.1 OK for: uri-js@4.4.1 want: ^2.1.0
5864 silly placeDep node_modules/@npmcli/git isexe@3.1.1 OK for: which@5.0.0 want: ^3.1.1
5865 silly placeDep node_modules/@npmcli/package-json lru-cache@10.4.3 OK for: hosted-git-info@8.1.0 want: ^10.0.1
5866 silly placeDep node_modules/@npmcli/promise-spawn isexe@3.1.1 OK for: which@5.0.0 want: ^3.1.1
5867 silly placeDep node_modules/@npmcli/run-script isexe@3.1.1 OK for: which@5.0.0 want: ^3.1.1
5868 silly placeDep ROOT @types/mime@1.3.5 OK for: @types/send@0.17.6 want: ^1
5869 silly placeDep ROOT big.js@5.2.2 OK for: loader-utils@2.0.4 want: ^5.2.2
5870 silly placeDep ROOT emojis-list@3.0.0 OK for: loader-utils@2.0.4 want: ^3.0.0
5871 silly placeDep ROOT @isaacs/fs-minipass@4.0.1 OK for: tar@7.5.6 want: ^4.0.0
5872 silly placeDep node_modules/cacache chownr@3.0.0 OK for: tar@7.5.6 want: ^3.0.0
5873 silly placeDep node_modules/cacache yallist@5.0.0 OK for: tar@7.5.6 want: ^5.0.0
5874 silly placeDep node_modules/cli-truncate emoji-regex@10.6.0 OK for: string-width@7.2.0 want: ^10.3.0
5875 silly placeDep ROOT get-east-asian-width@1.4.0 OK for: string-width@7.2.0 want: ^1.0.0
5876 silly placeDep node_modules/cliui emoji-regex@10.6.0 OK for: string-width@7.2.0 want: ^10.3.0
5877 silly placeDep ROOT isobject@3.0.1 OK for: is-plain-object@2.0.4 want: ^3.0.1
5878 silly placeDep node_modules/compression ms@2.0.0 OK for: debug@2.6.9 want: 2.0.0
5879 silly placeDep node_modules/connect ms@2.0.0 OK for: debug@2.6.9 want: 2.0.0
5880 silly placeDep node_modules/connect encodeurl@1.0.2 OK for: finalhandler@1.1.2 want: ~1.0.2
5881 silly placeDep node_modules/connect on-finished@2.3.0 OK for: finalhandler@1.1.2 want: ~2.3.0
5882 silly placeDep node_modules/connect statuses@1.5.0 OK for: finalhandler@1.1.2 want: ~1.5.0
5883 silly placeDep node_modules/engine.io mime-types@2.1.35 OK for: accepts@1.3.8 want: ~2.1.34
5884 silly placeDep node_modules/engine.io negotiator@0.6.3 OK for: accepts@1.3.8 want: 0.6.3
5885 silly placeDep node_modules/engine.io mime-db@1.52.0 OK for: mime-types@2.1.35 want: 1.52.0
5886 silly placeDep ROOT core-util-is@1.0.3 OK for: readable-stream@2.3.8 want: ~1.0.0
5887 silly placeDep ROOT isarray@1.0.0 OK for: readable-stream@2.3.8 want: ~1.0.0
5888 silly placeDep ROOT process-nextick-args@2.0.1 OK for: readable-stream@2.3.8 want: ~2.0.0
5889 silly placeDep node_modules/hpack.js safe-buffer@5.1.2 OK for: readable-stream@2.3.8 want: ~5.1.1
5890 silly placeDep node_modules/hpack.js string_decoder@1.1.1 OK for: readable-stream@2.3.8 want: ~1.1.1
5891 silly placeDep ROOT @isaacs/brace-expansion@5.0.0 OK for: minimatch@10.1.1 want: ^5.0.0
5892 silly fetch manifest @isaacs/balanced-match@^4.0.1
5893 silly packumentCache full:https://registry.npmjs.org/@isaacs%2fbalanced-match cache-miss
5894 http fetch GET 200 https://registry.npmjs.org/@isaacs%2fbalanced-match 194ms (cache miss)
5895 silly packumentCache full:https://registry.npmjs.org/@isaacs%2fbalanced-match set size:undefined disposed:false
5896 silly placeDep ROOT @isaacs/balanced-match@4.0.1 OK for: @isaacs/brace-expansion@5.0.0 want: ^4.0.1
5897 silly placeDep node_modules/karma-coverage semver@6.3.1 OK for: istanbul-lib-instrument@5.2.1 want: ^6.3.0
5898 silly placeDep node_modules/karma-coverage brace-expansion@1.1.12 OK for: minimatch@3.1.2 want: ^1.1.7
5899 silly fetch manifest concat-map@0.0.1
5900 silly packumentCache full:https://registry.npmjs.org/concat-map cache-miss
5901 http fetch GET 200 https://registry.npmjs.org/concat-map 174ms (cache miss)
5902 silly packumentCache full:https://registry.npmjs.org/concat-map set size:undefined disposed:false
5903 silly placeDep ROOT concat-map@0.0.1 OK for: brace-expansion@1.1.12 want: 0.0.1
5904 silly placeDep node_modules/karma debug@2.6.9 OK for: body-parser@1.20.4 want: 2.6.9
5905 silly placeDep ROOT destroy@1.2.0 OK for: body-parser@1.20.4 want: ~1.2.0
5906 silly placeDep node_modules/karma iconv-lite@0.4.24 OK for: body-parser@1.20.4 want: ~0.4.24
5907 silly placeDep node_modules/karma raw-body@2.5.3 OK for: body-parser@1.20.4 want: ~2.5.3
5908 silly placeDep node_modules/karma type-is@1.6.18 OK for: body-parser@1.20.4 want: ~1.6.18
5909 silly fetch manifest mime-types@~2.1.24
5910 silly packumentCache full:https://registry.npmjs.org/mime-types cache-hit
5911 silly fetch manifest media-typer@0.3.0
5912 silly packumentCache full:https://registry.npmjs.org/media-typer cache-miss
5913 http fetch GET 200 https://registry.npmjs.org/media-typer 2ms (cache hit)
5914 silly packumentCache full:https://registry.npmjs.org/media-typer set size:20873 disposed:false
5915 silly placeDep ROOT anymatch@3.1.3 OK for: chokidar@3.6.0 want: ~3.1.2
5916 silly placeDep node_modules/karma glob-parent@5.1.2 OK for: chokidar@3.6.0 want: ~5.1.2
5917 silly placeDep ROOT is-binary-path@2.1.0 OK for: chokidar@3.6.0 want: ~2.1.0
5918 silly placeDep node_modules/karma readdirp@3.6.0 OK for: chokidar@3.6.0 want: ~3.6.0
5919 silly fetch manifest picomatch@^2.0.4
5920 silly packumentCache full:https://registry.npmjs.org/picomatch cache-hit
5921 silly fetch manifest binary-extensions@^2.0.0
5922 silly packumentCache full:https://registry.npmjs.org/binary-extensions cache-miss
5923 silly fetch manifest picomatch@^2.2.1
5924 silly packumentCache full:https://registry.npmjs.org/picomatch cache-hit
5925 http fetch GET 200 https://registry.npmjs.org/binary-extensions 250ms (cache miss)
5926 silly packumentCache full:https://registry.npmjs.org/binary-extensions set size:undefined disposed:false
5927 silly placeDep node_modules/anymatch picomatch@2.3.1 OK for: anymatch@3.1.3 want: ^2.0.4
5928 silly placeDep ROOT binary-extensions@2.3.0 OK for: is-binary-path@2.1.0 want: ^2.0.0
5929 silly placeDep node_modules/karma ms@2.0.0 OK for: debug@2.6.9 want: 2.0.0
5930 silly placeDep ROOT fs.realpath@1.0.0 OK for: glob@7.2.3 want: ^1.0.0
5931 silly placeDep ROOT inflight@1.0.6 OK for: glob@7.2.3 want: ^1.0.4
5932 silly placeDep ROOT path-is-absolute@1.0.1 OK for: glob@7.2.3 want: ^1.0.0
5933 silly placeDep node_modules/karma brace-expansion@1.1.12 OK for: minimatch@3.1.2 want: ^1.1.7
5934 silly placeDep node_modules/karma picomatch@2.3.1 OK for: readdirp@3.6.0 want: ^2.2.1
5935 silly placeDep node_modules/karma media-typer@0.3.0 OK for: type-is@1.6.18 want: 0.3.0
5936 silly placeDep node_modules/karma mime-types@2.1.35 OK for: type-is@1.6.18 want: ~2.1.24
5937 silly placeDep node_modules/karma mime-db@1.52.0 OK for: mime-types@2.1.35 want: 1.52.0
5938 silly placeDep node_modules/karma cliui@7.0.4 OK for: yargs@16.2.0 want: ^7.0.2
5939 silly placeDep ROOT require-directory@2.1.1 OK for: yargs@16.2.0 want: ^2.1.1
5940 silly placeDep node_modules/karma string-width@4.2.3 OK for: yargs@16.2.0 want: ^4.2.0
5941 silly placeDep node_modules/karma yargs-parser@20.2.9 OK for: yargs@16.2.0 want: ^20.2.2
5942 silly fetch manifest wrap-ansi@^7.0.0
5943 silly packumentCache full:https://registry.npmjs.org/wrap-ansi cache-hit
5944 silly placeDep node_modules/karma strip-ansi@6.0.1 OK for: cliui@7.0.4 want: ^6.0.0
5945 silly placeDep node_modules/karma wrap-ansi@7.0.0 OK for: cliui@7.0.4 want: ^7.0.0
5946 silly placeDep node_modules/karma emoji-regex@8.0.0 OK for: string-width@4.2.3 want: ^8.0.0
5947 silly placeDep node_modules/karma is-fullwidth-code-point@3.0.0 OK for: string-width@4.2.3 want: ^3.0.0
5948 silly placeDep node_modules/karma ansi-regex@5.0.1 OK for: strip-ansi@6.0.1 want: ^5.0.1
5949 silly placeDep node_modules/karma ansi-styles@4.3.0 OK for: wrap-ansi@7.0.0 want: ^4.0.0
5950 silly placeDep node_modules/less pify@4.0.1 OK for: make-dir@2.1.0 want: ^4.0.1
5951 silly placeDep node_modules/less semver@5.7.2 OK for: make-dir@2.1.0 want: ^5.6.0
5952 silly placeDep node_modules/listr2 string-width@7.2.0 OK for: wrap-ansi@9.0.2 want: ^7.0.0
5953 silly placeDep node_modules/listr2 emoji-regex@10.6.0 OK for: string-width@7.2.0 want: ^10.3.0
5954 silly placeDep node_modules/log-update is-fullwidth-code-point@5.1.0 OK for: slice-ansi@7.1.2 want: ^5.0.0
5955 silly placeDep node_modules/log-update string-width@7.2.0 OK for: wrap-ansi@9.0.2 want: ^7.0.0
5956 silly placeDep node_modules/log-update emoji-regex@10.6.0 OK for: string-width@7.2.0 want: ^10.3.0
5957 silly placeDep node_modules/minipass-flush yallist@4.0.0 OK for: minipass@3.3.6 want: ^4.0.0
5958 silly placeDep node_modules/minipass-pipeline yallist@4.0.0 OK for: minipass@3.3.6 want: ^4.0.0
5959 silly placeDep node_modules/minipass-sized yallist@4.0.0 OK for: minipass@3.3.6 want: ^4.0.0
5960 silly placeDep node_modules/node-gyp chownr@3.0.0 OK for: tar@7.5.6 want: ^3.0.0
5961 silly placeDep node_modules/node-gyp yallist@5.0.0 OK for: tar@7.5.6 want: ^5.0.0
5962 silly placeDep node_modules/node-gyp isexe@3.1.1 OK for: which@5.0.0 want: ^3.1.1
5963 silly placeDep node_modules/npm-pick-manifest hosted-git-info@8.1.0 OK for: npm-package-arg@12.0.2 want: ^8.0.0
5964 silly placeDep node_modules/npm-pick-manifest lru-cache@10.4.3 OK for: hosted-git-info@8.1.0 want: ^10.0.1
5965 silly placeDep node_modules/npm-registry-fetch hosted-git-info@8.1.0 OK for: npm-package-arg@12.0.2 want: ^8.0.0
5966 silly placeDep node_modules/npm-registry-fetch lru-cache@10.4.3 OK for: hosted-git-info@8.1.0 want: ^10.0.1
5967 silly placeDep node_modules/ora emoji-regex@10.6.0 OK for: string-width@7.2.0 want: ^10.3.0
5968 silly placeDep node_modules/pacote hosted-git-info@8.1.0 OK for: npm-package-arg@12.0.2 want: ^8.0.0
5969 silly placeDep node_modules/pacote lru-cache@10.4.3 OK for: hosted-git-info@8.1.0 want: ^10.0.1
5970 silly placeDep node_modules/replace-in-file ansi-styles@4.3.0 OK for: chalk@4.1.2 want: ^4.1.0
5971 silly placeDep node_modules/replace-in-file minimatch@5.1.6 OK for: glob@8.1.0 want: ^5.0.1
5972 silly placeDep node_modules/replace-in-file cliui@8.0.1 OK for: yargs@17.7.2 want: ^8.0.1
5973 silly placeDep node_modules/replace-in-file string-width@4.2.3 OK for: yargs@17.7.2 want: ^4.2.3
5974 silly placeDep node_modules/replace-in-file yargs-parser@21.1.1 OK for: yargs@17.7.2 want: ^21.1.1
5975 silly placeDep node_modules/replace-in-file strip-ansi@6.0.1 OK for: cliui@8.0.1 want: ^6.0.1
5976 silly placeDep node_modules/replace-in-file wrap-ansi@7.0.0 OK for: cliui@8.0.1 want: ^7.0.0
5977 silly placeDep node_modules/replace-in-file emoji-regex@8.0.0 OK for: string-width@4.2.3 want: ^8.0.0
5978 silly placeDep node_modules/replace-in-file is-fullwidth-code-point@3.0.0 OK for: string-width@4.2.3 want: ^3.0.0
5979 silly placeDep node_modules/replace-in-file ansi-regex@5.0.1 OK for: strip-ansi@6.0.1 want: ^5.0.1
5980 silly placeDep node_modules/rimraf minimatch@3.1.2 OK for: glob@7.2.3 want: ^3.1.1
5981 silly placeDep node_modules/rimraf brace-expansion@1.1.12 OK for: minimatch@3.1.2 want: ^1.1.7
5982 silly placeDep node_modules/serve-index negotiator@0.6.3 OK for: accepts@1.3.8 want: 0.6.3
5983 silly placeDep node_modules/serve-index ms@2.0.0 OK for: debug@2.6.9 want: 2.0.0
5984 silly placeDep node_modules/serve-index depd@1.1.2 OK for: http-errors@1.8.1 want: ~1.1.2
5985 silly placeDep node_modules/serve-index statuses@1.5.0 OK for: http-errors@1.8.1 want: >= 1.5.0 < 2
5986 silly placeDep node_modules/serve-index mime-db@1.52.0 OK for: mime-types@2.1.35 want: 1.52.0
5987 silly placeDep node_modules/socket.io mime-types@2.1.35 OK for: accepts@1.3.8 want: ~2.1.34
5988 silly placeDep node_modules/socket.io negotiator@0.6.3 OK for: accepts@1.3.8 want: 0.6.3
5989 silly placeDep node_modules/socket.io mime-db@1.52.0 OK for: mime-types@2.1.35 want: 1.52.0
5990 silly placeDep node_modules/streamroller jsonfile@4.0.0 OK for: fs-extra@8.1.0 want: ^4.0.0
5991 silly placeDep node_modules/streamroller universalify@0.1.2 OK for: fs-extra@8.1.0 want: ^0.1.0
5992 silly placeDep node_modules/string-width-cjs ansi-regex@5.0.1 OK for: strip-ansi@6.0.1 want: ^5.0.1
5993 silly placeDep node_modules/tailwindcss/node_modules/chokidar glob-parent@5.1.2 OK for: chokidar@3.6.0 want: ~5.1.2
5994 silly placeDep node_modules/tailwindcss readdirp@3.6.0 OK for: chokidar@3.6.0 want: ~3.6.0
5995 silly placeDep node_modules/tailwindcss picomatch@2.3.1 OK for: readdirp@3.6.0 want: ^2.2.1
5996 silly placeDep node_modules/tar/node_modules/fs-minipass minipass@3.3.6 OK for: fs-minipass@2.1.0 want: ^3.0.0
5997 silly placeDep node_modules/tar/node_modules/minizlib minipass@3.3.6 OK for: minizlib@2.1.2 want: ^3.0.0
5998 silly placeDep node_modules/webpack-dev-middleware mime-db@1.52.0 OK for: mime-types@2.1.35 want: 1.52.0
5999 silly placeDep node_modules/webpack-dev-server glob-parent@5.1.2 OK for: chokidar@3.6.0 want: ~5.1.2
6000 silly placeDep node_modules/webpack-dev-server readdirp@3.6.0 OK for: chokidar@3.6.0 want: ~3.6.0
6001 silly placeDep node_modules/webpack-dev-server accepts@1.3.8 OK for: express@4.22.1 want: ~1.3.8
6002 silly placeDep ROOT array-flatten@1.1.1 OK for: express@4.22.1 want: 1.1.1
6003 silly placeDep node_modules/webpack-dev-server body-parser@1.20.4 OK for: express@4.22.1 want: ~1.20.3
6004 silly placeDep node_modules/webpack-dev-server content-disposition@0.5.4 OK for: express@4.22.1 want: ~0.5.4
6005 silly placeDep node_modules/webpack-dev-server cookie-signature@1.0.7 OK for: express@4.22.1 want: ~1.0.6
6006 silly placeDep node_modules/webpack-dev-server debug@2.6.9 OK for: express@4.22.1 want: 2.6.9
6007 silly placeDep node_modules/webpack-dev-server finalhandler@1.3.2 OK for: express@4.22.1 want: ~1.3.1
6008 silly placeDep node_modules/webpack-dev-server fresh@0.5.2 OK for: express@4.22.1 want: ~0.5.2
6009 silly placeDep node_modules/webpack-dev-server merge-descriptors@1.0.3 OK for: express@4.22.1 want: 1.0.3
6010 silly placeDep ROOT methods@1.1.2 OK for: express@4.22.1 want: ~1.1.2
6011 silly placeDep node_modules/webpack-dev-server path-to-regexp@0.1.12 OK for: express@4.22.1 want: ~0.1.12
6012 silly placeDep node_modules/webpack-dev-server send@0.19.2 OK for: express@4.22.1 want: ~0.19.0
6013 silly placeDep node_modules/webpack-dev-server serve-static@1.16.3 OK for: express@4.22.1 want: ~1.16.2
6014 silly placeDep node_modules/webpack-dev-server type-is@1.6.18 OK for: express@4.22.1 want: ~1.6.18
6015 silly fetch manifest mime@1.6.0
6016 silly packumentCache full:https://registry.npmjs.org/mime cache-hit
6017 silly placeDep node_modules/webpack-dev-server mime-types@2.1.35 OK for: accepts@1.3.8 want: ~2.1.34
6018 silly placeDep node_modules/webpack-dev-server negotiator@0.6.3 OK for: accepts@1.3.8 want: 0.6.3
6019 silly placeDep node_modules/webpack-dev-server iconv-lite@0.4.24 OK for: body-parser@1.20.4 want: ~0.4.24
6020 silly placeDep node_modules/webpack-dev-server raw-body@2.5.3 OK for: body-parser@1.20.4 want: ~2.5.3
6021 silly placeDep node_modules/webpack-dev-server/node_modules/debug ms@2.0.0 OK for: debug@2.6.9 want: 2.0.0
6022 silly placeDep ROOT is-plain-obj@3.0.0 OK for: http-proxy-middleware@2.0.9 want: ^3.0.0
6023 silly placeDep node_modules/webpack-dev-server mime-db@1.52.0 OK for: mime-types@2.1.35 want: 1.52.0
6024 silly placeDep node_modules/webpack-dev-server picomatch@2.3.1 OK for: readdirp@3.6.0 want: ^2.2.1
6025 silly placeDep node_modules/webpack-dev-server mime@1.6.0 OK for: send@0.19.2 want: 1.6.0
6026 silly placeDep node_modules/webpack-dev-server media-typer@0.3.0 OK for: type-is@1.6.18 want: 0.3.0
6027 silly placeDep node_modules/webpack mime-db@1.52.0 OK for: mime-types@2.1.35 want: 1.52.0
6028 silly placeDep node_modules/wrap-ansi-cjs emoji-regex@8.0.0 OK for: string-width@4.2.3 want: ^8.0.0
6029 silly placeDep node_modules/wrap-ansi-cjs is-fullwidth-code-point@3.0.0 OK for: string-width@4.2.3 want: ^3.0.0
6030 silly placeDep node_modules/wrap-ansi-cjs ansi-regex@5.0.1 OK for: strip-ansi@6.0.1 want: ^5.0.1
6031 silly placeDep node_modules/wrap-ansi emoji-regex@8.0.0 OK for: string-width@4.2.3 want: ^8.0.0
6032 silly placeDep node_modules/wrap-ansi is-fullwidth-code-point@3.0.0 OK for: string-width@4.2.3 want: ^3.0.0
6033 silly placeDep node_modules/wrap-ansi ansi-regex@5.0.1 OK for: strip-ansi@6.0.1 want: ^5.0.1
6034 silly placeDep node_modules/yargs emoji-regex@10.6.0 OK for: string-width@7.2.0 want: ^10.3.0
6035 silly reify moves {}
6036 silly audit bulk request {
6036 silly audit   '@angular-devkit/build-angular': [ '20.3.3' ],
6036 silly audit   '@angular/animations': [ '20.3.2' ],
6036 silly audit   '@angular/cdk': [ '20.2.5' ],
6036 silly audit   '@angular/cli': [ '20.3.3' ],
6036 silly audit   '@angular/common': [ '20.3.2' ],
6036 silly audit   '@angular/compiler': [ '20.3.2' ],
6036 silly audit   '@angular/compiler-cli': [ '20.3.2' ],
6036 silly audit   '@angular/core': [ '20.3.2' ],
6036 silly audit   '@angular/forms': [ '20.3.2' ],
6036 silly audit   '@angular/material': [ '20.2.5' ],
6036 silly audit   '@angular/material-luxon-adapter': [ '20.2.5' ],
6036 silly audit   '@angular/platform-browser': [ '20.3.2' ],
6036 silly audit   '@angular/platform-browser-dynamic': [ '20.3.2' ],
6036 silly audit   '@angular/router': [ '20.3.2' ],
6036 silly audit   '@fontsource/ibm-plex-mono': [ '5.2.7' ],
6036 silly audit   '@jsverse/transloco': [ '7.5.1' ],
6036 silly audit   '@popperjs/core': [ '2.11.8' ],
6036 silly audit   '@primeuix/themes': [ '1.2.5' ],
6036 silly audit   '@tailwindcss/typography': [ '0.5.15' ],
6036 silly audit   '@types/chroma-js': [ '2.4.5' ],
6036 silly audit   '@types/crypto-js': [ '4.2.2' ],
6036 silly audit   '@types/highlight.js': [ '10.1.0' ],
6036 silly audit   '@types/jasmine': [ '5.1.5' ],
6036 silly audit   '@types/lodash': [ '4.17.13' ],
6036 silly audit   '@types/lodash-es': [ '4.17.12' ],
6036 silly audit   '@types/luxon': [ '3.4.2' ],
6036 silly audit   apexcharts: [ '4.3.0' ],
6036 silly audit   autoprefixer: [ '10.4.20', '10.4.21' ],
6036 silly audit   bootstrap: [ '5.3.8' ],
6036 silly audit   'chroma-js': [ '2.4.2' ],
6036 silly audit   'crypto-js': [ '4.2.0' ],
6036 silly audit   'highlight.js': [ '11.11.1' ],
6036 silly audit   'jasmine-core': [ '5.1.2', '4.6.1' ],
6036 silly audit   karma: [ '6.4.4' ],
6036 silly audit   'karma-chrome-launcher': [ '3.2.0' ],
6036 silly audit   'karma-coverage': [ '2.2.1' ],
6036 silly audit   'karma-jasmine': [ '5.1.0' ],
6036 silly audit   'karma-jasmine-html-reporter': [ '2.1.0' ],
6036 silly audit   lodash: [ '4.17.21' ],
6036 silly audit   'lodash-es': [ '4.17.21' ],
6036 silly audit   luxon: [ '3.5.0' ],
6036 silly audit   'material-icons': [ '1.13.14' ],
6036 silly audit   'ng-apexcharts': [ '1.15.0' ],
6036 silly audit   'ngx-quill': [ '27.0.0' ],
6036 silly audit   'perfect-scrollbar': [ '1.5.6' ],
6036 silly audit   postcss: [ '8.4.49', '8.5.6' ],
6036 silly audit   prettier: [ '3.4.2' ],
6036 silly audit   'prettier-plugin-organize-imports': [ '4.1.0' ],
6036 silly audit   'prettier-plugin-tailwindcss': [ '0.6.9' ],
6036 silly audit   primeflex: [ '4.0.0' ],
6036 silly audit   primeicons: [ '7.0.0' ],
6036 silly audit   primeng: [ '20.4.0' ],
6036 silly audit   quill: [ '2.0.3' ],
6036 silly audit   rxjs: [ '7.8.1', '7.8.2' ],
6036 silly audit   tailwindcss: [ '3.4.17' ],
6036 silly audit   tslib: [ '2.8.1' ],
6036 silly audit   typescript: [ '5.9.2' ],
6036 silly audit   'zone.js': [ '0.15.0' ],
6036 silly audit   '@ampproject/remapping': [ '2.3.0' ],
6036 silly audit   '@angular-devkit/architect': [ '0.2003.3' ],
6036 silly audit   '@angular-devkit/build-webpack': [ '0.2003.3' ],
6036 silly audit   '@angular-devkit/core': [ '20.3.3' ],
6036 silly audit   '@angular/build': [ '20.3.3' ],
6036 silly audit   '@babel/core': [ '7.28.3' ],
6036 silly audit   '@babel/generator': [ '7.28.3', '7.28.6' ],
6036 silly audit   '@babel/helper-annotate-as-pure': [ '7.27.3' ],
6036 silly audit   '@babel/helper-split-export-declaration': [ '7.24.7' ],
6036 silly audit   '@babel/plugin-transform-async-generator-functions': [ '7.28.0' ],
6036 silly audit   '@babel/plugin-transform-async-to-generator': [ '7.27.1' ],
6036 silly audit   '@babel/plugin-transform-runtime': [ '7.28.3' ],
6036 silly audit   '@babel/preset-env': [ '7.28.3' ],
6036 silly audit   '@babel/runtime': [ '7.28.3' ],
6036 silly audit   '@discoveryjs/json-ext': [ '0.6.3' ],
6036 silly audit   '@ngtools/webpack': [ '20.3.3' ],
6036 silly audit   'ansi-colors': [ '4.1.3' ],
6036 silly audit   'babel-loader': [ '10.0.0' ],
6036 silly audit   browserslist: [ '4.28.1' ],
6036 silly audit   'copy-webpack-plugin': [ '13.0.1' ],
6036 silly audit   'css-loader': [ '7.1.2' ],
6036 silly audit   esbuild: [ '0.25.9' ],
6036 silly audit   'esbuild-wasm': [ '0.25.9' ],
6036 silly audit   'fast-glob': [ '3.3.3' ],
6036 silly audit   'http-proxy-middleware': [ '3.0.5', '2.0.9' ],
6036 silly audit   'istanbul-lib-instrument': [ '6.0.3', '5.2.1' ],
6036 silly audit   'jsonc-parser': [ '3.3.1' ],
6036 silly audit   'karma-source-map-support': [ '1.4.0' ],
6036 silly audit   less: [ '4.4.0' ],
6036 silly audit   'less-loader': [ '12.3.0' ],
6036 silly audit   'license-webpack-plugin': [ '4.0.2' ],
6036 silly audit   'loader-utils': [ '3.3.1', '2.0.4' ],
6036 silly audit   'mini-css-extract-plugin': [ '2.9.4' ],
6036 silly audit   open: [ '10.2.0' ],
6036 silly audit   ora: [ '8.2.0', '5.4.1' ],
6036 silly audit   picomatch: [ '4.0.3', '2.3.1' ],
6036 silly audit   piscina: [ '5.1.3' ],
6036 silly audit   'postcss-loader': [ '8.1.1' ],
6036 silly audit   'resolve-url-loader': [ '5.0.0' ],
6036 silly audit   sass: [ '1.90.0' ],
6036 silly audit   'sass-loader': [ '16.0.5' ],
6036 silly audit   semver: [ '7.7.2', '6.3.1', '5.7.2' ],
6036 silly audit   'source-map-loader': [ '5.0.0' ],
6036 silly audit   'source-map-support': [ '0.5.21' ],
6036 silly audit   terser: [ '5.43.1' ],
6036 silly audit   'tree-kill': [ '1.2.2' ],
6036 silly audit   webpack: [ '5.101.2' ],
6036 silly audit   'webpack-dev-middleware': [ '7.4.2' ],
6036 silly audit   'webpack-dev-server': [ '5.2.2' ],
6036 silly audit   'webpack-merge': [ '6.0.1' ],
6036 silly audit   'webpack-subresource-integrity': [ '5.1.0' ],
6036 silly audit   '@jridgewell/gen-mapping': [ '0.3.13' ],
6036 silly audit   '@jridgewell/trace-mapping': [ '0.3.31' ],
6036 silly audit   ajv: [ '8.17.1', '6.12.6' ],
6036 silly audit   'ajv-formats': [ '3.0.1', '2.1.1' ],
6036 silly audit   'source-map': [ '0.7.6', '0.6.1' ],
6036 silly audit   '@inquirer/confirm': [ '5.1.14' ],
6036 silly audit   '@vitejs/plugin-basic-ssl': [ '2.1.0' ],
6036 silly audit   beasties: [ '0.3.5' ],
6036 silly audit   'https-proxy-agent': [ '7.0.6' ],
6036 silly audit   listr2: [ '9.0.1' ],
6036 silly audit   lmdb: [ '3.4.2' ],
6036 silly audit   'magic-string': [ '0.30.17' ],
6036 silly audit   mrmime: [ '2.0.1' ],
6036 silly audit   'parse5-html-rewriting-stream': [ '8.0.0' ],
6036 silly audit   rolldown: [ '1.0.0-beta.38' ],
6036 silly audit   tinyglobby: [ '0.2.14', '0.2.15' ],
6036 silly audit   vite: [ '7.1.5' ],
6036 silly audit   watchpack: [ '2.4.4' ],
6036 silly audit   parse5: [ '8.0.0' ],
6036 silly audit   '@angular-devkit/schematics': [ '20.3.3' ],
6036 silly audit   '@inquirer/prompts': [ '7.8.2' ],
6036 silly audit   '@listr2/prompt-adapter-inquirer': [ '3.0.1' ],
6036 silly audit   '@modelcontextprotocol/sdk': [ '1.17.3' ],
6036 silly audit   '@schematics/angular': [ '20.3.3' ],
6036 silly audit   '@yarnpkg/lockfile': [ '1.1.0' ],
6036 silly audit   algoliasearch: [ '5.35.0' ],
6036 silly audit   ini: [ '5.0.0' ],
6036 silly audit   'npm-package-arg': [ '13.0.0', '12.0.2' ],
6036 silly audit   pacote: [ '21.0.0' ],
6036 silly audit   resolve: [ '1.22.10', '1.22.11' ],
6036 silly audit   yargs: [ '18.0.0', '16.2.0', '17.7.2' ],
6036 silly audit   zod: [ '3.25.76' ],
6036 silly audit   '@jridgewell/sourcemap-codec': [ '1.5.5' ],
6036 silly audit   chokidar: [ '4.0.3', '3.6.0' ],
6036 silly audit   'convert-source-map': [ '1.9.0', '2.0.0' ],
6036 silly audit   'reflect-metadata': [ '0.2.2' ],
6036 silly audit   '@babel/code-frame': [ '7.28.6' ],
6036 silly audit   '@babel/helper-compilation-targets': [ '7.28.6' ],
6036 silly audit   '@babel/helper-module-transforms': [ '7.28.6' ],
6036 silly audit   '@babel/helpers': [ '7.28.6' ],
6036 silly audit   '@babel/parser': [ '7.28.6' ],
6036 silly audit   '@babel/template': [ '7.28.6' ],
6036 silly audit   '@babel/traverse': [ '7.28.6' ],
6036 silly audit   '@babel/types': [ '7.28.6' ],
6036 silly audit   debug: [ '4.4.3', '2.6.9' ],
6036 silly audit   gensync: [ '1.0.0-beta.2' ],
6036 silly audit   json5: [ '2.2.3' ],
6036 silly audit   '@babel/helper-validator-identifier': [ '7.28.5' ],
6036 silly audit   'js-tokens': [ '4.0.0' ],
6036 silly audit   picocolors: [ '1.1.1' ],
6036 silly audit   jsesc: [ '3.1.0' ],
6036 silly audit   '@babel/compat-data': [ '7.28.6' ],
6036 silly audit   '@babel/helper-validator-option': [ '7.27.1' ],
6036 silly audit   'lru-cache': [ '5.1.1', '11.2.5', '10.4.3' ],
6036 silly audit   '@babel/helper-module-imports': [ '7.28.6' ],
6036 silly audit   '@babel/helper-plugin-utils': [ '7.28.6' ],
6036 silly audit   '@babel/helper-remap-async-to-generator': [ '7.27.1' ],
6036 silly audit   '@babel/helper-wrap-function': [ '7.28.6' ],
6036 silly audit   'babel-plugin-polyfill-corejs2': [ '0.4.15' ],
6036 silly audit   'babel-plugin-polyfill-corejs3': [ '0.13.0' ],
6036 silly audit   'babel-plugin-polyfill-regenerator': [ '0.6.6' ],
6036 silly audit   '@babel/plugin-bugfix-firefox-class-in-computed-class-key': [ '7.28.5' ],
6036 silly audit   '@babel/plugin-bugfix-safari-class-field-initializer-scope': [ '7.27.1' ],
6036 silly audit   '@babel/plugin-bugfix-safari-id-destructuring-collision-in-function-expression': [ '7.27.1' ],
6036 silly audit   '@babel/plugin-bugfix-v8-spread-parameters-in-optional-chaining': [ '7.27.1' ],
6036 silly audit   '@babel/plugin-bugfix-v8-static-class-fields-redefine-readonly': [ '7.28.6' ],
6036 silly audit   '@babel/plugin-proposal-private-property-in-object': [ '7.21.0-placeholder-for-preset-env.2' ],
6036 silly audit   '@babel/plugin-syntax-import-assertions': [ '7.28.6' ],
6036 silly audit   '@babel/plugin-syntax-import-attributes': [ '7.28.6' ],
6036 silly audit   '@babel/plugin-syntax-unicode-sets-regex': [ '7.18.6' ],
6036 silly audit   '@babel/plugin-transform-arrow-functions': [ '7.27.1' ],
6036 silly audit   '@babel/plugin-transform-block-scoped-functions': [ '7.27.1' ],
6036 silly audit   '@babel/plugin-transform-block-scoping': [ '7.28.6' ],
6036 silly audit   '@babel/plugin-transform-class-properties': [ '7.28.6' ],
6036 silly audit   '@babel/plugin-transform-class-static-block': [ '7.28.6' ],
6036 silly audit   '@babel/plugin-transform-classes': [ '7.28.6' ],
6036 silly audit   '@babel/plugin-transform-computed-properties': [ '7.28.6' ],
6036 silly audit   '@babel/plugin-transform-destructuring': [ '7.28.5' ],
6036 silly audit   '@babel/plugin-transform-dotall-regex': [ '7.28.6' ],
6036 silly audit   '@babel/plugin-transform-duplicate-keys': [ '7.27.1' ],
6036 silly audit   '@babel/plugin-transform-duplicate-named-capturing-groups-regex': [ '7.28.6' ],
6036 silly audit   '@babel/plugin-transform-dynamic-import': [ '7.27.1' ],
6036 silly audit   '@babel/plugin-transform-explicit-resource-management': [ '7.28.6' ],
6036 silly audit   '@babel/plugin-transform-exponentiation-operator': [ '7.28.6' ],
6036 silly audit   '@babel/plugin-transform-export-namespace-from': [ '7.27.1' ],
6036 silly audit   '@babel/plugin-transform-for-of': [ '7.27.1' ],
6036 silly audit   '@babel/plugin-transform-function-name': [ '7.27.1' ],
6036 silly audit   '@babel/plugin-transform-json-strings': [ '7.28.6' ],
6036 silly audit   '@babel/plugin-transform-literals': [ '7.27.1' ],
6036 silly audit   '@babel/plugin-transform-logical-assignment-operators': [ '7.28.6' ],
6036 silly audit   '@babel/plugin-transform-member-expression-literals': [ '7.27.1' ],
6036 silly audit   '@babel/plugin-transform-modules-amd': [ '7.27.1' ],
6036 silly audit   '@babel/plugin-transform-modules-commonjs': [ '7.28.6' ],
6036 silly audit   '@babel/plugin-transform-modules-systemjs': [ '7.28.5' ],
6036 silly audit   '@babel/plugin-transform-modules-umd': [ '7.27.1' ],
6036 silly audit   '@babel/plugin-transform-named-capturing-groups-regex': [ '7.27.1' ],
6036 silly audit   '@babel/plugin-transform-new-target': [ '7.27.1' ],
6036 silly audit   '@babel/plugin-transform-nullish-coalescing-operator': [ '7.28.6' ],
6036 silly audit   '@babel/plugin-transform-numeric-separator': [ '7.28.6' ],
6036 silly audit   '@babel/plugin-transform-object-rest-spread': [ '7.28.6' ],
6036 silly audit   '@babel/plugin-transform-object-super': [ '7.27.1' ],
6036 silly audit   '@babel/plugin-transform-optional-catch-binding': [ '7.28.6' ],
6036 silly audit   '@babel/plugin-transform-optional-chaining': [ '7.28.6' ],
6036 silly audit   '@babel/plugin-transform-parameters': [ '7.27.7' ],
6036 silly audit   '@babel/plugin-transform-private-methods': [ '7.28.6' ],
6036 silly audit   '@babel/plugin-transform-private-property-in-object': [ '7.28.6' ],
6036 silly audit   '@babel/plugin-transform-property-literals': [ '7.27.1' ],
6036 silly audit   '@babel/plugin-transform-regenerator': [ '7.28.6' ],
6036 silly audit   '@babel/plugin-transform-regexp-modifiers': [ '7.28.6' ],
6036 silly audit   '@babel/plugin-transform-reserved-words': [ '7.27.1' ],
6036 silly audit   '@babel/plugin-transform-shorthand-properties': [ '7.27.1' ],
6036 silly audit   '@babel/plugin-transform-spread': [ '7.28.6' ],
6036 silly audit   '@babel/plugin-transform-sticky-regex': [ '7.27.1' ],
6036 silly audit   '@babel/plugin-transform-template-literals': [ '7.27.1' ],
6036 silly audit   '@babel/plugin-transform-typeof-symbol': [ '7.27.1' ],
6036 silly audit   '@babel/plugin-transform-unicode-escapes': [ '7.27.1' ],
6036 silly audit   '@babel/plugin-transform-unicode-property-regex': [ '7.28.6' ],
6036 silly audit   '@babel/plugin-transform-unicode-regex': [ '7.27.1' ],
6036 silly audit   '@babel/plugin-transform-unicode-sets-regex': [ '7.28.6' ],
6036 silly audit   '@babel/preset-modules': [ '0.1.6-no-external-plugins' ],
6036 silly audit   'core-js-compat': [ '3.48.0' ],
6036 silly audit   '@babel/helper-skip-transparent-expression-wrappers': [ '7.27.1' ],
6036 silly audit   '@babel/helper-create-regexp-features-plugin': [ '7.28.5' ],
6036 silly audit   'regexpu-core': [ '6.4.0' ],
6036 silly audit   '@babel/helper-create-class-features-plugin': [ '7.28.6' ],
6036 silly audit   '@babel/helper-member-expression-to-functions': [ '7.28.5' ],
6036 silly audit   '@babel/helper-optimise-call-expression': [ '7.27.1' ],
6036 silly audit   '@babel/helper-replace-supers': [ '7.28.6' ],
6036 silly audit   '@babel/helper-globals': [ '7.28.0' ],
6036 silly audit   esutils: [ '2.0.3' ],
6036 silly audit   '@babel/helper-string-parser': [ '7.27.1' ],
6036 silly audit   '@inquirer/core': [ '10.3.2' ],
6036 silly audit   '@inquirer/type': [ '3.0.10' ],
6036 silly audit   '@inquirer/ansi': [ '1.0.2' ],
6036 silly audit   '@inquirer/figures': [ '1.0.15' ],
6036 silly audit   'cli-width': [ '4.1.0' ],
6036 silly audit   'mute-stream': [ '2.0.0' ],
6036 silly audit   'signal-exit': [ '4.1.0', '3.0.7' ],
6036 silly audit   'wrap-ansi': [ '6.2.0', '8.1.0', '7.0.0', '9.0.2' ],
6036 silly audit   'yoctocolors-cjs': [ '2.1.3' ],
6036 silly audit   '@inquirer/checkbox': [ '4.3.2' ],
6036 silly audit   '@inquirer/editor': [ '4.2.23' ],
6036 silly audit   '@inquirer/expand': [ '4.0.23' ],
6036 silly audit   '@inquirer/input': [ '4.3.1' ],
6036 silly audit   '@inquirer/number': [ '3.0.23' ],
6036 silly audit   '@inquirer/password': [ '4.0.23' ],
6036 silly audit   '@inquirer/rawlist': [ '4.1.11' ],
6036 silly audit   '@inquirer/search': [ '3.2.2' ],
6036 silly audit   '@inquirer/select': [ '4.4.2' ],
6036 silly audit   '@inquirer/external-editor': [ '1.0.3' ],
6036 silly audit   chardet: [ '2.1.1' ],
6036 silly audit   'iconv-lite': [ '0.7.2', '0.6.3', '0.4.24' ],
6036 silly audit   '@jridgewell/resolve-uri': [ '3.1.2' ],
6036 silly audit   '@jsverse/transloco-utils': [ '7.0.2' ],
6036 silly audit   'fs-extra': [ '11.3.3', '8.1.0' ],
6036 silly audit   glob: [ '10.5.0', '7.2.3', '8.1.0' ],
6036 silly audit   'lodash.kebabcase': [ '4.1.1' ],
6036 silly audit   'replace-in-file': [ '7.2.0' ],
6036 silly audit   cosmiconfig: [ '8.3.6', '9.0.0' ],
6036 silly audit   'content-type': [ '1.0.5' ],
6036 silly audit   cors: [ '2.8.6' ],
6036 silly audit   'cross-spawn': [ '7.0.6' ],
6036 silly audit   eventsource: [ '3.0.7' ],
6036 silly audit   'eventsource-parser': [ '3.0.6' ],
6036 silly audit   express: [ '5.2.1', '4.22.1' ],
6036 silly audit   'express-rate-limit': [ '7.5.1' ],
6036 silly audit   'pkce-challenge': [ '5.0.1' ],
6036 silly audit   'raw-body': [ '3.0.2', '2.5.3' ],
6036 silly audit   'zod-to-json-schema': [ '3.25.1' ],
6036 silly audit   '@primeuix/styled': [ '0.7.4' ],
6036 silly audit   '@primeuix/utils': [ '0.6.4' ],
6036 silly audit   'lodash.castarray': [ '4.4.0' ],
6036 silly audit   'lodash.isplainobject': [ '4.0.6' ],
6036 silly audit   'lodash.merge': [ '4.6.2' ],
6036 silly audit   'postcss-selector-parser': [ '6.0.10', '7.1.1', '6.1.2' ],
6036 silly audit   'fast-deep-equal': [ '3.1.3' ],
6036 silly audit   'fast-uri': [ '3.1.0' ],
6036 silly audit   'json-schema-traverse': [ '1.0.0', '0.4.1' ],
6036 silly audit   'require-from-string': [ '2.0.2' ],
6036 silly audit   '@algolia/abtesting': [ '1.1.0' ],
6036 silly audit   '@algolia/client-abtesting': [ '5.35.0' ],
6036 silly audit   '@algolia/client-analytics': [ '5.35.0' ],
6036 silly audit   '@algolia/client-common': [ '5.35.0' ],
6036 silly audit   '@algolia/client-insights': [ '5.35.0' ],
6036 silly audit   '@algolia/client-personalization': [ '5.35.0' ],
6036 silly audit   '@algolia/client-query-suggestions': [ '5.35.0' ],
6036 silly audit   '@algolia/client-search': [ '5.35.0' ],
6036 silly audit   '@algolia/ingestion': [ '1.35.0' ],
6036 silly audit   '@algolia/monitoring': [ '1.35.0' ],
6036 silly audit   '@algolia/recommend': [ '5.35.0' ],
6036 silly audit   '@algolia/requester-browser-xhr': [ '5.35.0' ],
6036 silly audit   '@algolia/requester-fetch': [ '5.35.0' ],
6036 silly audit   '@algolia/requester-node-http': [ '5.35.0' ],
6036 silly audit   '@svgdotjs/svg.draggable.js': [ '3.0.6' ],
6036 silly audit   '@svgdotjs/svg.filter.js': [ '3.0.9' ],
6036 silly audit   '@svgdotjs/svg.js': [ '3.2.5' ],
6036 silly audit   '@svgdotjs/svg.resize.js': [ '2.0.5' ],
6036 silly audit   '@svgdotjs/svg.select.js': [ '4.0.3' ],
6036 silly audit   '@yr/monotone-cubic-spline': [ '1.0.3' ],
6036 silly audit   'caniuse-lite': [ '1.0.30001766' ],
6036 silly audit   'fraction.js': [ '4.3.7' ],
6036 silly audit   'normalize-range': [ '0.1.2' ],
6036 silly audit   'postcss-value-parser': [ '4.2.0' ],
6036 silly audit   'find-up': [ '5.0.0' ],
6036 silly audit   '@babel/helper-define-polyfill-provider': [ '0.6.6' ],
6036 silly audit   'lodash.debounce': [ '4.0.8' ],
6036 silly audit   'css-select': [ '6.0.0' ],
6036 silly audit   'css-what': [ '7.0.0' ],
6036 silly audit   'dom-serializer': [ '2.0.0' ],
6036 silly audit   domhandler: [ '5.0.3' ],
6036 silly audit   htmlparser2: [ '10.1.0' ],
6036 silly audit   'postcss-media-query-parser': [ '0.2.3' ],
6036 silly audit   'baseline-browser-mapping': [ '2.9.18' ],
6036 silly audit   'electron-to-chromium': [ '1.5.278' ],
6036 silly audit   'node-releases': [ '2.0.27' ],
6036 silly audit   'update-browserslist-db': [ '1.2.3' ],
6036 silly audit   readdirp: [ '4.1.2', '3.6.0' ],
6036 silly audit   'glob-parent': [ '6.0.2', '5.1.2' ],
6036 silly audit   'normalize-path': [ '3.0.0' ],
6036 silly audit   'schema-utils': [ '4.3.3' ],
6036 silly audit   'serialize-javascript': [ '6.0.2' ],
6036 silly audit   'object-assign': [ '4.1.1' ],
6036 silly audit   vary: [ '1.1.2' ],
6036 silly audit   'import-fresh': [ '3.3.1' ],
6036 silly audit   'js-yaml': [ '4.1.1' ],
6036 silly audit   'parse-json': [ '5.2.0' ],
6036 silly audit   'path-type': [ '4.0.0' ],
6036 silly audit   'path-key': [ '3.1.1' ],
6036 silly audit   'shebang-command': [ '2.0.0' ],
6036 silly audit   which: [ '2.0.2', '1.3.1', '5.0.0' ],
6036 silly audit   'icss-utils': [ '5.1.0' ],
6036 silly audit   'postcss-modules-extract-imports': [ '3.1.0' ],
6036 silly audit   'postcss-modules-local-by-default': [ '4.2.0' ],
6036 silly audit   'postcss-modules-scope': [ '3.2.1' ],
6036 silly audit   'postcss-modules-values': [ '4.0.0' ],
6036 silly audit   boolbase: [ '1.0.0' ],
6036 silly audit   domutils: [ '3.2.2' ],
6036 silly audit   'nth-check': [ '2.1.1' ],
6036 silly audit   ms: [ '2.1.3', '2.0.0' ],
6036 silly audit   domelementtype: [ '2.3.0' ],
6036 silly audit   entities: [ '4.5.0', '7.0.1', '6.0.1' ],
6036 silly audit   '@esbuild/aix-ppc64': [ '0.25.9' ],
6036 silly audit   '@esbuild/android-arm': [ '0.25.9' ],
6036 silly audit   '@esbuild/android-arm64': [ '0.25.9' ],
6036 silly audit   '@esbuild/android-x64': [ '0.25.9' ],
6036 silly audit   '@esbuild/darwin-arm64': [ '0.25.9' ],
6036 silly audit   '@esbuild/darwin-x64': [ '0.25.9' ],
6036 silly audit   '@esbuild/freebsd-arm64': [ '0.25.9' ],
6036 silly audit   '@esbuild/freebsd-x64': [ '0.25.9' ],
6036 silly audit   '@esbuild/linux-arm': [ '0.25.9' ],
6036 silly audit   '@esbuild/linux-arm64': [ '0.25.9' ],
6036 silly audit   '@esbuild/linux-ia32': [ '0.25.9' ],
6036 silly audit   '@esbuild/linux-loong64': [ '0.25.9' ],
6036 silly audit   '@esbuild/linux-mips64el': [ '0.25.9' ],
6036 silly audit   '@esbuild/linux-ppc64': [ '0.25.9' ],
6036 silly audit   '@esbuild/linux-riscv64': [ '0.25.9' ],
6036 silly audit   '@esbuild/linux-s390x': [ '0.25.9' ],
6036 silly audit   '@esbuild/linux-x64': [ '0.25.9' ],
6036 silly audit   '@esbuild/netbsd-arm64': [ '0.25.9' ],
6036 silly audit   '@esbuild/netbsd-x64': [ '0.25.9' ],
6036 silly audit   '@esbuild/openbsd-arm64': [ '0.25.9' ],
6036 silly audit   '@esbuild/openbsd-x64': [ '0.25.9' ],
6036 silly audit   '@esbuild/openharmony-arm64': [ '0.25.9' ],
6036 silly audit   '@esbuild/sunos-x64': [ '0.25.9' ],
6036 silly audit   '@esbuild/win32-arm64': [ '0.25.9' ],
6036 silly audit   '@esbuild/win32-ia32': [ '0.25.9' ],
6036 silly audit   '@esbuild/win32-x64': [ '0.25.9' ],
6036 silly audit   accepts: [ '2.0.0', '1.3.8' ],
6036 silly audit   'body-parser': [ '2.2.2', '1.20.4' ],
6036 silly audit   'content-disposition': [ '1.0.1', '0.5.4' ],
6036 silly audit   cookie: [ '0.7.2' ],
6036 silly audit   'cookie-signature': [ '1.2.2', '1.0.7' ],
6036 silly audit   depd: [ '2.0.0', '1.1.2' ],
6036 silly audit   encodeurl: [ '2.0.0', '1.0.2' ],
6036 silly audit   'escape-html': [ '1.0.3' ],
6036 silly audit   etag: [ '1.8.1' ],
6036 silly audit   finalhandler: [ '2.1.1', '1.1.2', '1.3.2' ],
6036 silly audit   fresh: [ '2.0.0', '0.5.2' ],
6036 silly audit   'http-errors': [ '2.0.1', '1.8.1' ],
6036 silly audit   'merge-descriptors': [ '2.0.0', '1.0.3' ],
6036 silly audit   'mime-types': [ '3.0.2', '2.1.35' ],
6036 silly audit   'on-finished': [ '2.4.1', '2.3.0' ],
6036 silly audit   once: [ '1.4.0' ],
6036 silly audit   parseurl: [ '1.3.3' ],
6036 silly audit   'proxy-addr': [ '2.0.7' ],
6036 silly audit   qs: [ '6.14.1' ],
6036 silly audit   'range-parser': [ '1.2.1' ],
6036 silly audit   router: [ '2.2.0' ],
6036 silly audit   send: [ '1.2.1', '0.19.2' ],
6036 silly audit   'serve-static': [ '2.2.1', '1.16.3' ],
6036 silly audit   statuses: [ '2.0.2', '1.5.0' ],
6036 silly audit   'type-is': [ '2.0.1', '1.6.18' ],
6036 silly audit   negotiator: [ '1.0.0', '0.6.4', '0.6.3' ],
6036 silly audit   bytes: [ '3.1.2' ],
6036 silly audit   '@nodelib/fs.stat': [ '2.0.5' ],
6036 silly audit   '@nodelib/fs.walk': [ '1.2.8' ],
6036 silly audit   merge2: [ '1.4.1' ],
6036 silly audit   micromatch: [ '4.0.8' ],
6036 silly audit   '@nodelib/fs.scandir': [ '2.1.5' ],
6036 silly audit   fastq: [ '1.20.1' ],
6036 silly audit   'run-parallel': [ '1.2.0' ],
6036 silly audit   reusify: [ '1.1.0' ],
6036 silly audit   'locate-path': [ '6.0.0' ],
6036 silly audit   'path-exists': [ '4.0.0' ],
6036 silly audit   'graceful-fs': [ '4.2.11' ],
6036 silly audit   jsonfile: [ '6.2.0', '4.0.0' ],
6036 silly audit   universalify: [ '2.0.1', '0.1.2' ],
6036 silly audit   'foreground-child': [ '3.3.1' ],
6036 silly audit   jackspeak: [ '3.4.3' ],
6036 silly audit   minimatch: [ '9.0.5', '3.1.2', '10.1.1', '5.1.6' ],
6036 silly audit   minipass: [ '7.1.2', '3.3.6', '5.0.0' ],
6036 silly audit   'package-json-from-dist': [ '1.0.1' ],
6036 silly audit   'path-scurry': [ '1.11.1' ],
6036 silly audit   'is-glob': [ '4.0.3' ],
6036 silly audit   inherits: [ '2.0.4' ],
6036 silly audit   setprototypeof: [ '1.2.0' ],
6036 silly audit   toidentifier: [ '1.0.1' ],
6036 silly audit   '@types/http-proxy': [ '1.17.17' ],
6036 silly audit   'http-proxy': [ '1.18.1' ],
6036 silly audit   'is-plain-object': [ '5.0.0', '2.0.4' ],
6036 silly audit   '@types/node': [ '25.0.10' ],
6036 silly audit   'undici-types': [ '7.16.0' ],
6036 silly audit   eventemitter3: [ '4.0.7', '5.0.4' ],
6036 silly audit   'follow-redirects': [ '1.15.11' ],
6036 silly audit   'requires-port': [ '1.0.0' ],
6036 silly audit   'agent-base': [ '7.1.4' ],
6036 silly audit   'safer-buffer': [ '2.1.2' ],
6036 silly audit   'parent-module': [ '1.0.1' ],
6036 silly audit   'resolve-from': [ '4.0.0' ],
6036 silly audit   'is-extglob': [ '2.1.1' ],
6036 silly audit   '@istanbuljs/schema': [ '0.1.3' ],
6036 silly audit   'istanbul-lib-coverage': [ '3.2.2' ],
6036 silly audit   '@isaacs/cliui': [ '8.0.2' ],
6036 silly audit   '@pkgjs/parseargs': [ '0.11.0' ],
6036 silly audit   'string-width': [ '5.1.2', '4.2.3', '7.2.0' ],
6036 silly audit   'strip-ansi': [ '7.1.2', '6.0.1' ],
6036 silly audit   argparse: [ '2.0.1' ],
6036 silly audit   '@colors/colors': [ '1.5.0' ],
6036 silly audit   braces: [ '3.0.3' ],
6036 silly audit   connect: [ '3.7.0' ],
6036 silly audit   di: [ '0.0.1' ],
6036 silly audit   'dom-serialize': [ '2.2.1' ],
6036 silly audit   isbinaryfile: [ '4.0.10' ],
6036 silly audit   log4js: [ '6.9.1' ],
6036 silly audit   mime: [ '2.6.0', '1.6.0' ],
6036 silly audit   mkdirp: [ '0.5.6', '1.0.4' ],
6036 silly audit   qjobs: [ '1.2.0' ],
6036 silly audit   rimraf: [ '3.0.2' ],
6036 silly audit   'socket.io': [ '4.8.3' ],
6036 silly audit   tmp: [ '0.2.5' ],
6036 silly audit   'ua-parser-js': [ '0.7.41' ],
6036 silly audit   'fill-range': [ '7.1.1' ],
6036 silly audit   'utils-merge': [ '1.0.1' ],
6036 silly audit   'custom-event': [ '1.0.1' ],
6036 silly audit   ent: [ '2.2.2' ],
6036 silly audit   extend: [ '3.0.2' ],
6036 silly audit   'void-elements': [ '2.0.1' ],
6036 silly audit   'call-bound': [ '1.0.4' ],
6036 silly audit   'es-errors': [ '1.3.0' ],
6036 silly audit   punycode: [ '1.4.1', '2.3.1' ],
6036 silly audit   'safe-regex-test': [ '1.1.0' ],
6036 silly audit   'call-bind-apply-helpers': [ '1.0.2' ],
6036 silly audit   'get-intrinsic': [ '1.3.0' ],
6036 silly audit   'function-bind': [ '1.1.2' ],
6036 silly audit   'to-regex-range': [ '5.0.1' ],
6036 silly audit   'es-define-property': [ '1.0.1' ],
6036 silly audit   'es-object-atoms': [ '1.1.1' ],
6036 silly audit   'get-proto': [ '1.0.1' ],
6036 silly audit   gopd: [ '1.2.0' ],
6036 silly audit   'has-symbols': [ '1.1.0' ],
6036 silly audit   hasown: [ '2.0.2' ],
6036 silly audit   'math-intrinsics': [ '1.1.0' ],
6036 silly audit   'dunder-proto': [ '1.0.1' ],
6036 silly audit   'istanbul-lib-report': [ '3.0.1' ],
6036 silly audit   'istanbul-lib-source-maps': [ '4.0.1' ],
6036 silly audit   'istanbul-reports': [ '3.2.0' ],
6036 silly audit   'make-dir': [ '4.0.0', '2.1.0' ],
6036 silly audit   'supports-color': [ '7.2.0', '8.1.1' ],
6036 silly audit   'html-escaper': [ '2.0.2' ],
6036 silly audit   'copy-anything': [ '2.0.6' ],
6036 silly audit   errno: [ '0.1.8' ],
6036 silly audit   'image-size': [ '0.5.5' ],
6036 silly audit   needle: [ '3.3.1' ],
6036 silly audit   'parse-node-version': [ '1.0.1' ],
6036 silly audit   'is-what': [ '3.14.1' ],
6036 silly audit   prr: [ '1.0.1' ],
6036 silly audit   'webpack-sources': [ '3.3.3' ],
6036 silly audit   'cli-truncate': [ '4.0.0' ],
6036 silly audit   colorette: [ '2.0.20' ],
6036 silly audit   'log-update': [ '6.1.0' ],
6036 silly audit   rfdc: [ '1.4.1' ],
6036 silly audit   'slice-ansi': [ '5.0.0', '7.1.2' ],
6036 silly audit   '@lmdb/lmdb-darwin-arm64': [ '3.4.2' ],
6036 silly audit   '@lmdb/lmdb-darwin-x64': [ '3.4.2' ],
6036 silly audit   '@lmdb/lmdb-linux-arm': [ '3.4.2' ],
6036 silly audit   '@lmdb/lmdb-linux-arm64': [ '3.4.2' ],
6036 silly audit   '@lmdb/lmdb-linux-x64': [ '3.4.2' ],
6036 silly audit   '@lmdb/lmdb-win32-arm64': [ '3.4.2' ],
6036 silly audit   '@lmdb/lmdb-win32-x64': [ '3.4.2' ],
6036 silly audit   msgpackr: [ '1.11.8' ],
6036 silly audit   'node-addon-api': [ '6.1.0', '7.1.1' ],
6036 silly audit   'node-gyp-build-optional-packages': [ '5.2.2' ],
6036 silly audit   'ordered-binary': [ '1.6.1' ],
6036 silly audit   'weak-lru-cache': [ '1.2.2' ],
6036 silly audit   'p-locate': [ '5.0.0' ],
6036 silly audit   'ansi-escapes': [ '7.2.0' ],
6036 silly audit   'cli-cursor': [ '5.0.0', '3.1.0' ],
6036 silly audit   environment: [ '1.1.0' ],
6036 silly audit   'restore-cursor': [ '5.1.0', '3.1.0' ],
6036 silly audit   'date-format': [ '4.0.14' ],
6036 silly audit   flatted: [ '3.3.3' ],
6036 silly audit   streamroller: [ '3.1.5' ],
6036 silly audit   yallist: [ '3.1.1', '4.0.0', '5.0.0' ],
6036 silly audit   'mime-db': [ '1.54.0', '1.52.0' ],
6036 silly audit   tapable: [ '2.3.0' ],
6036 silly audit   'brace-expansion': [ '2.0.2', '1.1.12' ],
6036 silly audit   'balanced-match': [ '1.0.2' ],
6036 silly audit   minimist: [ '1.2.8' ],
6036 silly audit   'msgpackr-extract': [ '3.0.3' ],
6036 silly audit   '@msgpackr-extract/msgpackr-extract-darwin-arm64': [ '3.0.3' ],
6036 silly audit   '@msgpackr-extract/msgpackr-extract-darwin-x64': [ '3.0.3' ],
6036 silly audit   '@msgpackr-extract/msgpackr-extract-linux-arm': [ '3.0.3' ],
6036 silly audit   '@msgpackr-extract/msgpackr-extract-linux-arm64': [ '3.0.3' ],
6036 silly audit   '@msgpackr-extract/msgpackr-extract-linux-x64': [ '3.0.3' ],
6036 silly audit   '@msgpackr-extract/msgpackr-extract-win32-x64': [ '3.0.3' ],
6036 silly audit   sax: [ '1.4.4' ],
6036 silly audit   'detect-libc': [ '2.1.2' ],
6036 silly audit   'hosted-git-info': [ '9.0.2', '8.1.0' ],
6036 silly audit   'proc-log': [ '5.0.0', '6.1.0' ],
6036 silly audit   'validate-npm-package-name': [ '6.0.2' ],
6036 silly audit   'ee-first': [ '1.1.1' ],
6036 silly audit   wrappy: [ '1.0.2' ],
6036 silly audit   'default-browser': [ '5.4.0' ],
6036 silly audit   'define-lazy-prop': [ '3.0.0' ],
6036 silly audit   'is-inside-container': [ '1.0.0' ],
6036 silly audit   'wsl-utils': [ '0.1.0' ],
6036 silly audit   'bundle-name': [ '4.1.0' ],
6036 silly audit   'default-browser-id': [ '5.0.1' ],
6036 silly audit   'run-applescript': [ '7.1.0' ],
6036 silly audit   'is-docker': [ '3.0.0' ],
6036 silly audit   chalk: [ '5.6.2', '4.1.2' ],
6036 silly audit   'cli-spinners': [ '2.9.2' ],
6036 silly audit   'is-interactive': [ '2.0.0', '1.0.0' ],
6036 silly audit   'is-unicode-supported': [ '2.1.0', '1.3.0', '0.1.0' ],
6036 silly audit   'log-symbols': [ '6.0.0', '4.1.0' ],
6036 silly audit   'stdin-discarder': [ '0.2.2' ],
6036 silly audit   'p-limit': [ '3.1.0' ],
6036 silly audit   'yocto-queue': [ '0.1.0' ],
6036 silly audit   '@npmcli/git': [ '6.0.3' ],
6036 silly audit   '@npmcli/installed-package-contents': [ '3.0.0' ],
6036 silly audit   '@npmcli/package-json': [ '6.2.0' ],
6036 silly audit   '@npmcli/promise-spawn': [ '8.0.3' ],
6036 silly audit   '@npmcli/run-script': [ '9.1.0' ],
6036 silly audit   cacache: [ '19.0.1' ],
6036 silly audit   'fs-minipass': [ '3.0.3', '2.1.0' ],
6036 silly audit   'npm-packlist': [ '10.0.3' ],
6036 silly audit   'npm-pick-manifest': [ '10.0.0' ],
6036 silly audit   'npm-registry-fetch': [ '18.0.2' ],
6036 silly audit   'promise-retry': [ '2.0.1' ],
6036 silly audit   sigstore: [ '3.1.0' ],
6036 silly audit   ssri: [ '12.0.0' ],
6036 silly audit   tar: [ '6.2.1', '7.5.6' ],
6036 silly audit   'npm-bundled': [ '4.0.0' ],
6036 silly audit   'npm-normalize-package-bin': [ '4.0.0' ],
6036 silly audit   'json-parse-even-better-errors': [ '4.0.0', '2.3.1' ],
6036 silly audit   'validate-npm-package-license': [ '3.0.4' ],
6036 silly audit   '@npmcli/node-gyp': [ '4.0.0' ],
6036 silly audit   'node-gyp': [ '11.5.0' ],
6036 silly audit   '@npmcli/fs': [ '4.0.0' ],
6036 silly audit   'minipass-collect': [ '2.0.1' ],
6036 silly audit   'minipass-flush': [ '1.0.5' ],
6036 silly audit   'minipass-pipeline': [ '1.2.4' ],
6036 silly audit   'p-map': [ '7.0.4' ],
6036 silly audit   'unique-filename': [ '4.0.0' ],
6036 silly audit   'env-paths': [ '2.2.1' ],
6036 silly audit   'exponential-backoff': [ '3.1.3' ],
6036 silly audit   'make-fetch-happen': [ '14.0.3' ],
6036 silly audit   nopt: [ '8.1.0' ],
6036 silly audit   '@npmcli/agent': [ '3.0.0' ],
6036 silly audit   'http-cache-semantics': [ '4.2.0' ],
6036 silly audit   'minipass-fetch': [ '4.0.1' ],
6036 silly audit   'http-proxy-agent': [ '7.0.2' ],
6036 silly audit   'socks-proxy-agent': [ '8.0.5' ],
6036 silly audit   encoding: [ '0.1.13' ],
6036 silly audit   'minipass-sized': [ '1.0.3' ],
6036 silly audit   minizlib: [ '3.1.0', '2.1.2' ],
6036 silly audit   abbrev: [ '3.0.1' ],
6036 silly audit   'ignore-walk': [ '8.0.0' ],
6036 silly audit   'npm-install-checks': [ '7.1.2' ],
6036 silly audit   '@npmcli/redact': [ '3.2.2' ],
6036 silly audit   jsonparse: [ '1.3.1' ],
6036 silly audit   callsites: [ '3.1.0' ],
6036 silly audit   'error-ex': [ '1.3.4' ],
6036 silly audit   'lines-and-columns': [ '1.2.4' ],
6036 silly audit   'is-arrayish': [ '0.2.1' ],
6036 silly audit   'parse5-sax-parser': [ '8.0.0' ],
6036 silly audit   '@napi-rs/nice': [ '1.1.1' ],
6036 silly audit   '@napi-rs/nice-android-arm-eabi': [ '1.1.1' ],
6036 silly audit   '@napi-rs/nice-android-arm64': [ '1.1.1' ],
6036 silly audit   '@napi-rs/nice-darwin-arm64': [ '1.1.1' ],
6036 silly audit   '@napi-rs/nice-darwin-x64': [ '1.1.1' ],
6036 silly audit   '@napi-rs/nice-freebsd-x64': [ '1.1.1' ],
6036 silly audit   '@napi-rs/nice-linux-arm-gnueabihf': [ '1.1.1' ],
6036 silly audit   '@napi-rs/nice-linux-arm64-gnu': [ '1.1.1' ],
6036 silly audit   '@napi-rs/nice-linux-arm64-musl': [ '1.1.1' ],
6036 silly audit   '@napi-rs/nice-linux-ppc64-gnu': [ '1.1.1' ],
6036 silly audit   '@napi-rs/nice-linux-riscv64-gnu': [ '1.1.1' ],
6036 silly audit   '@napi-rs/nice-linux-s390x-gnu': [ '1.1.1' ],
6036 silly audit   '@napi-rs/nice-linux-x64-gnu': [ '1.1.1' ],
6036 silly audit   '@napi-rs/nice-linux-x64-musl': [ '1.1.1' ],
6036 silly audit   '@napi-rs/nice-openharmony-arm64': [ '1.1.1' ],
6036 silly audit   '@napi-rs/nice-win32-arm64-msvc': [ '1.1.1' ],
6036 silly audit   '@napi-rs/nice-win32-ia32-msvc': [ '1.1.1' ],
6036 silly audit   '@napi-rs/nice-win32-x64-msvc': [ '1.1.1' ],
6036 silly audit   nanoid: [ '3.3.11' ],
6036 silly audit   'source-map-js': [ '1.2.1' ],
6036 silly audit   jiti: [ '1.21.7' ],
6036 silly audit   cssesc: [ '3.0.0' ],
6036 silly audit   'util-deprecate': [ '1.0.2' ],
6036 silly audit   '@primeuix/styles': [ '1.2.5' ],
6036 silly audit   'err-code': [ '2.0.3' ],
6036 silly audit   retry: [ '0.12.0', '0.13.1' ],
6036 silly audit   forwarded: [ '0.2.0' ],
6036 silly audit   'ipaddr.js': [ '1.9.1', '2.3.0' ],
6036 silly audit   'side-channel': [ '1.1.0' ],
6036 silly audit   parchment: [ '3.0.0' ],
6036 silly audit   'quill-delta': [ '5.1.0' ],
6036 silly audit   'fast-diff': [ '1.3.0' ],
6036 silly audit   'lodash.clonedeep': [ '4.5.0' ],
6036 silly audit   'lodash.isequal': [ '4.5.0' ],
6036 silly audit   unpipe: [ '1.0.0' ],
6036 silly audit   regenerate: [ '1.4.2' ],
6036 silly audit   'regenerate-unicode-properties': [ '10.2.2' ],
6036 silly audit   regjsgen: [ '0.8.0' ],
6036 silly audit   regjsparser: [ '0.13.0' ],
6036 silly audit   'unicode-match-property-ecmascript': [ '2.0.0' ],
6036 silly audit   'unicode-match-property-value-ecmascript': [ '2.2.1' ],
6036 silly audit   'is-core-module': [ '2.16.1' ],
6036 silly audit   'path-parse': [ '1.0.7' ],
6036 silly audit   'supports-preserve-symlinks-flag': [ '1.0.0' ],
6036 silly audit   'adjust-sourcemap-loader': [ '4.0.0' ],
6036 silly audit   'regex-parser': [ '2.3.1' ],
6036 silly audit   onetime: [ '7.0.0', '5.1.2' ],
6036 silly audit   'mimic-function': [ '5.0.1' ],
6036 silly audit   '@oxc-project/types': [ '0.89.0' ],
6036 silly audit   '@rolldown/binding-android-arm64': [ '1.0.0-beta.38' ],
6036 silly audit   '@rolldown/binding-darwin-arm64': [ '1.0.0-beta.38' ],
6036 silly audit   '@rolldown/binding-darwin-x64': [ '1.0.0-beta.38' ],
6036 silly audit   '@rolldown/binding-freebsd-x64': [ '1.0.0-beta.38' ],
6036 silly audit   '@rolldown/binding-linux-arm-gnueabihf': [ '1.0.0-beta.38' ],
6036 silly audit   '@rolldown/binding-linux-arm64-gnu': [ '1.0.0-beta.38' ],
6036 silly audit   '@rolldown/binding-linux-arm64-musl': [ '1.0.0-beta.38' ],
6036 silly audit   '@rolldown/binding-linux-x64-gnu': [ '1.0.0-beta.38' ],
6036 silly audit   '@rolldown/binding-linux-x64-musl': [ '1.0.0-beta.38' ],
6036 silly audit   '@rolldown/binding-openharmony-arm64': [ '1.0.0-beta.38' ],
6036 silly audit   '@rolldown/binding-wasm32-wasi': [ '1.0.0-beta.38' ],
6036 silly audit   '@rolldown/binding-win32-arm64-msvc': [ '1.0.0-beta.38' ],
6036 silly audit   '@rolldown/binding-win32-ia32-msvc': [ '1.0.0-beta.38' ],
6036 silly audit   '@rolldown/binding-win32-x64-msvc': [ '1.0.0-beta.38' ],
6036 silly audit   '@rolldown/pluginutils': [ '1.0.0-beta.38' ],
6036 silly audit   ansis: [ '4.2.0' ],
6036 silly audit   '@napi-rs/wasm-runtime': [ '1.1.1' ],
6036 silly audit   '@emnapi/core': [ '1.8.1' ],
6036 silly audit   '@emnapi/runtime': [ '1.8.1' ],
6036 silly audit   '@tybys/wasm-util': [ '0.10.1' ],
6036 silly audit   '@emnapi/wasi-threads': [ '1.1.0' ],
6036 silly audit   'is-promise': [ '4.0.0' ],
6036 silly audit   'path-to-regexp': [ '8.3.0', '0.1.12' ],
6036 silly audit   'queue-microtask': [ '1.2.3' ],
6036 silly audit   'is-regex': [ '1.2.1' ],
6036 silly audit   'has-tostringtag': [ '1.0.2' ],
6036 silly audit   '@parcel/watcher': [ '2.5.6' ],
6036 silly audit   immutable: [ '5.1.4' ],
6036 silly audit   '@parcel/watcher-android-arm64': [ '2.5.6' ],
6036 silly audit   '@parcel/watcher-darwin-arm64': [ '2.5.6' ],
6036 silly audit   '@parcel/watcher-darwin-x64': [ '2.5.6' ],
6036 silly audit   '@parcel/watcher-freebsd-x64': [ '2.5.6' ],
6036 silly audit   '@parcel/watcher-linux-arm-glibc': [ '2.5.6' ],
6036 silly audit   '@parcel/watcher-linux-arm-musl': [ '2.5.6' ],
6036 silly audit   '@parcel/watcher-linux-arm64-glibc': [ '2.5.6' ],
6036 silly audit   '@parcel/watcher-linux-arm64-musl': [ '2.5.6' ],
6036 silly audit   '@parcel/watcher-linux-x64-glibc': [ '2.5.6' ],
6036 silly audit   '@parcel/watcher-linux-x64-musl': [ '2.5.6' ],
6036 silly audit   '@parcel/watcher-win32-arm64': [ '2.5.6' ],
6036 silly audit   '@parcel/watcher-win32-ia32': [ '2.5.6' ],
6036 silly audit   '@parcel/watcher-win32-x64': [ '2.5.6' ],
6036 silly audit   'neo-async': [ '2.6.2' ],
6036 silly audit   '@types/json-schema': [ '7.0.15' ],
6036 silly audit   'ajv-keywords': [ '5.1.0' ],
6036 silly audit   randombytes: [ '2.1.0' ],
6036 silly audit   'safe-buffer': [ '5.2.1', '5.1.2' ],
6036 silly audit   'shebang-regex': [ '3.0.0' ],
6036 silly audit   'object-inspect': [ '1.13.4' ],
6036 silly audit   'side-channel-list': [ '1.0.0' ],
6036 silly audit   'side-channel-map': [ '1.0.1' ],
6036 silly audit   'side-channel-weakmap': [ '1.0.2' ],
6036 silly audit   '@sigstore/bundle': [ '3.1.0' ],
6036 silly audit   '@sigstore/core': [ '2.0.0' ],
6036 silly audit   '@sigstore/protobuf-specs': [ '0.4.3' ],
6036 silly audit   '@sigstore/sign': [ '3.1.0' ],
6036 silly audit   '@sigstore/tuf': [ '3.1.1' ],
6036 silly audit   '@sigstore/verify': [ '2.1.1' ],
6036 silly audit   'tuf-js': [ '3.1.0' ],
6036 silly audit   'ansi-styles': [ '6.2.3', '4.3.0' ],
6036 silly audit   'is-fullwidth-code-point': [ '4.0.0', '3.0.0', '5.1.0' ],
6036 silly audit   base64id: [ '2.0.0' ],
6036 silly audit   'engine.io': [ '6.6.5' ],
6036 silly audit   'socket.io-adapter': [ '2.5.6' ],
6036 silly audit   'socket.io-parser': [ '4.2.5' ],
6036 silly audit   '@types/cors': [ '2.8.19' ],
6036 silly audit   'engine.io-parser': [ '5.2.3' ],
6036 silly audit   ws: [ '8.18.3' ],
6036 silly audit   '@socket.io/component-emitter': [ '3.1.2' ],
6036 silly audit   socks: [ '2.8.7' ],
6036 silly audit   'ip-address': [ '10.1.0' ],
6036 silly audit   'smart-buffer': [ '4.2.0' ],
6036 silly audit   'buffer-from': [ '1.1.2' ],
6036 silly audit   eastasianwidth: [ '0.2.0' ],
6036 silly audit   'emoji-regex': [ '9.2.2', '8.0.0', '10.6.0' ],
6036 silly audit   'ansi-regex': [ '6.2.2', '5.0.1' ],
6036 silly audit   'has-flag': [ '4.0.0' ],
6036 silly audit   '@alloc/quick-lru': [ '5.2.0' ],
6036 silly audit   arg: [ '5.0.2' ],
6036 silly audit   didyoumean: [ '1.2.2' ],
6036 silly audit   dlv: [ '1.1.3' ],
6036 silly audit   lilconfig: [ '3.1.3' ],
6036 silly audit   'object-hash': [ '3.0.0' ],
6036 silly audit   'postcss-import': [ '15.1.0' ],
6036 silly audit   'postcss-js': [ '4.1.0' ],
6036 silly audit   'postcss-load-config': [ '4.0.2' ],
6036 silly audit   'postcss-nested': [ '6.2.0' ],
6036 silly audit   sucrase: [ '3.35.1' ],
6036 silly audit   'read-cache': [ '1.0.0' ],
6036 silly audit   'camelcase-css': [ '2.0.1' ],
6036 silly audit   yaml: [ '2.8.2' ],
6036 silly audit   pify: [ '2.3.0', '4.0.1' ],
6036 silly audit   commander: [ '4.1.1', '2.20.3' ],
6036 silly audit   mz: [ '2.7.0' ],
6036 silly audit   pirates: [ '4.0.7' ],
6036 silly audit   'ts-interface-checker': [ '0.1.13' ],
6036 silly audit   'any-promise': [ '1.3.0' ],
6036 silly audit   'thenify-all': [ '1.6.0' ],
6036 silly audit   chownr: [ '2.0.0', '3.0.0' ],
6036 silly audit   '@jridgewell/source-map': [ '0.3.11' ],
6036 silly audit   acorn: [ '8.15.0' ],
6036 silly audit   thenify: [ '3.3.1' ],
6036 silly audit   fdir: [ '6.5.0' ],
6036 silly audit   'is-number': [ '7.0.0' ],
6036 silly audit   '@tufjs/models': [ '3.0.1' ],
6036 silly audit   '@tufjs/canonical-json': [ '2.0.0' ],
6036 silly audit   'media-typer': [ '1.1.0', '0.3.0' ],
6036 silly audit   'unicode-canonical-property-names-ecmascript': [ '2.0.1' ],
6036 silly audit   'unicode-property-aliases-ecmascript': [ '2.2.0' ],
6036 silly audit   'unique-slug': [ '5.0.0' ],
6036 silly audit   imurmurhash: [ '0.1.4' ],
6036 silly audit   escalade: [ '3.2.0' ],
6036 silly audit   'spdx-correct': [ '3.2.0' ],
6036 silly audit   'spdx-expression-parse': [ '3.0.1' ],
6036 silly audit   'spdx-license-ids': [ '3.0.22' ],
6036 silly audit   'spdx-exceptions': [ '2.5.0' ],
6036 silly audit   fsevents: [ '2.3.3' ],
6036 silly audit   rollup: [ '4.56.0' ],
6036 silly audit   '@rollup/rollup-android-arm-eabi': [ '4.56.0' ],
6036 silly audit   '@rollup/rollup-android-arm64': [ '4.56.0' ],
6036 silly audit   '@rollup/rollup-darwin-arm64': [ '4.56.0' ],
6036 silly audit   '@rollup/rollup-darwin-x64': [ '4.56.0' ],
6036 silly audit   '@rollup/rollup-freebsd-arm64': [ '4.56.0' ],
6036 silly audit   '@rollup/rollup-freebsd-x64': [ '4.56.0' ],
6036 silly audit   '@rollup/rollup-linux-arm-gnueabihf': [ '4.56.0' ],
6036 silly audit   '@rollup/rollup-linux-arm-musleabihf': [ '4.56.0' ],
6036 silly audit   '@rollup/rollup-linux-arm64-gnu': [ '4.56.0' ],
6036 silly audit   '@rollup/rollup-linux-arm64-musl': [ '4.56.0' ],
6036 silly audit   '@rollup/rollup-linux-loong64-gnu': [ '4.56.0' ],
6036 silly audit   '@rollup/rollup-linux-loong64-musl': [ '4.56.0' ],
6036 silly audit   '@rollup/rollup-linux-ppc64-gnu': [ '4.56.0' ],
6036 silly audit   '@rollup/rollup-linux-ppc64-musl': [ '4.56.0' ],
6036 silly audit   '@rollup/rollup-linux-riscv64-gnu': [ '4.56.0' ],
6036 silly audit   '@rollup/rollup-linux-riscv64-musl': [ '4.56.0' ],
6036 silly audit   '@rollup/rollup-linux-s390x-gnu': [ '4.56.0' ],
6036 silly audit   '@rollup/rollup-linux-x64-gnu': [ '4.56.0' ],
6036 silly audit   '@rollup/rollup-linux-x64-musl': [ '4.56.0' ],
6036 silly audit   '@rollup/rollup-openbsd-x64': [ '4.56.0' ],
6036 silly audit   '@rollup/rollup-openharmony-arm64': [ '4.56.0' ],
6036 silly audit   '@rollup/rollup-win32-arm64-msvc': [ '4.56.0' ],
6036 silly audit   '@rollup/rollup-win32-ia32-msvc': [ '4.56.0' ],
6036 silly audit   '@rollup/rollup-win32-x64-gnu': [ '4.56.0' ],
6036 silly audit   '@rollup/rollup-win32-x64-msvc': [ '4.56.0' ],
6036 silly audit   '@types/estree': [ '1.0.8' ],
6036 silly audit   'glob-to-regexp': [ '0.4.1' ],
6036 silly audit   '@types/eslint-scope': [ '3.7.7' ],
6036 silly audit   '@webassemblyjs/ast': [ '1.14.1' ],
6036 silly audit   '@webassemblyjs/wasm-edit': [ '1.14.1' ],
6036 silly audit   '@webassemblyjs/wasm-parser': [ '1.14.1' ],
6036 silly audit   'acorn-import-phases': [ '1.0.4' ],
6036 silly audit   'chrome-trace-event': [ '1.0.4' ],
6036 silly audit   'enhanced-resolve': [ '5.18.4' ],
6036 silly audit   'es-module-lexer': [ '1.7.0' ],
6036 silly audit   'eslint-scope': [ '5.1.1' ],
6036 silly audit   events: [ '3.3.0' ],
6036 silly audit   'loader-runner': [ '4.3.1' ],
6036 silly audit   'terser-webpack-plugin': [ '5.3.16' ],
6036 silly audit   '@types/eslint': [ '9.6.1' ],
6036 silly audit   '@webassemblyjs/helper-numbers': [ '1.13.2' ],
6036 silly audit   '@webassemblyjs/helper-wasm-bytecode': [ '1.13.2' ],
6036 silly audit   '@webassemblyjs/floating-point-hex-parser': [ '1.13.2' ],
6036 silly audit   '@webassemblyjs/helper-api-error': [ '1.13.2' ],
6036 silly audit   '@xtuc/long': [ '4.2.2' ],
6036 silly audit   '@webassemblyjs/helper-buffer': [ '1.14.1' ],
6036 silly audit   '@webassemblyjs/helper-wasm-section': [ '1.14.1' ],
6036 silly audit   '@webassemblyjs/wasm-gen': [ '1.14.1' ],
6036 silly audit   '@webassemblyjs/wasm-opt': [ '1.14.1' ],
6036 silly audit   '@webassemblyjs/wast-printer': [ '1.14.1' ],
6036 silly audit   '@webassemblyjs/ieee754': [ '1.13.2' ],
6036 silly audit   '@webassemblyjs/leb128': [ '1.13.2' ],
6036 silly audit   '@webassemblyjs/utf8': [ '1.13.2' ],
6036 silly audit   '@xtuc/ieee754': [ '1.2.0' ],
6036 silly audit   esrecurse: [ '4.3.0' ],
6036 silly audit   estraverse: [ '4.3.0', '5.3.0' ],
6036 silly audit   'jest-worker': [ '27.5.1' ],
6036 silly audit   'merge-stream': [ '2.0.0' ],
6036 silly audit   memfs: [ '4.56.10' ],
6036 silly audit   '@jsonjoy.com/fs-core': [ '4.56.10' ],
6036 silly audit   '@jsonjoy.com/fs-fsa': [ '4.56.10' ],
6036 silly audit   '@jsonjoy.com/fs-node': [ '4.56.10' ],
6036 silly audit   '@jsonjoy.com/fs-node-builtins': [ '4.56.10' ],
6036 silly audit   '@jsonjoy.com/fs-node-to-fsa': [ '4.56.10' ],
6036 silly audit   '@jsonjoy.com/fs-node-utils': [ '4.56.10' ],
6036 silly audit   '@jsonjoy.com/fs-print': [ '4.56.10' ],
6036 silly audit   '@jsonjoy.com/fs-snapshot': [ '4.56.10' ],
6036 silly audit   '@jsonjoy.com/json-pack': [ '1.21.0', '17.65.0' ],
6036 silly audit   '@jsonjoy.com/util': [ '1.9.0', '17.65.0' ],
6036 silly audit   'glob-to-regex.js': [ '1.2.0' ],
6036 silly audit   thingies: [ '2.5.0' ],
6036 silly audit   'tree-dump': [ '1.1.0' ],
6036 silly audit   '@jsonjoy.com/buffers': [ '17.65.0', '1.2.1' ],
6036 silly audit   '@jsonjoy.com/base64': [ '1.1.2', '17.65.0' ],
6036 silly audit   '@jsonjoy.com/codegen': [ '1.0.0', '17.65.0' ],
6036 silly audit   '@jsonjoy.com/json-pointer': [ '1.0.2', '17.65.0' ],
6036 silly audit   hyperdyperid: [ '1.2.0' ],
6036 silly audit   '@types/bonjour': [ '3.5.13' ],
6036 silly audit   '@types/connect-history-api-fallback': [ '1.5.4' ],
6036 silly audit   '@types/express': [ '4.17.25' ],
6036 silly audit   '@types/express-serve-static-core': [ '4.19.8' ],
6036 silly audit   '@types/serve-index': [ '1.9.4' ],
6036 silly audit   '@types/serve-static': [ '1.15.10' ],
6036 silly audit   '@types/sockjs': [ '0.3.36' ],
6036 silly audit   '@types/ws': [ '8.18.1' ],
6036 silly audit   'ansi-html-community': [ '0.0.8' ],
6036 silly audit   'bonjour-service': [ '1.3.0' ],
6036 silly audit   compression: [ '1.8.1' ],
6036 silly audit   'connect-history-api-fallback': [ '2.0.0' ],
6036 silly audit   'launch-editor': [ '2.12.0' ],
6036 silly audit   'p-retry': [ '6.2.1' ],
6036 silly audit   selfsigned: [ '2.4.1' ],
6036 silly audit   'serve-index': [ '1.9.2' ],
6036 silly audit   sockjs: [ '0.3.24' ],
6036 silly audit   spdy: [ '4.0.2' ],
6036 silly audit   '@types/body-parser': [ '1.19.6' ],
6036 silly audit   '@types/qs': [ '6.14.0' ],
6036 silly audit   '@types/connect': [ '3.4.38' ],
6036 silly audit   '@types/range-parser': [ '1.2.7' ],
6036 silly audit   '@types/send': [ '1.2.1', '0.17.6' ],
6036 silly audit   '@types/http-errors': [ '2.0.5' ],
6036 silly audit   'multicast-dns': [ '7.2.5' ],
6036 silly audit   compressible: [ '2.0.18' ],
6036 silly audit   'on-headers': [ '1.1.0' ],
6036 silly audit   'shell-quote': [ '1.8.3' ],
6036 silly audit   'dns-packet': [ '5.6.1' ],
6036 silly audit   thunky: [ '1.1.0' ],
6036 silly audit   '@leichtgewicht/ip-codec': [ '2.0.5' ],
6036 silly audit   '@types/retry': [ '0.12.2' ],
6036 silly audit   'is-network-error': [ '1.3.0' ],
6036 silly audit   '@types/node-forge': [ '1.3.14' ],
6036 silly audit   'node-forge': [ '1.3.3' ],
6036 silly audit   batch: [ '0.6.1' ],
6036 silly audit   'faye-websocket': [ '0.11.4' ],
6036 silly audit   uuid: [ '8.3.2' ],
6036 silly audit   'websocket-driver': [ '0.7.4' ],
6036 silly audit   'handle-thing': [ '2.0.1' ],
6036 silly audit   'http-deceiver': [ '1.2.7' ],
6036 silly audit   'select-hose': [ '2.0.0' ],
6036 silly audit   'spdy-transport': [ '3.0.0' ],
6036 silly audit   'detect-node': [ '2.1.0' ],
6036 silly audit   'hpack.js': [ '2.1.6' ],
6036 silly audit   obuf: [ '1.1.2' ],
6036 silly audit   'readable-stream': [ '3.6.2', '2.3.8' ],
6036 silly audit   wbuf: [ '1.7.3' ],
6036 silly audit   string_decoder: [ '1.3.0', '1.1.1' ],
6036 silly audit   'minimalistic-assert': [ '1.0.1' ],
6036 silly audit   'clone-deep': [ '4.0.1' ],
6036 silly audit   flat: [ '5.0.2' ],
6036 silly audit   wildcard: [ '2.0.1' ],
6036 silly audit   'kind-of': [ '6.0.3' ],
6036 silly audit   'shallow-clone': [ '3.0.1' ],
6036 silly audit   'typed-assert': [ '1.0.9' ],
6036 silly audit   'http-parser-js': [ '0.5.10' ],
6036 silly audit   'websocket-extensions': [ '0.1.4' ],
6036 silly audit   isexe: [ '2.0.0', '3.1.1' ],
6036 silly audit   'is-wsl': [ '3.1.0' ],
6036 silly audit   cliui: [ '9.0.1', '7.0.4', '8.0.1' ],
6036 silly audit   'get-caller-file': [ '2.0.5' ],
6036 silly audit   y18n: [ '5.0.8' ],
6036 silly audit   'yargs-parser': [ '22.0.0', '20.2.9', '21.1.1' ],
6036 silly audit   bl: [ '4.1.0' ],
6036 silly audit   wcwidth: [ '1.0.1' ],
6036 silly audit   buffer: [ '5.7.1' ],
6036 silly audit   'base64-js': [ '1.5.1' ],
6036 silly audit   ieee754: [ '1.2.1' ],
6036 silly audit   defaults: [ '1.0.4' ],
6036 silly audit   clone: [ '1.0.4' ],
6036 silly audit   'color-convert': [ '2.0.1' ],
6036 silly audit   'color-name': [ '1.1.4' ],
6036 silly audit   'mimic-fn': [ '2.1.0' ],
6036 silly audit   'fast-json-stable-stringify': [ '2.1.0' ],
6036 silly audit   'uri-js': [ '4.4.1' ],
6036 silly audit   '@types/mime': [ '1.3.5' ],
6036 silly audit   'big.js': [ '5.2.2' ],
6036 silly audit   'emojis-list': [ '3.0.0' ],
6036 silly audit   '@isaacs/fs-minipass': [ '4.0.1' ],
6036 silly audit   'get-east-asian-width': [ '1.4.0' ],
6036 silly audit   isobject: [ '3.0.1' ],
6036 silly audit   'core-util-is': [ '1.0.3' ],
6036 silly audit   isarray: [ '1.0.0' ],
6036 silly audit   'process-nextick-args': [ '2.0.1' ],
6036 silly audit   '@isaacs/brace-expansion': [ '5.0.0' ],
6036 silly audit   '@isaacs/balanced-match': [ '4.0.1' ],
6036 silly audit   'concat-map': [ '0.0.1' ],
6036 silly audit   destroy: [ '1.2.0' ],
6036 silly audit   anymatch: [ '3.1.3' ],
6036 silly audit   'is-binary-path': [ '2.1.0' ],
6036 silly audit   'binary-extensions': [ '2.3.0' ],
6036 silly audit   'fs.realpath': [ '1.0.0' ],
6036 silly audit   inflight: [ '1.0.6' ],
6036 silly audit   'path-is-absolute': [ '1.0.1' ],
6036 silly audit   'require-directory': [ '2.1.1' ],
6036 silly audit   'array-flatten': [ '1.1.1' ],
6036 silly audit   methods: [ '1.1.2' ],
6036 silly audit   'is-plain-obj': [ '3.0.0' ]
6036 silly audit }
6037 verbose reify failed optional dependency /Users/jeph/Desktop/systems/swahili/business-card/business-card-front/node_modules/@rollup/rollup-win32-x64-msvc
6038 silly reify mark deleted [
6038 silly reify   '/Users/jeph/Desktop/systems/swahili/business-card/business-card-front/node_modules/@rollup/rollup-win32-x64-msvc'
6038 silly reify ]
6039 verbose reify failed optional dependency /Users/jeph/Desktop/systems/swahili/business-card/business-card-front/node_modules/@rollup/rollup-win32-x64-gnu
6040 silly reify mark deleted [
6040 silly reify   '/Users/jeph/Desktop/systems/swahili/business-card/business-card-front/node_modules/@rollup/rollup-win32-x64-gnu'
6040 silly reify ]
6041 verbose reify failed optional dependency /Users/jeph/Desktop/systems/swahili/business-card/business-card-front/node_modules/@rollup/rollup-win32-ia32-msvc
6042 silly reify mark deleted [
6042 silly reify   '/Users/jeph/Desktop/systems/swahili/business-card/business-card-front/node_modules/@rollup/rollup-win32-ia32-msvc'
6042 silly reify ]
6043 verbose reify failed optional dependency /Users/jeph/Desktop/systems/swahili/business-card/business-card-front/node_modules/@rollup/rollup-win32-arm64-msvc
6044 silly reify mark deleted [
6044 silly reify   '/Users/jeph/Desktop/systems/swahili/business-card/business-card-front/node_modules/@rollup/rollup-win32-arm64-msvc'
6044 silly reify ]
6045 verbose reify failed optional dependency /Users/jeph/Desktop/systems/swahili/business-card/business-card-front/node_modules/@rollup/rollup-openharmony-arm64
6046 silly reify mark deleted [
6046 silly reify   '/Users/jeph/Desktop/systems/swahili/business-card/business-card-front/node_modules/@rollup/rollup-openharmony-arm64'
6046 silly reify ]
6047 verbose reify failed optional dependency /Users/jeph/Desktop/systems/swahili/business-card/business-card-front/node_modules/@rollup/rollup-openbsd-x64
6048 silly reify mark deleted [
6048 silly reify   '/Users/jeph/Desktop/systems/swahili/business-card/business-card-front/node_modules/@rollup/rollup-openbsd-x64'
6048 silly reify ]
6049 verbose reify failed optional dependency /Users/jeph/Desktop/systems/swahili/business-card/business-card-front/node_modules/@rollup/rollup-linux-x64-musl
6050 silly reify mark deleted [
6050 silly reify   '/Users/jeph/Desktop/systems/swahili/business-card/business-card-front/node_modules/@rollup/rollup-linux-x64-musl'
6050 silly reify ]
6051 verbose reify failed optional dependency /Users/jeph/Desktop/systems/swahili/business-card/business-card-front/node_modules/@rollup/rollup-linux-x64-gnu
6052 silly reify mark deleted [
6052 silly reify   '/Users/jeph/Desktop/systems/swahili/business-card/business-card-front/node_modules/@rollup/rollup-linux-x64-gnu'
6052 silly reify ]
6053 verbose reify failed optional dependency /Users/jeph/Desktop/systems/swahili/business-card/business-card-front/node_modules/@rollup/rollup-linux-s390x-gnu
6054 silly reify mark deleted [
6054 silly reify   '/Users/jeph/Desktop/systems/swahili/business-card/business-card-front/node_modules/@rollup/rollup-linux-s390x-gnu'
6054 silly reify ]
6055 verbose reify failed optional dependency /Users/jeph/Desktop/systems/swahili/business-card/business-card-front/node_modules/@rollup/rollup-linux-riscv64-musl
6056 silly reify mark deleted [
6056 silly reify   '/Users/jeph/Desktop/systems/swahili/business-card/business-card-front/node_modules/@rollup/rollup-linux-riscv64-musl'
6056 silly reify ]
6057 verbose reify failed optional dependency /Users/jeph/Desktop/systems/swahili/business-card/business-card-front/node_modules/@rollup/rollup-linux-riscv64-gnu
6058 silly reify mark deleted [
6058 silly reify   '/Users/jeph/Desktop/systems/swahili/business-card/business-card-front/node_modules/@rollup/rollup-linux-riscv64-gnu'
6058 silly reify ]
6059 verbose reify failed optional dependency /Users/jeph/Desktop/systems/swahili/business-card/business-card-front/node_modules/@rollup/rollup-linux-ppc64-musl
6060 silly reify mark deleted [
6060 silly reify   '/Users/jeph/Desktop/systems/swahili/business-card/business-card-front/node_modules/@rollup/rollup-linux-ppc64-musl'
6060 silly reify ]
6061 verbose reify failed optional dependency /Users/jeph/Desktop/systems/swahili/business-card/business-card-front/node_modules/@rollup/rollup-linux-ppc64-gnu
6062 silly reify mark deleted [
6062 silly reify   '/Users/jeph/Desktop/systems/swahili/business-card/business-card-front/node_modules/@rollup/rollup-linux-ppc64-gnu'
6062 silly reify ]
6063 verbose reify failed optional dependency /Users/jeph/Desktop/systems/swahili/business-card/business-card-front/node_modules/@rollup/rollup-linux-loong64-musl
6064 silly reify mark deleted [
6064 silly reify   '/Users/jeph/Desktop/systems/swahili/business-card/business-card-front/node_modules/@rollup/rollup-linux-loong64-musl'
6064 silly reify ]
6065 verbose reify failed optional dependency /Users/jeph/Desktop/systems/swahili/business-card/business-card-front/node_modules/@rollup/rollup-linux-loong64-gnu
6066 silly reify mark deleted [
6066 silly reify   '/Users/jeph/Desktop/systems/swahili/business-card/business-card-front/node_modules/@rollup/rollup-linux-loong64-gnu'
6066 silly reify ]
6067 verbose reify failed optional dependency /Users/jeph/Desktop/systems/swahili/business-card/business-card-front/node_modules/@rollup/rollup-linux-arm64-musl
6068 silly reify mark deleted [
6068 silly reify   '/Users/jeph/Desktop/systems/swahili/business-card/business-card-front/node_modules/@rollup/rollup-linux-arm64-musl'
6068 silly reify ]
6069 verbose reify failed optional dependency /Users/jeph/Desktop/systems/swahili/business-card/business-card-front/node_modules/@rollup/rollup-linux-arm64-gnu
6070 silly reify mark deleted [
6070 silly reify   '/Users/jeph/Desktop/systems/swahili/business-card/business-card-front/node_modules/@rollup/rollup-linux-arm64-gnu'
6070 silly reify ]
6071 verbose reify failed optional dependency /Users/jeph/Desktop/systems/swahili/business-card/business-card-front/node_modules/@rollup/rollup-linux-arm-musleabihf
6072 silly reify mark deleted [
6072 silly reify   '/Users/jeph/Desktop/systems/swahili/business-card/business-card-front/node_modules/@rollup/rollup-linux-arm-musleabihf'
6072 silly reify ]
6073 verbose reify failed optional dependency /Users/jeph/Desktop/systems/swahili/business-card/business-card-front/node_modules/@rollup/rollup-linux-arm-gnueabihf
6074 silly reify mark deleted [
6074 silly reify   '/Users/jeph/Desktop/systems/swahili/business-card/business-card-front/node_modules/@rollup/rollup-linux-arm-gnueabihf'
6074 silly reify ]
6075 verbose reify failed optional dependency /Users/jeph/Desktop/systems/swahili/business-card/business-card-front/node_modules/@rollup/rollup-freebsd-x64
6076 silly reify mark deleted [
6076 silly reify   '/Users/jeph/Desktop/systems/swahili/business-card/business-card-front/node_modules/@rollup/rollup-freebsd-x64'
6076 silly reify ]
6077 verbose reify failed optional dependency /Users/jeph/Desktop/systems/swahili/business-card/business-card-front/node_modules/@rollup/rollup-freebsd-arm64
6078 silly reify mark deleted [
6078 silly reify   '/Users/jeph/Desktop/systems/swahili/business-card/business-card-front/node_modules/@rollup/rollup-freebsd-arm64'
6078 silly reify ]
6079 verbose reify failed optional dependency /Users/jeph/Desktop/systems/swahili/business-card/business-card-front/node_modules/@rollup/rollup-darwin-x64
6080 silly reify mark deleted [
6080 silly reify   '/Users/jeph/Desktop/systems/swahili/business-card/business-card-front/node_modules/@rollup/rollup-darwin-x64'
6080 silly reify ]
6081 verbose reify failed optional dependency /Users/jeph/Desktop/systems/swahili/business-card/business-card-front/node_modules/@rollup/rollup-android-arm64
6082 silly reify mark deleted [
6082 silly reify   '/Users/jeph/Desktop/systems/swahili/business-card/business-card-front/node_modules/@rollup/rollup-android-arm64'
6082 silly reify ]
6083 verbose reify failed optional dependency /Users/jeph/Desktop/systems/swahili/business-card/business-card-front/node_modules/@rollup/rollup-android-arm-eabi
6084 silly reify mark deleted [
6084 silly reify   '/Users/jeph/Desktop/systems/swahili/business-card/business-card-front/node_modules/@rollup/rollup-android-arm-eabi'
6084 silly reify ]
6085 verbose reify failed optional dependency /Users/jeph/Desktop/systems/swahili/business-card/business-card-front/node_modules/@parcel/watcher-win32-x64
6086 silly reify mark deleted [
6086 silly reify   '/Users/jeph/Desktop/systems/swahili/business-card/business-card-front/node_modules/@parcel/watcher-win32-x64'
6086 silly reify ]
6087 verbose reify failed optional dependency /Users/jeph/Desktop/systems/swahili/business-card/business-card-front/node_modules/@parcel/watcher-win32-ia32
6088 silly reify mark deleted [
6088 silly reify   '/Users/jeph/Desktop/systems/swahili/business-card/business-card-front/node_modules/@parcel/watcher-win32-ia32'
6088 silly reify ]
6089 verbose reify failed optional dependency /Users/jeph/Desktop/systems/swahili/business-card/business-card-front/node_modules/@parcel/watcher-win32-arm64
6090 silly reify mark deleted [
6090 silly reify   '/Users/jeph/Desktop/systems/swahili/business-card/business-card-front/node_modules/@parcel/watcher-win32-arm64'
6090 silly reify ]
6091 verbose reify failed optional dependency /Users/jeph/Desktop/systems/swahili/business-card/business-card-front/node_modules/@parcel/watcher-linux-x64-musl
6092 silly reify mark deleted [
6092 silly reify   '/Users/jeph/Desktop/systems/swahili/business-card/business-card-front/node_modules/@parcel/watcher-linux-x64-musl'
6092 silly reify ]
6093 verbose reify failed optional dependency /Users/jeph/Desktop/systems/swahili/business-card/business-card-front/node_modules/@parcel/watcher-linux-x64-glibc
6094 silly reify mark deleted [
6094 silly reify   '/Users/jeph/Desktop/systems/swahili/business-card/business-card-front/node_modules/@parcel/watcher-linux-x64-glibc'
6094 silly reify ]
6095 verbose reify failed optional dependency /Users/jeph/Desktop/systems/swahili/business-card/business-card-front/node_modules/@parcel/watcher-linux-arm64-musl
6096 silly reify mark deleted [
6096 silly reify   '/Users/jeph/Desktop/systems/swahili/business-card/business-card-front/node_modules/@parcel/watcher-linux-arm64-musl'
6096 silly reify ]
6097 verbose reify failed optional dependency /Users/jeph/Desktop/systems/swahili/business-card/business-card-front/node_modules/@parcel/watcher-linux-arm64-glibc
6098 silly reify mark deleted [
6098 silly reify   '/Users/jeph/Desktop/systems/swahili/business-card/business-card-front/node_modules/@parcel/watcher-linux-arm64-glibc'
6098 silly reify ]
6099 verbose reify failed optional dependency /Users/jeph/Desktop/systems/swahili/business-card/business-card-front/node_modules/@parcel/watcher-linux-arm-musl
6100 silly reify mark deleted [
6100 silly reify   '/Users/jeph/Desktop/systems/swahili/business-card/business-card-front/node_modules/@parcel/watcher-linux-arm-musl'
6100 silly reify ]
6101 verbose reify failed optional dependency /Users/jeph/Desktop/systems/swahili/business-card/business-card-front/node_modules/@parcel/watcher-linux-arm-glibc
6102 silly reify mark deleted [
6102 silly reify   '/Users/jeph/Desktop/systems/swahili/business-card/business-card-front/node_modules/@parcel/watcher-linux-arm-glibc'
6102 silly reify ]
6103 verbose reify failed optional dependency /Users/jeph/Desktop/systems/swahili/business-card/business-card-front/node_modules/@parcel/watcher-freebsd-x64
6104 silly reify mark deleted [
6104 silly reify   '/Users/jeph/Desktop/systems/swahili/business-card/business-card-front/node_modules/@parcel/watcher-freebsd-x64'
6104 silly reify ]
6105 verbose reify failed optional dependency /Users/jeph/Desktop/systems/swahili/business-card/business-card-front/node_modules/@parcel/watcher-darwin-x64
6106 silly reify mark deleted [
6106 silly reify   '/Users/jeph/Desktop/systems/swahili/business-card/business-card-front/node_modules/@parcel/watcher-darwin-x64'
6106 silly reify ]
6107 verbose reify failed optional dependency /Users/jeph/Desktop/systems/swahili/business-card/business-card-front/node_modules/@parcel/watcher-android-arm64
6108 silly reify mark deleted [
6108 silly reify   '/Users/jeph/Desktop/systems/swahili/business-card/business-card-front/node_modules/@parcel/watcher-android-arm64'
6108 silly reify ]
6109 verbose reify failed optional dependency /Users/jeph/Desktop/systems/swahili/business-card/business-card-front/node_modules/@rolldown/binding-win32-x64-msvc
6110 silly reify mark deleted [
6110 silly reify   '/Users/jeph/Desktop/systems/swahili/business-card/business-card-front/node_modules/@rolldown/binding-win32-x64-msvc'
6110 silly reify ]
6111 verbose reify failed optional dependency /Users/jeph/Desktop/systems/swahili/business-card/business-card-front/node_modules/@rolldown/binding-win32-ia32-msvc
6112 silly reify mark deleted [
6112 silly reify   '/Users/jeph/Desktop/systems/swahili/business-card/business-card-front/node_modules/@rolldown/binding-win32-ia32-msvc'
6112 silly reify ]
6113 verbose reify failed optional dependency /Users/jeph/Desktop/systems/swahili/business-card/business-card-front/node_modules/@rolldown/binding-win32-arm64-msvc
6114 silly reify mark deleted [
6114 silly reify   '/Users/jeph/Desktop/systems/swahili/business-card/business-card-front/node_modules/@rolldown/binding-win32-arm64-msvc'
6114 silly reify ]
6115 verbose reify failed optional dependency /Users/jeph/Desktop/systems/swahili/business-card/business-card-front/node_modules/@rolldown/binding-wasm32-wasi
6116 silly reify mark deleted [
6116 silly reify   '/Users/jeph/Desktop/systems/swahili/business-card/business-card-front/node_modules/@rolldown/binding-wasm32-wasi'
6116 silly reify ]
6117 verbose reify failed optional dependency /Users/jeph/Desktop/systems/swahili/business-card/business-card-front/node_modules/@napi-rs/wasm-runtime
6118 silly reify mark deleted [
6118 silly reify   '/Users/jeph/Desktop/systems/swahili/business-card/business-card-front/node_modules/@napi-rs/wasm-runtime'
6118 silly reify ]
6119 verbose reify failed optional dependency /Users/jeph/Desktop/systems/swahili/business-card/business-card-front/node_modules/@emnapi/core
6120 silly reify mark deleted [
6120 silly reify   '/Users/jeph/Desktop/systems/swahili/business-card/business-card-front/node_modules/@emnapi/core'
6120 silly reify ]
6121 verbose reify failed optional dependency /Users/jeph/Desktop/systems/swahili/business-card/business-card-front/node_modules/@emnapi/runtime
6122 silly reify mark deleted [
6122 silly reify   '/Users/jeph/Desktop/systems/swahili/business-card/business-card-front/node_modules/@emnapi/runtime'
6122 silly reify ]
6123 verbose reify failed optional dependency /Users/jeph/Desktop/systems/swahili/business-card/business-card-front/node_modules/@tybys/wasm-util
6124 silly reify mark deleted [
6124 silly reify   '/Users/jeph/Desktop/systems/swahili/business-card/business-card-front/node_modules/@tybys/wasm-util'
6124 silly reify ]
6125 verbose reify failed optional dependency /Users/jeph/Desktop/systems/swahili/business-card/business-card-front/node_modules/@emnapi/wasi-threads
6126 silly reify mark deleted [
6126 silly reify   '/Users/jeph/Desktop/systems/swahili/business-card/business-card-front/node_modules/@emnapi/wasi-threads'
6126 silly reify ]
6127 verbose reify failed optional dependency /Users/jeph/Desktop/systems/swahili/business-card/business-card-front/node_modules/@rolldown/binding-openharmony-arm64
6128 silly reify mark deleted [
6128 silly reify   '/Users/jeph/Desktop/systems/swahili/business-card/business-card-front/node_modules/@rolldown/binding-openharmony-arm64'
6128 silly reify ]
6129 verbose reify failed optional dependency /Users/jeph/Desktop/systems/swahili/business-card/business-card-front/node_modules/@rolldown/binding-linux-x64-musl
6130 silly reify mark deleted [
6130 silly reify   '/Users/jeph/Desktop/systems/swahili/business-card/business-card-front/node_modules/@rolldown/binding-linux-x64-musl'
6130 silly reify ]
6131 verbose reify failed optional dependency /Users/jeph/Desktop/systems/swahili/business-card/business-card-front/node_modules/@rolldown/binding-linux-x64-gnu
6132 silly reify mark deleted [
6132 silly reify   '/Users/jeph/Desktop/systems/swahili/business-card/business-card-front/node_modules/@rolldown/binding-linux-x64-gnu'
6132 silly reify ]
6133 verbose reify failed optional dependency /Users/jeph/Desktop/systems/swahili/business-card/business-card-front/node_modules/@rolldown/binding-linux-arm64-musl
6134 silly reify mark deleted [
6134 silly reify   '/Users/jeph/Desktop/systems/swahili/business-card/business-card-front/node_modules/@rolldown/binding-linux-arm64-musl'
6134 silly reify ]
6135 verbose reify failed optional dependency /Users/jeph/Desktop/systems/swahili/business-card/business-card-front/node_modules/@rolldown/binding-linux-arm64-gnu
6136 silly reify mark deleted [
6136 silly reify   '/Users/jeph/Desktop/systems/swahili/business-card/business-card-front/node_modules/@rolldown/binding-linux-arm64-gnu'
6136 silly reify ]
6137 verbose reify failed optional dependency /Users/jeph/Desktop/systems/swahili/business-card/business-card-front/node_modules/@rolldown/binding-linux-arm-gnueabihf
6138 silly reify mark deleted [
6138 silly reify   '/Users/jeph/Desktop/systems/swahili/business-card/business-card-front/node_modules/@rolldown/binding-linux-arm-gnueabihf'
6138 silly reify ]
6139 verbose reify failed optional dependency /Users/jeph/Desktop/systems/swahili/business-card/business-card-front/node_modules/@rolldown/binding-freebsd-x64
6140 silly reify mark deleted [
6140 silly reify   '/Users/jeph/Desktop/systems/swahili/business-card/business-card-front/node_modules/@rolldown/binding-freebsd-x64'
6140 silly reify ]
6141 verbose reify failed optional dependency /Users/jeph/Desktop/systems/swahili/business-card/business-card-front/node_modules/@rolldown/binding-darwin-x64
6142 silly reify mark deleted [
6142 silly reify   '/Users/jeph/Desktop/systems/swahili/business-card/business-card-front/node_modules/@rolldown/binding-darwin-x64'
6142 silly reify ]
6143 verbose reify failed optional dependency /Users/jeph/Desktop/systems/swahili/business-card/business-card-front/node_modules/@rolldown/binding-android-arm64
6144 silly reify mark deleted [
6144 silly reify   '/Users/jeph/Desktop/systems/swahili/business-card/business-card-front/node_modules/@rolldown/binding-android-arm64'
6144 silly reify ]
6145 verbose reify failed optional dependency /Users/jeph/Desktop/systems/swahili/business-card/business-card-front/node_modules/@napi-rs/nice-win32-x64-msvc
6146 silly reify mark deleted [
6146 silly reify   '/Users/jeph/Desktop/systems/swahili/business-card/business-card-front/node_modules/@napi-rs/nice-win32-x64-msvc'
6146 silly reify ]
6147 verbose reify failed optional dependency /Users/jeph/Desktop/systems/swahili/business-card/business-card-front/node_modules/@napi-rs/nice-win32-ia32-msvc
6148 silly reify mark deleted [
6148 silly reify   '/Users/jeph/Desktop/systems/swahili/business-card/business-card-front/node_modules/@napi-rs/nice-win32-ia32-msvc'
6148 silly reify ]
6149 verbose reify failed optional dependency /Users/jeph/Desktop/systems/swahili/business-card/business-card-front/node_modules/@napi-rs/nice-win32-arm64-msvc
6150 silly reify mark deleted [
6150 silly reify   '/Users/jeph/Desktop/systems/swahili/business-card/business-card-front/node_modules/@napi-rs/nice-win32-arm64-msvc'
6150 silly reify ]
6151 verbose reify failed optional dependency /Users/jeph/Desktop/systems/swahili/business-card/business-card-front/node_modules/@napi-rs/nice-openharmony-arm64
6152 silly reify mark deleted [
6152 silly reify   '/Users/jeph/Desktop/systems/swahili/business-card/business-card-front/node_modules/@napi-rs/nice-openharmony-arm64'
6152 silly reify ]
6153 verbose reify failed optional dependency /Users/jeph/Desktop/systems/swahili/business-card/business-card-front/node_modules/@napi-rs/nice-linux-x64-musl
6154 silly reify mark deleted [
6154 silly reify   '/Users/jeph/Desktop/systems/swahili/business-card/business-card-front/node_modules/@napi-rs/nice-linux-x64-musl'
6154 silly reify ]
6155 verbose reify failed optional dependency /Users/jeph/Desktop/systems/swahili/business-card/business-card-front/node_modules/@napi-rs/nice-linux-x64-gnu
6156 silly reify mark deleted [
6156 silly reify   '/Users/jeph/Desktop/systems/swahili/business-card/business-card-front/node_modules/@napi-rs/nice-linux-x64-gnu'
6156 silly reify ]
6157 verbose reify failed optional dependency /Users/jeph/Desktop/systems/swahili/business-card/business-card-front/node_modules/@napi-rs/nice-linux-s390x-gnu
6158 silly reify mark deleted [
6158 silly reify   '/Users/jeph/Desktop/systems/swahili/business-card/business-card-front/node_modules/@napi-rs/nice-linux-s390x-gnu'
6158 silly reify ]
6159 verbose reify failed optional dependency /Users/jeph/Desktop/systems/swahili/business-card/business-card-front/node_modules/@napi-rs/nice-linux-riscv64-gnu
6160 silly reify mark deleted [
6160 silly reify   '/Users/jeph/Desktop/systems/swahili/business-card/business-card-front/node_modules/@napi-rs/nice-linux-riscv64-gnu'
6160 silly reify ]
6161 verbose reify failed optional dependency /Users/jeph/Desktop/systems/swahili/business-card/business-card-front/node_modules/@napi-rs/nice-linux-ppc64-gnu
6162 silly reify mark deleted [
6162 silly reify   '/Users/jeph/Desktop/systems/swahili/business-card/business-card-front/node_modules/@napi-rs/nice-linux-ppc64-gnu'
6162 silly reify ]
6163 verbose reify failed optional dependency /Users/jeph/Desktop/systems/swahili/business-card/business-card-front/node_modules/@napi-rs/nice-linux-arm64-musl
6164 silly reify mark deleted [
6164 silly reify   '/Users/jeph/Desktop/systems/swahili/business-card/business-card-front/node_modules/@napi-rs/nice-linux-arm64-musl'
6164 silly reify ]
6165 verbose reify failed optional dependency /Users/jeph/Desktop/systems/swahili/business-card/business-card-front/node_modules/@napi-rs/nice-linux-arm64-gnu
6166 silly reify mark deleted [
6166 silly reify   '/Users/jeph/Desktop/systems/swahili/business-card/business-card-front/node_modules/@napi-rs/nice-linux-arm64-gnu'
6166 silly reify ]
6167 verbose reify failed optional dependency /Users/jeph/Desktop/systems/swahili/business-card/business-card-front/node_modules/@napi-rs/nice-linux-arm-gnueabihf
6168 silly reify mark deleted [
6168 silly reify   '/Users/jeph/Desktop/systems/swahili/business-card/business-card-front/node_modules/@napi-rs/nice-linux-arm-gnueabihf'
6168 silly reify ]
6169 verbose reify failed optional dependency /Users/jeph/Desktop/systems/swahili/business-card/business-card-front/node_modules/@napi-rs/nice-freebsd-x64
6170 silly reify mark deleted [
6170 silly reify   '/Users/jeph/Desktop/systems/swahili/business-card/business-card-front/node_modules/@napi-rs/nice-freebsd-x64'
6170 silly reify ]
6171 verbose reify failed optional dependency /Users/jeph/Desktop/systems/swahili/business-card/business-card-front/node_modules/@napi-rs/nice-darwin-x64
6172 silly reify mark deleted [
6172 silly reify   '/Users/jeph/Desktop/systems/swahili/business-card/business-card-front/node_modules/@napi-rs/nice-darwin-x64'
6172 silly reify ]
6173 verbose reify failed optional dependency /Users/jeph/Desktop/systems/swahili/business-card/business-card-front/node_modules/@napi-rs/nice-android-arm64
6174 silly reify mark deleted [
6174 silly reify   '/Users/jeph/Desktop/systems/swahili/business-card/business-card-front/node_modules/@napi-rs/nice-android-arm64'
6174 silly reify ]
6175 verbose reify failed optional dependency /Users/jeph/Desktop/systems/swahili/business-card/business-card-front/node_modules/@napi-rs/nice-android-arm-eabi
6176 silly reify mark deleted [
6176 silly reify   '/Users/jeph/Desktop/systems/swahili/business-card/business-card-front/node_modules/@napi-rs/nice-android-arm-eabi'
6176 silly reify ]
6177 verbose reify failed optional dependency /Users/jeph/Desktop/systems/swahili/business-card/business-card-front/node_modules/@msgpackr-extract/msgpackr-extract-win32-x64
6178 silly reify mark deleted [
6178 silly reify   '/Users/jeph/Desktop/systems/swahili/business-card/business-card-front/node_modules/@msgpackr-extract/msgpackr-extract-win32-x64'
6178 silly reify ]
6179 verbose reify failed optional dependency /Users/jeph/Desktop/systems/swahili/business-card/business-card-front/node_modules/@msgpackr-extract/msgpackr-extract-linux-x64
6180 silly reify mark deleted [
6180 silly reify   '/Users/jeph/Desktop/systems/swahili/business-card/business-card-front/node_modules/@msgpackr-extract/msgpackr-extract-linux-x64'
6180 silly reify ]
6181 verbose reify failed optional dependency /Users/jeph/Desktop/systems/swahili/business-card/business-card-front/node_modules/@msgpackr-extract/msgpackr-extract-linux-arm64
6182 silly reify mark deleted [
6182 silly reify   '/Users/jeph/Desktop/systems/swahili/business-card/business-card-front/node_modules/@msgpackr-extract/msgpackr-extract-linux-arm64'
6182 silly reify ]
6183 verbose reify failed optional dependency /Users/jeph/Desktop/systems/swahili/business-card/business-card-front/node_modules/@msgpackr-extract/msgpackr-extract-linux-arm
6184 silly reify mark deleted [
6184 silly reify   '/Users/jeph/Desktop/systems/swahili/business-card/business-card-front/node_modules/@msgpackr-extract/msgpackr-extract-linux-arm'
6184 silly reify ]
6185 verbose reify failed optional dependency /Users/jeph/Desktop/systems/swahili/business-card/business-card-front/node_modules/@msgpackr-extract/msgpackr-extract-darwin-x64
6186 silly reify mark deleted [
6186 silly reify   '/Users/jeph/Desktop/systems/swahili/business-card/business-card-front/node_modules/@msgpackr-extract/msgpackr-extract-darwin-x64'
6186 silly reify ]
6187 verbose reify failed optional dependency /Users/jeph/Desktop/systems/swahili/business-card/business-card-front/node_modules/@lmdb/lmdb-win32-x64
6188 silly reify mark deleted [
6188 silly reify   '/Users/jeph/Desktop/systems/swahili/business-card/business-card-front/node_modules/@lmdb/lmdb-win32-x64'
6188 silly reify ]
6189 verbose reify failed optional dependency /Users/jeph/Desktop/systems/swahili/business-card/business-card-front/node_modules/@lmdb/lmdb-win32-arm64
6190 silly reify mark deleted [
6190 silly reify   '/Users/jeph/Desktop/systems/swahili/business-card/business-card-front/node_modules/@lmdb/lmdb-win32-arm64'
6190 silly reify ]
6191 verbose reify failed optional dependency /Users/jeph/Desktop/systems/swahili/business-card/business-card-front/node_modules/@lmdb/lmdb-linux-x64
6192 silly reify mark deleted [
6192 silly reify   '/Users/jeph/Desktop/systems/swahili/business-card/business-card-front/node_modules/@lmdb/lmdb-linux-x64'
6192 silly reify ]
6193 verbose reify failed optional dependency /Users/jeph/Desktop/systems/swahili/business-card/business-card-front/node_modules/@lmdb/lmdb-linux-arm64
6194 silly reify mark deleted [
6194 silly reify   '/Users/jeph/Desktop/systems/swahili/business-card/business-card-front/node_modules/@lmdb/lmdb-linux-arm64'
6194 silly reify ]
6195 verbose reify failed optional dependency /Users/jeph/Desktop/systems/swahili/business-card/business-card-front/node_modules/@lmdb/lmdb-linux-arm
6196 silly reify mark deleted [
6196 silly reify   '/Users/jeph/Desktop/systems/swahili/business-card/business-card-front/node_modules/@lmdb/lmdb-linux-arm'
6196 silly reify ]
6197 verbose reify failed optional dependency /Users/jeph/Desktop/systems/swahili/business-card/business-card-front/node_modules/@lmdb/lmdb-darwin-x64
6198 silly reify mark deleted [
6198 silly reify   '/Users/jeph/Desktop/systems/swahili/business-card/business-card-front/node_modules/@lmdb/lmdb-darwin-x64'
6198 silly reify ]
6199 verbose reify failed optional dependency /Users/jeph/Desktop/systems/swahili/business-card/business-card-front/node_modules/@esbuild/win32-x64
6200 silly reify mark deleted [
6200 silly reify   '/Users/jeph/Desktop/systems/swahili/business-card/business-card-front/node_modules/@esbuild/win32-x64'
6200 silly reify ]
6201 verbose reify failed optional dependency /Users/jeph/Desktop/systems/swahili/business-card/business-card-front/node_modules/@esbuild/win32-ia32
6202 silly reify mark deleted [
6202 silly reify   '/Users/jeph/Desktop/systems/swahili/business-card/business-card-front/node_modules/@esbuild/win32-ia32'
6202 silly reify ]
6203 verbose reify failed optional dependency /Users/jeph/Desktop/systems/swahili/business-card/business-card-front/node_modules/@esbuild/win32-arm64
6204 silly reify mark deleted [
6204 silly reify   '/Users/jeph/Desktop/systems/swahili/business-card/business-card-front/node_modules/@esbuild/win32-arm64'
6204 silly reify ]
6205 verbose reify failed optional dependency /Users/jeph/Desktop/systems/swahili/business-card/business-card-front/node_modules/@esbuild/sunos-x64
6206 silly reify mark deleted [
6206 silly reify   '/Users/jeph/Desktop/systems/swahili/business-card/business-card-front/node_modules/@esbuild/sunos-x64'
6206 silly reify ]
6207 verbose reify failed optional dependency /Users/jeph/Desktop/systems/swahili/business-card/business-card-front/node_modules/@esbuild/openharmony-arm64
6208 silly reify mark deleted [
6208 silly reify   '/Users/jeph/Desktop/systems/swahili/business-card/business-card-front/node_modules/@esbuild/openharmony-arm64'
6208 silly reify ]
6209 verbose reify failed optional dependency /Users/jeph/Desktop/systems/swahili/business-card/business-card-front/node_modules/@esbuild/openbsd-x64
6210 silly reify mark deleted [
6210 silly reify   '/Users/jeph/Desktop/systems/swahili/business-card/business-card-front/node_modules/@esbuild/openbsd-x64'
6210 silly reify ]
6211 verbose reify failed optional dependency /Users/jeph/Desktop/systems/swahili/business-card/business-card-front/node_modules/@esbuild/openbsd-arm64
6212 silly reify mark deleted [
6212 silly reify   '/Users/jeph/Desktop/systems/swahili/business-card/business-card-front/node_modules/@esbuild/openbsd-arm64'
6212 silly reify ]
6213 verbose reify failed optional dependency /Users/jeph/Desktop/systems/swahili/business-card/business-card-front/node_modules/@esbuild/netbsd-x64
6214 silly reify mark deleted [
6214 silly reify   '/Users/jeph/Desktop/systems/swahili/business-card/business-card-front/node_modules/@esbuild/netbsd-x64'
6214 silly reify ]
6215 verbose reify failed optional dependency /Users/jeph/Desktop/systems/swahili/business-card/business-card-front/node_modules/@esbuild/netbsd-arm64
6216 silly reify mark deleted [
6216 silly reify   '/Users/jeph/Desktop/systems/swahili/business-card/business-card-front/node_modules/@esbuild/netbsd-arm64'
6216 silly reify ]
6217 verbose reify failed optional dependency /Users/jeph/Desktop/systems/swahili/business-card/business-card-front/node_modules/@esbuild/linux-x64
6218 silly reify mark deleted [
6218 silly reify   '/Users/jeph/Desktop/systems/swahili/business-card/business-card-front/node_modules/@esbuild/linux-x64'
6218 silly reify ]
6219 verbose reify failed optional dependency /Users/jeph/Desktop/systems/swahili/business-card/business-card-front/node_modules/@esbuild/linux-s390x
6220 silly reify mark deleted [
6220 silly reify   '/Users/jeph/Desktop/systems/swahili/business-card/business-card-front/node_modules/@esbuild/linux-s390x'
6220 silly reify ]
6221 verbose reify failed optional dependency /Users/jeph/Desktop/systems/swahili/business-card/business-card-front/node_modules/@esbuild/linux-riscv64
6222 silly reify mark deleted [
6222 silly reify   '/Users/jeph/Desktop/systems/swahili/business-card/business-card-front/node_modules/@esbuild/linux-riscv64'
6222 silly reify ]
6223 verbose reify failed optional dependency /Users/jeph/Desktop/systems/swahili/business-card/business-card-front/node_modules/@esbuild/linux-ppc64
6224 silly reify mark deleted [
6224 silly reify   '/Users/jeph/Desktop/systems/swahili/business-card/business-card-front/node_modules/@esbuild/linux-ppc64'
6224 silly reify ]
6225 verbose reify failed optional dependency /Users/jeph/Desktop/systems/swahili/business-card/business-card-front/node_modules/@esbuild/linux-mips64el
6226 silly reify mark deleted [
6226 silly reify   '/Users/jeph/Desktop/systems/swahili/business-card/business-card-front/node_modules/@esbuild/linux-mips64el'
6226 silly reify ]
6227 verbose reify failed optional dependency /Users/jeph/Desktop/systems/swahili/business-card/business-card-front/node_modules/@esbuild/linux-loong64
6228 silly reify mark deleted [
6228 silly reify   '/Users/jeph/Desktop/systems/swahili/business-card/business-card-front/node_modules/@esbuild/linux-loong64'
6228 silly reify ]
6229 verbose reify failed optional dependency /Users/jeph/Desktop/systems/swahili/business-card/business-card-front/node_modules/@esbuild/linux-ia32
6230 silly reify mark deleted [
6230 silly reify   '/Users/jeph/Desktop/systems/swahili/business-card/business-card-front/node_modules/@esbuild/linux-ia32'
6230 silly reify ]
6231 verbose reify failed optional dependency /Users/jeph/Desktop/systems/swahili/business-card/business-card-front/node_modules/@esbuild/linux-arm64
6232 silly reify mark deleted [
6232 silly reify   '/Users/jeph/Desktop/systems/swahili/business-card/business-card-front/node_modules/@esbuild/linux-arm64'
6232 silly reify ]
6233 verbose reify failed optional dependency /Users/jeph/Desktop/systems/swahili/business-card/business-card-front/node_modules/@esbuild/linux-arm
6234 silly reify mark deleted [
6234 silly reify   '/Users/jeph/Desktop/systems/swahili/business-card/business-card-front/node_modules/@esbuild/linux-arm'
6234 silly reify ]
6235 verbose reify failed optional dependency /Users/jeph/Desktop/systems/swahili/business-card/business-card-front/node_modules/@esbuild/freebsd-x64
6236 silly reify mark deleted [
6236 silly reify   '/Users/jeph/Desktop/systems/swahili/business-card/business-card-front/node_modules/@esbuild/freebsd-x64'
6236 silly reify ]
6237 verbose reify failed optional dependency /Users/jeph/Desktop/systems/swahili/business-card/business-card-front/node_modules/@esbuild/freebsd-arm64
6238 silly reify mark deleted [
6238 silly reify   '/Users/jeph/Desktop/systems/swahili/business-card/business-card-front/node_modules/@esbuild/freebsd-arm64'
6238 silly reify ]
6239 verbose reify failed optional dependency /Users/jeph/Desktop/systems/swahili/business-card/business-card-front/node_modules/@esbuild/darwin-x64
6240 silly reify mark deleted [
6240 silly reify   '/Users/jeph/Desktop/systems/swahili/business-card/business-card-front/node_modules/@esbuild/darwin-x64'
6240 silly reify ]
6241 verbose reify failed optional dependency /Users/jeph/Desktop/systems/swahili/business-card/business-card-front/node_modules/@esbuild/android-x64
6242 silly reify mark deleted [
6242 silly reify   '/Users/jeph/Desktop/systems/swahili/business-card/business-card-front/node_modules/@esbuild/android-x64'
6242 silly reify ]
6243 verbose reify failed optional dependency /Users/jeph/Desktop/systems/swahili/business-card/business-card-front/node_modules/@esbuild/android-arm64
6244 silly reify mark deleted [
6244 silly reify   '/Users/jeph/Desktop/systems/swahili/business-card/business-card-front/node_modules/@esbuild/android-arm64'
6244 silly reify ]
6245 verbose reify failed optional dependency /Users/jeph/Desktop/systems/swahili/business-card/business-card-front/node_modules/@esbuild/android-arm
6246 silly reify mark deleted [
6246 silly reify   '/Users/jeph/Desktop/systems/swahili/business-card/business-card-front/node_modules/@esbuild/android-arm'
6246 silly reify ]
6247 verbose reify failed optional dependency /Users/jeph/Desktop/systems/swahili/business-card/business-card-front/node_modules/@esbuild/aix-ppc64
6248 silly reify mark deleted [
6248 silly reify   '/Users/jeph/Desktop/systems/swahili/business-card/business-card-front/node_modules/@esbuild/aix-ppc64'
6248 silly reify ]
6249 silly tarball no local data for is-plain-obj@https://registry.npmjs.org/is-plain-obj/-/is-plain-obj-3.0.0.tgz. Extracting by manifest.
6250 silly tarball no local data for methods@https://registry.npmjs.org/methods/-/methods-1.1.2.tgz. Extracting by manifest.
6251 silly tarball no local data for array-flatten@https://registry.npmjs.org/array-flatten/-/array-flatten-1.1.1.tgz. Extracting by manifest.
6252 silly tarball no local data for inflight@https://registry.npmjs.org/inflight/-/inflight-1.0.6.tgz. Extracting by manifest.
6253 silly tarball no local data for require-directory@https://registry.npmjs.org/require-directory/-/require-directory-2.1.1.tgz. Extracting by manifest.
6254 silly tarball no local data for path-is-absolute@https://registry.npmjs.org/path-is-absolute/-/path-is-absolute-1.0.1.tgz. Extracting by manifest.
6255 silly tarball no local data for fs.realpath@https://registry.npmjs.org/fs.realpath/-/fs.realpath-1.0.0.tgz. Extracting by manifest.
6256 silly tarball no local data for binary-extensions@https://registry.npmjs.org/binary-extensions/-/binary-extensions-2.3.0.tgz. Extracting by manifest.
6257 silly tarball no local data for is-binary-path@https://registry.npmjs.org/is-binary-path/-/is-binary-path-2.1.0.tgz. Extracting by manifest.
6258 silly tarball no local data for anymatch@https://registry.npmjs.org/anymatch/-/anymatch-3.1.3.tgz. Extracting by manifest.
6259 silly tarball no local data for destroy@https://registry.npmjs.org/destroy/-/destroy-1.2.0.tgz. Extracting by manifest.
6260 silly tarball no local data for concat-map@https://registry.npmjs.org/concat-map/-/concat-map-0.0.1.tgz. Extracting by manifest.
6261 silly tarball no local data for @isaacs/balanced-match@https://registry.npmjs.org/@isaacs/balanced-match/-/balanced-match-4.0.1.tgz. Extracting by manifest.
6262 silly tarball no local data for process-nextick-args@https://registry.npmjs.org/process-nextick-args/-/process-nextick-args-2.0.1.tgz. Extracting by manifest.
6263 silly tarball no local data for isarray@https://registry.npmjs.org/isarray/-/isarray-1.0.0.tgz. Extracting by manifest.
6264 silly tarball no local data for core-util-is@https://registry.npmjs.org/core-util-is/-/core-util-is-1.0.3.tgz. Extracting by manifest.
6265 silly tarball no local data for isobject@https://registry.npmjs.org/isobject/-/isobject-3.0.1.tgz. Extracting by manifest.
6266 silly tarball no local data for get-east-asian-width@https://registry.npmjs.org/get-east-asian-width/-/get-east-asian-width-1.4.0.tgz. Extracting by manifest.
6267 silly tarball no local data for @isaacs/fs-minipass@https://registry.npmjs.org/@isaacs/fs-minipass/-/fs-minipass-4.0.1.tgz. Extracting by manifest.
6268 silly tarball no local data for emojis-list@https://registry.npmjs.org/emojis-list/-/emojis-list-3.0.0.tgz. Extracting by manifest.
6269 silly tarball no local data for uri-js@https://registry.npmjs.org/uri-js/-/uri-js-4.4.1.tgz. Extracting by manifest.
6270 silly tarball no local data for big.js@https://registry.npmjs.org/big.js/-/big.js-5.2.2.tgz. Extracting by manifest.
6271 silly tarball no local data for fast-json-stable-stringify@https://registry.npmjs.org/fast-json-stable-stringify/-/fast-json-stable-stringify-2.1.0.tgz. Extracting by manifest.
6272 silly tarball no local data for defaults@https://registry.npmjs.org/defaults/-/defaults-1.0.4.tgz. Extracting by manifest.
6273 silly tarball no local data for @isaacs/brace-expansion@https://registry.npmjs.org/@isaacs/brace-expansion/-/brace-expansion-5.0.0.tgz. Extracting by manifest.
6274 silly tarball no local data for color-name@https://registry.npmjs.org/color-name/-/color-name-1.1.4.tgz. Extracting by manifest.
6275 silly tarball no local data for @types/mime@https://registry.npmjs.org/@types/mime/-/mime-1.3.5.tgz. Extracting by manifest.
6276 silly tarball no local data for color-convert@https://registry.npmjs.org/color-convert/-/color-convert-2.0.1.tgz. Extracting by manifest.
6277 silly tarball no local data for clone@https://registry.npmjs.org/clone/-/clone-1.0.4.tgz. Extracting by manifest.
6278 silly tarball no local data for ieee754@https://registry.npmjs.org/ieee754/-/ieee754-1.2.1.tgz. Extracting by manifest.
6279 silly tarball no local data for bl@https://registry.npmjs.org/bl/-/bl-4.1.0.tgz. Extracting by manifest.
6280 silly tarball no local data for buffer@https://registry.npmjs.org/buffer/-/buffer-5.7.1.tgz. Extracting by manifest.
6281 silly tarball no local data for base64-js@https://registry.npmjs.org/base64-js/-/base64-js-1.5.1.tgz. Extracting by manifest.
6282 silly tarball no local data for yargs-parser@https://registry.npmjs.org/yargs-parser/-/yargs-parser-22.0.0.tgz. Extracting by manifest.
6283 silly tarball no local data for y18n@https://registry.npmjs.org/y18n/-/y18n-5.0.8.tgz. Extracting by manifest.
6284 silly tarball no local data for wcwidth@https://registry.npmjs.org/wcwidth/-/wcwidth-1.0.1.tgz. Extracting by manifest.
6285 silly tarball no local data for get-caller-file@https://registry.npmjs.org/get-caller-file/-/get-caller-file-2.0.5.tgz. Extracting by manifest.
6286 silly tarball no local data for is-wsl@https://registry.npmjs.org/is-wsl/-/is-wsl-3.1.0.tgz. Extracting by manifest.
6287 silly tarball no local data for mimic-fn@https://registry.npmjs.org/mimic-fn/-/mimic-fn-2.1.0.tgz. Extracting by manifest.
6288 silly tarball no local data for isexe@https://registry.npmjs.org/isexe/-/isexe-2.0.0.tgz. Extracting by manifest.
6289 silly tarball no local data for cliui@https://registry.npmjs.org/cliui/-/cliui-9.0.1.tgz. Extracting by manifest.
6290 silly tarball no local data for websocket-extensions@https://registry.npmjs.org/websocket-extensions/-/websocket-extensions-0.1.4.tgz. Extracting by manifest.
6291 silly tarball no local data for http-parser-js@https://registry.npmjs.org/http-parser-js/-/http-parser-js-0.5.10.tgz. Extracting by manifest.
6292 silly tarball no local data for clone-deep@https://registry.npmjs.org/clone-deep/-/clone-deep-4.0.1.tgz. Extracting by manifest.
6293 silly tarball no local data for typed-assert@https://registry.npmjs.org/typed-assert/-/typed-assert-1.0.9.tgz. Extracting by manifest.
6294 silly tarball no local data for shallow-clone@https://registry.npmjs.org/shallow-clone/-/shallow-clone-3.0.1.tgz. Extracting by manifest.
6295 silly tarball no local data for flat@https://registry.npmjs.org/flat/-/flat-5.0.2.tgz. Extracting by manifest.
6296 silly tarball no local data for wildcard@https://registry.npmjs.org/wildcard/-/wildcard-2.0.1.tgz. Extracting by manifest.
6297 silly tarball no local data for kind-of@https://registry.npmjs.org/kind-of/-/kind-of-6.0.3.tgz. Extracting by manifest.
6298 silly tarball no local data for obuf@https://registry.npmjs.org/obuf/-/obuf-1.1.2.tgz. Extracting by manifest.
6299 silly tarball no local data for minimalistic-assert@https://registry.npmjs.org/minimalistic-assert/-/minimalistic-assert-1.0.1.tgz. Extracting by manifest.
6300 silly tarball no local data for wbuf@https://registry.npmjs.org/wbuf/-/wbuf-1.7.3.tgz. Extracting by manifest.
6301 silly tarball no local data for hpack.js@https://registry.npmjs.org/hpack.js/-/hpack.js-2.1.6.tgz. Extracting by manifest.
6302 silly tarball no local data for select-hose@https://registry.npmjs.org/select-hose/-/select-hose-2.0.0.tgz. Extracting by manifest.
6303 silly tarball no local data for spdy-transport@https://registry.npmjs.org/spdy-transport/-/spdy-transport-3.0.0.tgz. Extracting by manifest.
6304 silly tarball no local data for string_decoder@https://registry.npmjs.org/string_decoder/-/string_decoder-1.3.0.tgz. Extracting by manifest.
6305 silly tarball no local data for readable-stream@https://registry.npmjs.org/readable-stream/-/readable-stream-3.6.2.tgz. Extracting by manifest.
6306 silly tarball no local data for detect-node@https://registry.npmjs.org/detect-node/-/detect-node-2.1.0.tgz. Extracting by manifest.
6307 silly tarball no local data for handle-thing@https://registry.npmjs.org/handle-thing/-/handle-thing-2.0.1.tgz. Extracting by manifest.
6308 silly tarball no local data for http-deceiver@https://registry.npmjs.org/http-deceiver/-/http-deceiver-1.2.7.tgz. Extracting by manifest.
6309 silly tarball no local data for batch@https://registry.npmjs.org/batch/-/batch-0.6.1.tgz. Extracting by manifest.
6310 silly tarball no local data for websocket-driver@https://registry.npmjs.org/websocket-driver/-/websocket-driver-0.7.4.tgz. Extracting by manifest.
6311 silly tarball no local data for uuid@https://registry.npmjs.org/uuid/-/uuid-8.3.2.tgz. Extracting by manifest.
6312 silly tarball no local data for faye-websocket@https://registry.npmjs.org/faye-websocket/-/faye-websocket-0.11.4.tgz. Extracting by manifest.
6313 silly tarball no local data for node-forge@https://registry.npmjs.org/node-forge/-/node-forge-1.3.3.tgz. Extracting by manifest.
6314 silly tarball no local data for @types/retry@https://registry.npmjs.org/@types/retry/-/retry-0.12.2.tgz. Extracting by manifest.
6315 silly tarball no local data for thunky@https://registry.npmjs.org/thunky/-/thunky-1.1.0.tgz. Extracting by manifest.
6316 silly tarball no local data for @types/node-forge@https://registry.npmjs.org/@types/node-forge/-/node-forge-1.3.14.tgz. Extracting by manifest.
6317 silly tarball no local data for is-network-error@https://registry.npmjs.org/is-network-error/-/is-network-error-1.3.0.tgz. Extracting by manifest.
6318 silly tarball no local data for @leichtgewicht/ip-codec@https://registry.npmjs.org/@leichtgewicht/ip-codec/-/ip-codec-2.0.5.tgz. Extracting by manifest.
6319 silly tarball no local data for shell-quote@https://registry.npmjs.org/shell-quote/-/shell-quote-1.8.3.tgz. Extracting by manifest.
6320 silly tarball no local data for on-headers@https://registry.npmjs.org/on-headers/-/on-headers-1.1.0.tgz. Extracting by manifest.
6321 silly tarball no local data for multicast-dns@https://registry.npmjs.org/multicast-dns/-/multicast-dns-7.2.5.tgz. Extracting by manifest.
6322 silly tarball no local data for dns-packet@https://registry.npmjs.org/dns-packet/-/dns-packet-5.6.1.tgz. Extracting by manifest.
6323 silly tarball no local data for @types/range-parser@https://registry.npmjs.org/@types/range-parser/-/range-parser-1.2.7.tgz. Extracting by manifest.
6324 silly tarball no local data for @types/connect@https://registry.npmjs.org/@types/connect/-/connect-3.4.38.tgz. Extracting by manifest.
6325 silly tarball no local data for @types/http-errors@https://registry.npmjs.org/@types/http-errors/-/http-errors-2.0.5.tgz. Extracting by manifest.
6326 silly tarball no local data for @types/send@https://registry.npmjs.org/@types/send/-/send-1.2.1.tgz. Extracting by manifest.
6327 silly tarball no local data for compressible@https://registry.npmjs.org/compressible/-/compressible-2.0.18.tgz. Extracting by manifest.
6328 silly tarball no local data for spdy@https://registry.npmjs.org/spdy/-/spdy-4.0.2.tgz. Extracting by manifest.
6329 silly tarball no local data for @types/body-parser@https://registry.npmjs.org/@types/body-parser/-/body-parser-1.19.6.tgz. Extracting by manifest.
6330 silly tarball no local data for selfsigned@https://registry.npmjs.org/selfsigned/-/selfsigned-2.4.1.tgz. Extracting by manifest.
6331 silly tarball no local data for connect-history-api-fallback@https://registry.npmjs.org/connect-history-api-fallback/-/connect-history-api-fallback-2.0.0.tgz. Extracting by manifest.
6332 silly tarball no local data for p-retry@https://registry.npmjs.org/p-retry/-/p-retry-6.2.1.tgz. Extracting by manifest.
6333 silly tarball no local data for sockjs@https://registry.npmjs.org/sockjs/-/sockjs-0.3.24.tgz. Extracting by manifest.
6334 silly tarball no local data for compression@https://registry.npmjs.org/compression/-/compression-1.8.1.tgz. Extracting by manifest.
6335 silly tarball no local data for @types/sockjs@https://registry.npmjs.org/@types/sockjs/-/sockjs-0.3.36.tgz. Extracting by manifest.
6336 silly tarball no local data for bonjour-service@https://registry.npmjs.org/bonjour-service/-/bonjour-service-1.3.0.tgz. Extracting by manifest.
6337 silly tarball no local data for @types/ws@https://registry.npmjs.org/@types/ws/-/ws-8.18.1.tgz. Extracting by manifest.
6338 silly tarball no local data for ansi-html-community@https://registry.npmjs.org/ansi-html-community/-/ansi-html-community-0.0.8.tgz. Extracting by manifest.
6339 silly tarball no local data for @types/qs@https://registry.npmjs.org/@types/qs/-/qs-6.14.0.tgz. Extracting by manifest.
6340 silly tarball no local data for @types/serve-static@https://registry.npmjs.org/@types/serve-static/-/serve-static-1.15.10.tgz. Extracting by manifest.
6341 silly tarball no local data for @types/express@https://registry.npmjs.org/@types/express/-/express-4.17.25.tgz. Extracting by manifest.
6342 silly tarball no local data for serve-index@https://registry.npmjs.org/serve-index/-/serve-index-1.9.2.tgz. Extracting by manifest.
6343 silly tarball no local data for @types/connect-history-api-fallback@https://registry.npmjs.org/@types/connect-history-api-fallback/-/connect-history-api-fallback-1.5.4.tgz. Extracting by manifest.
6344 silly tarball no local data for @types/bonjour@https://registry.npmjs.org/@types/bonjour/-/bonjour-3.5.13.tgz. Extracting by manifest.
6345 silly tarball no local data for @types/serve-index@https://registry.npmjs.org/@types/serve-index/-/serve-index-1.9.4.tgz. Extracting by manifest.
6346 silly tarball no local data for hyperdyperid@https://registry.npmjs.org/hyperdyperid/-/hyperdyperid-1.2.0.tgz. Extracting by manifest.
6347 silly tarball no local data for @jsonjoy.com/buffers@https://registry.npmjs.org/@jsonjoy.com/buffers/-/buffers-17.65.0.tgz. Extracting by manifest.
6348 silly tarball no local data for @jsonjoy.com/json-pointer@https://registry.npmjs.org/@jsonjoy.com/json-pointer/-/json-pointer-1.0.2.tgz. Extracting by manifest.
6349 silly tarball no local data for @jsonjoy.com/base64@https://registry.npmjs.org/@jsonjoy.com/base64/-/base64-1.1.2.tgz. Extracting by manifest.
6350 silly tarball no local data for @jsonjoy.com/codegen@https://registry.npmjs.org/@jsonjoy.com/codegen/-/codegen-1.0.0.tgz. Extracting by manifest.
6351 silly tarball no local data for glob-to-regex.js@https://registry.npmjs.org/glob-to-regex.js/-/glob-to-regex.js-1.2.0.tgz. Extracting by manifest.
6352 silly tarball no local data for thingies@https://registry.npmjs.org/thingies/-/thingies-2.5.0.tgz. Extracting by manifest.
6353 silly tarball no local data for @types/express-serve-static-core@https://registry.npmjs.org/@types/express-serve-static-core/-/express-serve-static-core-4.19.8.tgz. Extracting by manifest.
6354 silly tarball no local data for tree-dump@https://registry.npmjs.org/tree-dump/-/tree-dump-1.1.0.tgz. Extracting by manifest.
6355 silly tarball no local data for @jsonjoy.com/json-pack@https://registry.npmjs.org/@jsonjoy.com/json-pack/-/json-pack-1.21.0.tgz. Extracting by manifest.
6356 silly tarball no local data for @jsonjoy.com/util@https://registry.npmjs.org/@jsonjoy.com/util/-/util-1.9.0.tgz. Extracting by manifest.
6357 silly tarball no local data for @jsonjoy.com/fs-node-builtins@https://registry.npmjs.org/@jsonjoy.com/fs-node-builtins/-/fs-node-builtins-4.56.10.tgz. Extracting by manifest.
6358 silly tarball no local data for @jsonjoy.com/fs-node-utils@https://registry.npmjs.org/@jsonjoy.com/fs-node-utils/-/fs-node-utils-4.56.10.tgz. Extracting by manifest.
6359 silly tarball no local data for @jsonjoy.com/fs-node-to-fsa@https://registry.npmjs.org/@jsonjoy.com/fs-node-to-fsa/-/fs-node-to-fsa-4.56.10.tgz. Extracting by manifest.
6360 silly tarball no local data for @jsonjoy.com/fs-node@https://registry.npmjs.org/@jsonjoy.com/fs-node/-/fs-node-4.56.10.tgz. Extracting by manifest.
6361 silly tarball no local data for @jsonjoy.com/fs-print@https://registry.npmjs.org/@jsonjoy.com/fs-print/-/fs-print-4.56.10.tgz. Extracting by manifest.
6362 silly tarball no local data for launch-editor@https://registry.npmjs.org/launch-editor/-/launch-editor-2.12.0.tgz. Extracting by manifest.
6363 silly tarball no local data for merge-stream@https://registry.npmjs.org/merge-stream/-/merge-stream-2.0.0.tgz. Extracting by manifest.
6364 silly tarball no local data for @jsonjoy.com/fs-core@https://registry.npmjs.org/@jsonjoy.com/fs-core/-/fs-core-4.56.10.tgz. Extracting by manifest.
6365 silly tarball no local data for @jsonjoy.com/fs-snapshot@https://registry.npmjs.org/@jsonjoy.com/fs-snapshot/-/fs-snapshot-4.56.10.tgz. Extracting by manifest.
6366 silly tarball no local data for @jsonjoy.com/fs-fsa@https://registry.npmjs.org/@jsonjoy.com/fs-fsa/-/fs-fsa-4.56.10.tgz. Extracting by manifest.
6367 silly tarball no local data for memfs@https://registry.npmjs.org/memfs/-/memfs-4.56.10.tgz. Extracting by manifest.
6368 silly tarball no local data for jest-worker@https://registry.npmjs.org/jest-worker/-/jest-worker-27.5.1.tgz. Extracting by manifest.
6369 silly tarball no local data for @xtuc/ieee754@https://registry.npmjs.org/@xtuc/ieee754/-/ieee754-1.2.0.tgz. Extracting by manifest.
6370 silly tarball no local data for esrecurse@https://registry.npmjs.org/esrecurse/-/esrecurse-4.3.0.tgz. Extracting by manifest.
6371 silly tarball no local data for @webassemblyjs/utf8@https://registry.npmjs.org/@webassemblyjs/utf8/-/utf8-1.13.2.tgz. Extracting by manifest.
6372 silly tarball no local data for @webassemblyjs/ieee754@https://registry.npmjs.org/@webassemblyjs/ieee754/-/ieee754-1.13.2.tgz. Extracting by manifest.
6373 silly tarball no local data for @webassemblyjs/helper-wasm-section@https://registry.npmjs.org/@webassemblyjs/helper-wasm-section/-/helper-wasm-section-1.14.1.tgz. Extracting by manifest.
6374 silly tarball no local data for @webassemblyjs/wasm-gen@https://registry.npmjs.org/@webassemblyjs/wasm-gen/-/wasm-gen-1.14.1.tgz. Extracting by manifest.
6375 silly tarball no local data for @webassemblyjs/leb128@https://registry.npmjs.org/@webassemblyjs/leb128/-/leb128-1.13.2.tgz. Extracting by manifest.
6376 silly tarball no local data for @webassemblyjs/wasm-opt@https://registry.npmjs.org/@webassemblyjs/wasm-opt/-/wasm-opt-1.14.1.tgz. Extracting by manifest.
6377 silly tarball no local data for estraverse@https://registry.npmjs.org/estraverse/-/estraverse-4.3.0.tgz. Extracting by manifest.
6378 silly tarball no local data for @webassemblyjs/helper-buffer@https://registry.npmjs.org/@webassemblyjs/helper-buffer/-/helper-buffer-1.14.1.tgz. Extracting by manifest.
6379 silly tarball no local data for @webassemblyjs/wast-printer@https://registry.npmjs.org/@webassemblyjs/wast-printer/-/wast-printer-1.14.1.tgz. Extracting by manifest.
6380 silly tarball no local data for @webassemblyjs/helper-wasm-bytecode@https://registry.npmjs.org/@webassemblyjs/helper-wasm-bytecode/-/helper-wasm-bytecode-1.13.2.tgz. Extracting by manifest.
6381 silly tarball no local data for @xtuc/long@https://registry.npmjs.org/@xtuc/long/-/long-4.2.2.tgz. Extracting by manifest.
6382 silly tarball no local data for @webassemblyjs/floating-point-hex-parser@https://registry.npmjs.org/@webassemblyjs/floating-point-hex-parser/-/floating-point-hex-parser-1.13.2.tgz. Extracting by manifest.
6383 silly tarball no local data for @webassemblyjs/helper-numbers@https://registry.npmjs.org/@webassemblyjs/helper-numbers/-/helper-numbers-1.13.2.tgz. Extracting by manifest.
6384 silly tarball no local data for @types/eslint@https://registry.npmjs.org/@types/eslint/-/eslint-9.6.1.tgz. Extracting by manifest.
6385 silly tarball no local data for @webassemblyjs/helper-api-error@https://registry.npmjs.org/@webassemblyjs/helper-api-error/-/helper-api-error-1.13.2.tgz. Extracting by manifest.
6386 silly tarball no local data for terser-webpack-plugin@https://registry.npmjs.org/terser-webpack-plugin/-/terser-webpack-plugin-5.3.16.tgz. Extracting by manifest.
6387 silly tarball no local data for events@https://registry.npmjs.org/events/-/events-3.3.0.tgz. Extracting by manifest.
6388 silly tarball no local data for eslint-scope@https://registry.npmjs.org/eslint-scope/-/eslint-scope-5.1.1.tgz. Extracting by manifest.
6389 silly tarball no local data for es-module-lexer@https://registry.npmjs.org/es-module-lexer/-/es-module-lexer-1.7.0.tgz. Extracting by manifest.
6390 silly tarball no local data for loader-runner@https://registry.npmjs.org/loader-runner/-/loader-runner-4.3.1.tgz. Extracting by manifest.
6391 silly tarball no local data for enhanced-resolve@https://registry.npmjs.org/enhanced-resolve/-/enhanced-resolve-5.18.4.tgz. Extracting by manifest.
6392 silly tarball no local data for acorn-import-phases@https://registry.npmjs.org/acorn-import-phases/-/acorn-import-phases-1.0.4.tgz. Extracting by manifest.
6393 silly tarball no local data for @webassemblyjs/ast@https://registry.npmjs.org/@webassemblyjs/ast/-/ast-1.14.1.tgz. Extracting by manifest.
6394 silly tarball no local data for @webassemblyjs/wasm-parser@https://registry.npmjs.org/@webassemblyjs/wasm-parser/-/wasm-parser-1.14.1.tgz. Extracting by manifest.
6395 silly tarball no local data for @webassemblyjs/wasm-edit@https://registry.npmjs.org/@webassemblyjs/wasm-edit/-/wasm-edit-1.14.1.tgz. Extracting by manifest.
6396 silly tarball no local data for @types/eslint-scope@https://registry.npmjs.org/@types/eslint-scope/-/eslint-scope-3.7.7.tgz. Extracting by manifest.
6397 silly tarball no local data for @types/estree@https://registry.npmjs.org/@types/estree/-/estree-1.0.8.tgz. Extracting by manifest.
6398 silly tarball no local data for @rollup/rollup-darwin-arm64@https://registry.npmjs.org/@rollup/rollup-darwin-arm64/-/rollup-darwin-arm64-4.56.0.tgz. Extracting by manifest.
6399 silly tarball no local data for chrome-trace-event@https://registry.npmjs.org/chrome-trace-event/-/chrome-trace-event-1.0.4.tgz. Extracting by manifest.
6400 silly tarball no local data for rollup@https://registry.npmjs.org/rollup/-/rollup-4.56.0.tgz. Extracting by manifest.
6401 silly tarball no local data for spdx-exceptions@https://registry.npmjs.org/spdx-exceptions/-/spdx-exceptions-2.5.0.tgz. Extracting by manifest.
6402 silly tarball no local data for glob-to-regexp@https://registry.npmjs.org/glob-to-regexp/-/glob-to-regexp-0.4.1.tgz. Extracting by manifest.
6403 silly tarball no local data for spdx-license-ids@https://registry.npmjs.org/spdx-license-ids/-/spdx-license-ids-3.0.22.tgz. Extracting by manifest.
6404 silly tarball no local data for spdx-expression-parse@https://registry.npmjs.org/spdx-expression-parse/-/spdx-expression-parse-3.0.1.tgz. Extracting by manifest.
6405 silly tarball no local data for fsevents@https://registry.npmjs.org/fsevents/-/fsevents-2.3.3.tgz. Extracting by manifest.
6406 silly tarball no local data for escalade@https://registry.npmjs.org/escalade/-/escalade-3.2.0.tgz. Extracting by manifest.
6407 silly tarball no local data for imurmurhash@https://registry.npmjs.org/imurmurhash/-/imurmurhash-0.1.4.tgz. Extracting by manifest.
6408 silly tarball no local data for unique-slug@https://registry.npmjs.org/unique-slug/-/unique-slug-5.0.0.tgz. Extracting by manifest.
6409 silly tarball no local data for unicode-canonical-property-names-ecmascript@https://registry.npmjs.org/unicode-canonical-property-names-ecmascript/-/unicode-canonical-property-names-ecmascript-2.0.1.tgz. Extracting by manifest.
6410 silly tarball no local data for media-typer@https://registry.npmjs.org/media-typer/-/media-typer-1.1.0.tgz. Extracting by manifest.
6411 silly tarball no local data for unicode-property-aliases-ecmascript@https://registry.npmjs.org/unicode-property-aliases-ecmascript/-/unicode-property-aliases-ecmascript-2.2.0.tgz. Extracting by manifest.
6412 silly tarball no local data for @tufjs/canonical-json@https://registry.npmjs.org/@tufjs/canonical-json/-/canonical-json-2.0.0.tgz. Extracting by manifest.
6413 silly tarball no local data for @tufjs/models@https://registry.npmjs.org/@tufjs/models/-/models-3.0.1.tgz. Extracting by manifest.
6414 silly tarball no local data for is-number@https://registry.npmjs.org/is-number/-/is-number-7.0.0.tgz. Extracting by manifest.
6415 silly tarball no local data for spdx-correct@https://registry.npmjs.org/spdx-correct/-/spdx-correct-3.2.0.tgz. Extracting by manifest.
6416 silly tarball no local data for fdir@https://registry.npmjs.org/fdir/-/fdir-6.5.0.tgz. Extracting by manifest.
6417 silly tarball no local data for chownr@https://registry.npmjs.org/chownr/-/chownr-2.0.0.tgz. Extracting by manifest.
6418 silly tarball no local data for thenify@https://registry.npmjs.org/thenify/-/thenify-3.3.1.tgz. Extracting by manifest.
6419 silly tarball no local data for @jridgewell/source-map@https://registry.npmjs.org/@jridgewell/source-map/-/source-map-0.3.11.tgz. Extracting by manifest.
6420 silly tarball no local data for pirates@https://registry.npmjs.org/pirates/-/pirates-4.0.7.tgz. Extracting by manifest.
6421 silly tarball no local data for thenify-all@https://registry.npmjs.org/thenify-all/-/thenify-all-1.6.0.tgz. Extracting by manifest.
6422 silly tarball no local data for ts-interface-checker@https://registry.npmjs.org/ts-interface-checker/-/ts-interface-checker-0.1.13.tgz. Extracting by manifest.
6423 silly tarball no local data for mz@https://registry.npmjs.org/mz/-/mz-2.7.0.tgz. Extracting by manifest.
6424 silly tarball no local data for acorn@https://registry.npmjs.org/acorn/-/acorn-8.15.0.tgz. Extracting by manifest.
6425 silly tarball no local data for commander@https://registry.npmjs.org/commander/-/commander-4.1.1.tgz. Extracting by manifest.
6426 silly tarball no local data for any-promise@https://registry.npmjs.org/any-promise/-/any-promise-1.3.0.tgz. Extracting by manifest.
6427 silly tarball no local data for camelcase-css@https://registry.npmjs.org/camelcase-css/-/camelcase-css-2.0.1.tgz. Extracting by manifest.
6428 silly tarball no local data for yaml@https://registry.npmjs.org/yaml/-/yaml-2.8.2.tgz. Extracting by manifest.
6429 silly tarball no local data for sucrase@https://registry.npmjs.org/sucrase/-/sucrase-3.35.1.tgz. Extracting by manifest.
6430 silly tarball no local data for pify@https://registry.npmjs.org/pify/-/pify-2.3.0.tgz. Extracting by manifest.
6431 silly tarball no local data for postcss-load-config@https://registry.npmjs.org/postcss-load-config/-/postcss-load-config-4.0.2.tgz. Extracting by manifest.
6432 silly tarball no local data for postcss-import@https://registry.npmjs.org/postcss-import/-/postcss-import-15.1.0.tgz. Extracting by manifest.
6433 silly tarball no local data for object-hash@https://registry.npmjs.org/object-hash/-/object-hash-3.0.0.tgz. Extracting by manifest.
6434 silly tarball no local data for postcss-nested@https://registry.npmjs.org/postcss-nested/-/postcss-nested-6.2.0.tgz. Extracting by manifest.
6435 silly tarball no local data for lilconfig@https://registry.npmjs.org/lilconfig/-/lilconfig-3.1.3.tgz. Extracting by manifest.
6436 silly tarball no local data for dlv@https://registry.npmjs.org/dlv/-/dlv-1.1.3.tgz. Extracting by manifest.
6437 silly tarball no local data for postcss-js@https://registry.npmjs.org/postcss-js/-/postcss-js-4.1.0.tgz. Extracting by manifest.
6438 silly tarball no local data for arg@https://registry.npmjs.org/arg/-/arg-5.0.2.tgz. Extracting by manifest.
6439 silly tarball no local data for has-flag@https://registry.npmjs.org/has-flag/-/has-flag-4.0.0.tgz. Extracting by manifest.
6440 silly tarball no local data for ansi-regex@https://registry.npmjs.org/ansi-regex/-/ansi-regex-6.2.2.tgz. Extracting by manifest.
6441 silly tarball no local data for didyoumean@https://registry.npmjs.org/didyoumean/-/didyoumean-1.2.2.tgz. Extracting by manifest.
6442 silly tarball no local data for read-cache@https://registry.npmjs.org/read-cache/-/read-cache-1.0.0.tgz. Extracting by manifest.
6443 silly tarball no local data for emoji-regex@https://registry.npmjs.org/emoji-regex/-/emoji-regex-9.2.2.tgz. Extracting by manifest.
6444 silly tarball no local data for smart-buffer@https://registry.npmjs.org/smart-buffer/-/smart-buffer-4.2.0.tgz. Extracting by manifest.
6445 silly tarball no local data for @alloc/quick-lru@https://registry.npmjs.org/@alloc/quick-lru/-/quick-lru-5.2.0.tgz. Extracting by manifest.
6446 silly tarball no local data for socks@https://registry.npmjs.org/socks/-/socks-2.8.7.tgz. Extracting by manifest.
6447 silly tarball no local data for eastasianwidth@https://registry.npmjs.org/eastasianwidth/-/eastasianwidth-0.2.0.tgz. Extracting by manifest.
6448 silly tarball no local data for ip-address@https://registry.npmjs.org/ip-address/-/ip-address-10.1.0.tgz. Extracting by manifest.
6449 silly tarball no local data for @socket.io/component-emitter@https://registry.npmjs.org/@socket.io/component-emitter/-/component-emitter-3.1.2.tgz. Extracting by manifest.
6450 silly tarball no local data for ws@https://registry.npmjs.org/ws/-/ws-8.18.3.tgz. Extracting by manifest.
6451 silly tarball no local data for socket.io-adapter@https://registry.npmjs.org/socket.io-adapter/-/socket.io-adapter-2.5.6.tgz. Extracting by manifest.
6452 silly tarball no local data for socket.io-parser@https://registry.npmjs.org/socket.io-parser/-/socket.io-parser-4.2.5.tgz. Extracting by manifest.
6453 silly tarball no local data for engine.io-parser@https://registry.npmjs.org/engine.io-parser/-/engine.io-parser-5.2.3.tgz. Extracting by manifest.
6454 silly tarball no local data for engine.io@https://registry.npmjs.org/engine.io/-/engine.io-6.6.5.tgz. Extracting by manifest.
6455 silly tarball no local data for buffer-from@https://registry.npmjs.org/buffer-from/-/buffer-from-1.1.2.tgz. Extracting by manifest.
6456 silly tarball no local data for @types/cors@https://registry.npmjs.org/@types/cors/-/cors-2.8.19.tgz. Extracting by manifest.
6457 silly tarball no local data for base64id@https://registry.npmjs.org/base64id/-/base64id-2.0.0.tgz. Extracting by manifest.
6458 silly tarball no local data for ansi-styles@https://registry.npmjs.org/ansi-styles/-/ansi-styles-6.2.3.tgz. Extracting by manifest.
6459 silly tarball no local data for @sigstore/verify@https://registry.npmjs.org/@sigstore/verify/-/verify-2.1.1.tgz. Extracting by manifest.
6460 silly tarball no local data for tuf-js@https://registry.npmjs.org/tuf-js/-/tuf-js-3.1.0.tgz. Extracting by manifest.
6461 silly tarball no local data for is-fullwidth-code-point@https://registry.npmjs.org/is-fullwidth-code-point/-/is-fullwidth-code-point-4.0.0.tgz. Extracting by manifest.
6462 silly tarball no local data for @sigstore/sign@https://registry.npmjs.org/@sigstore/sign/-/sign-3.1.0.tgz. Extracting by manifest.
6463 silly tarball no local data for @sigstore/protobuf-specs@https://registry.npmjs.org/@sigstore/protobuf-specs/-/protobuf-specs-0.4.3.tgz. Extracting by manifest.
6464 silly tarball no local data for @sigstore/bundle@https://registry.npmjs.org/@sigstore/bundle/-/bundle-3.1.0.tgz. Extracting by manifest.
6465 silly tarball no local data for side-channel-map@https://registry.npmjs.org/side-channel-map/-/side-channel-map-1.0.1.tgz. Extracting by manifest.
6466 silly tarball no local data for side-channel-weakmap@https://registry.npmjs.org/side-channel-weakmap/-/side-channel-weakmap-1.0.2.tgz. Extracting by manifest.
6467 silly tarball no local data for @sigstore/core@https://registry.npmjs.org/@sigstore/core/-/core-2.0.0.tgz. Extracting by manifest.
6468 silly tarball no local data for side-channel-list@https://registry.npmjs.org/side-channel-list/-/side-channel-list-1.0.0.tgz. Extracting by manifest.
6469 silly tarball no local data for shebang-regex@https://registry.npmjs.org/shebang-regex/-/shebang-regex-3.0.0.tgz. Extracting by manifest.
6470 silly tarball no local data for @sigstore/tuf@https://registry.npmjs.org/@sigstore/tuf/-/tuf-3.1.1.tgz. Extracting by manifest.
6471 silly tarball no local data for randombytes@https://registry.npmjs.org/randombytes/-/randombytes-2.1.0.tgz. Extracting by manifest.
6472 silly tarball no local data for ajv-keywords@https://registry.npmjs.org/ajv-keywords/-/ajv-keywords-5.1.0.tgz. Extracting by manifest.
6473 silly tarball no local data for neo-async@https://registry.npmjs.org/neo-async/-/neo-async-2.6.2.tgz. Extracting by manifest.
6474 silly tarball no local data for immutable@https://registry.npmjs.org/immutable/-/immutable-5.1.4.tgz. Extracting by manifest.
6475 silly tarball no local data for @types/json-schema@https://registry.npmjs.org/@types/json-schema/-/json-schema-7.0.15.tgz. Extracting by manifest.
6476 silly tarball no local data for @parcel/watcher@https://registry.npmjs.org/@parcel/watcher/-/watcher-2.5.6.tgz. Extracting by manifest.
6477 silly tarball no local data for has-tostringtag@https://registry.npmjs.org/has-tostringtag/-/has-tostringtag-1.0.2.tgz. Extracting by manifest.
6478 silly tarball no local data for @parcel/watcher-darwin-arm64@https://registry.npmjs.org/@parcel/watcher-darwin-arm64/-/watcher-darwin-arm64-2.5.6.tgz. Extracting by manifest.
6479 silly tarball no local data for queue-microtask@https://registry.npmjs.org/queue-microtask/-/queue-microtask-1.2.3.tgz. Extracting by manifest.
6480 silly tarball no local data for is-promise@https://registry.npmjs.org/is-promise/-/is-promise-4.0.0.tgz. Extracting by manifest.
6481 silly tarball no local data for is-regex@https://registry.npmjs.org/is-regex/-/is-regex-1.2.1.tgz. Extracting by manifest.
6482 silly tarball no local data for path-to-regexp@https://registry.npmjs.org/path-to-regexp/-/path-to-regexp-8.3.0.tgz. Extracting by manifest.
6483 silly tarball no local data for @tybys/wasm-util@https://registry.npmjs.org/@tybys/wasm-util/-/wasm-util-0.10.1.tgz. Extracting by manifest.
6484 silly tarball no local data for @emnapi/wasi-threads@https://registry.npmjs.org/@emnapi/wasi-threads/-/wasi-threads-1.1.0.tgz. Extracting by manifest.
6485 silly tarball no local data for ansis@https://registry.npmjs.org/ansis/-/ansis-4.2.0.tgz. Extracting by manifest.
6486 silly tarball no local data for @napi-rs/wasm-runtime@https://registry.npmjs.org/@napi-rs/wasm-runtime/-/wasm-runtime-1.1.1.tgz. Extracting by manifest.
6487 silly tarball no local data for safe-buffer@https://registry.npmjs.org/safe-buffer/-/safe-buffer-5.2.1.tgz. Extracting by manifest.
6488 silly tarball no local data for object-inspect@https://registry.npmjs.org/object-inspect/-/object-inspect-1.13.4.tgz. Extracting by manifest.
6489 silly tarball no local data for @emnapi/runtime@https://registry.npmjs.org/@emnapi/runtime/-/runtime-1.8.1.tgz. Extracting by manifest.
6490 silly tarball no local data for @rolldown/pluginutils@https://registry.npmjs.org/@rolldown/pluginutils/-/pluginutils-1.0.0-beta.38.tgz. Extracting by manifest.
6491 silly tarball no local data for @rolldown/binding-darwin-arm64@https://registry.npmjs.org/@rolldown/binding-darwin-arm64/-/binding-darwin-arm64-1.0.0-beta.38.tgz. Extracting by manifest.
6492 silly tarball no local data for @oxc-project/types@https://registry.npmjs.org/@oxc-project/types/-/types-0.89.0.tgz. Extracting by manifest.
6493 silly tarball no local data for mimic-function@https://registry.npmjs.org/mimic-function/-/mimic-function-5.0.1.tgz. Extracting by manifest.
6494 silly tarball no local data for onetime@https://registry.npmjs.org/onetime/-/onetime-7.0.0.tgz. Extracting by manifest.
6495 silly tarball no local data for regex-parser@https://registry.npmjs.org/regex-parser/-/regex-parser-2.3.1.tgz. Extracting by manifest.
6496 silly tarball no local data for path-parse@https://registry.npmjs.org/path-parse/-/path-parse-1.0.7.tgz. Extracting by manifest.
6497 silly tarball no local data for unicode-match-property-ecmascript@https://registry.npmjs.org/unicode-match-property-ecmascript/-/unicode-match-property-ecmascript-2.0.0.tgz. Extracting by manifest.
6498 silly tarball no local data for @emnapi/core@https://registry.npmjs.org/@emnapi/core/-/core-1.8.1.tgz. Extracting by manifest.
6499 silly tarball no local data for adjust-sourcemap-loader@https://registry.npmjs.org/adjust-sourcemap-loader/-/adjust-sourcemap-loader-4.0.0.tgz. Extracting by manifest.
6500 silly tarball no local data for unicode-match-property-value-ecmascript@https://registry.npmjs.org/unicode-match-property-value-ecmascript/-/unicode-match-property-value-ecmascript-2.2.1.tgz. Extracting by manifest.
6501 silly tarball no local data for is-core-module@https://registry.npmjs.org/is-core-module/-/is-core-module-2.16.1.tgz. Extracting by manifest.
6502 silly tarball no local data for regjsparser@https://registry.npmjs.org/regjsparser/-/regjsparser-0.13.0.tgz. Extracting by manifest.
6503 silly tarball no local data for regjsgen@https://registry.npmjs.org/regjsgen/-/regjsgen-0.8.0.tgz. Extracting by manifest.
6504 silly tarball no local data for regenerate-unicode-properties@https://registry.npmjs.org/regenerate-unicode-properties/-/regenerate-unicode-properties-10.2.2.tgz. Extracting by manifest.
6505 silly tarball no local data for regenerate@https://registry.npmjs.org/regenerate/-/regenerate-1.4.2.tgz. Extracting by manifest.
6506 silly tarball no local data for unpipe@https://registry.npmjs.org/unpipe/-/unpipe-1.0.0.tgz. Extracting by manifest.
6507 silly tarball no local data for lodash.isequal@https://registry.npmjs.org/lodash.isequal/-/lodash.isequal-4.5.0.tgz. Extracting by manifest.
6508 silly tarball no local data for fast-diff@https://registry.npmjs.org/fast-diff/-/fast-diff-1.3.0.tgz. Extracting by manifest.
6509 silly tarball no local data for quill-delta@https://registry.npmjs.org/quill-delta/-/quill-delta-5.1.0.tgz. Extracting by manifest.
6510 silly tarball no local data for lodash.clonedeep@https://registry.npmjs.org/lodash.clonedeep/-/lodash.clonedeep-4.5.0.tgz. Extracting by manifest.
6511 silly tarball no local data for supports-preserve-symlinks-flag@https://registry.npmjs.org/supports-preserve-symlinks-flag/-/supports-preserve-symlinks-flag-1.0.0.tgz. Extracting by manifest.
6512 silly tarball no local data for side-channel@https://registry.npmjs.org/side-channel/-/side-channel-1.1.0.tgz. Extracting by manifest.
6513 silly tarball no local data for ipaddr.js@https://registry.npmjs.org/ipaddr.js/-/ipaddr.js-1.9.1.tgz. Extracting by manifest.
6514 silly tarball no local data for retry@https://registry.npmjs.org/retry/-/retry-0.12.0.tgz. Extracting by manifest.
6515 silly tarball no local data for err-code@https://registry.npmjs.org/err-code/-/err-code-2.0.3.tgz. Extracting by manifest.
6516 silly tarball no local data for util-deprecate@https://registry.npmjs.org/util-deprecate/-/util-deprecate-1.0.2.tgz. Extracting by manifest.
6517 silly tarball no local data for cssesc@https://registry.npmjs.org/cssesc/-/cssesc-3.0.0.tgz. Extracting by manifest.
6518 silly tarball no local data for jiti@https://registry.npmjs.org/jiti/-/jiti-1.21.7.tgz. Extracting by manifest.
6519 silly tarball no local data for parchment@https://registry.npmjs.org/parchment/-/parchment-3.0.0.tgz. Extracting by manifest.
6520 silly tarball no local data for source-map-js@https://registry.npmjs.org/source-map-js/-/source-map-js-1.2.1.tgz. Extracting by manifest.
6521 silly tarball no local data for nanoid@https://registry.npmjs.org/nanoid/-/nanoid-3.3.11.tgz. Extracting by manifest.
6522 silly tarball no local data for forwarded@https://registry.npmjs.org/forwarded/-/forwarded-0.2.0.tgz. Extracting by manifest.
6523 silly tarball no local data for @napi-rs/nice-darwin-arm64@https://registry.npmjs.org/@napi-rs/nice-darwin-arm64/-/nice-darwin-arm64-1.1.1.tgz. Extracting by manifest.
6524 silly tarball no local data for @primeuix/styles@https://registry.npmjs.org/@primeuix/styles/-/styles-1.2.5.tgz. Extracting by manifest.
6525 silly tarball no local data for parse5-sax-parser@https://registry.npmjs.org/parse5-sax-parser/-/parse5-sax-parser-8.0.0.tgz. Extracting by manifest.
6526 silly tarball no local data for lines-and-columns@https://registry.npmjs.org/lines-and-columns/-/lines-and-columns-1.2.4.tgz. Extracting by manifest.
6527 silly tarball no local data for is-arrayish@https://registry.npmjs.org/is-arrayish/-/is-arrayish-0.2.1.tgz. Extracting by manifest.
6528 silly tarball no local data for @napi-rs/nice@https://registry.npmjs.org/@napi-rs/nice/-/nice-1.1.1.tgz. Extracting by manifest.
6529 silly tarball no local data for @npmcli/redact@https://registry.npmjs.org/@npmcli/redact/-/redact-3.2.2.tgz. Extracting by manifest.
6530 silly tarball no local data for error-ex@https://registry.npmjs.org/error-ex/-/error-ex-1.3.4.tgz. Extracting by manifest.
6531 silly tarball no local data for callsites@https://registry.npmjs.org/callsites/-/callsites-3.1.0.tgz. Extracting by manifest.
6532 silly tarball no local data for npm-install-checks@https://registry.npmjs.org/npm-install-checks/-/npm-install-checks-7.1.2.tgz. Extracting by manifest.
6533 silly tarball no local data for jsonparse@https://registry.npmjs.org/jsonparse/-/jsonparse-1.3.1.tgz. Extracting by manifest.
6534 silly tarball no local data for minizlib@https://registry.npmjs.org/minizlib/-/minizlib-3.1.0.tgz. Extracting by manifest.
6535 silly tarball no local data for ignore-walk@https://registry.npmjs.org/ignore-walk/-/ignore-walk-8.0.0.tgz. Extracting by manifest.
6536 silly tarball no local data for minipass-sized@https://registry.npmjs.org/minipass-sized/-/minipass-sized-1.0.3.tgz. Extracting by manifest.
6537 silly tarball no local data for http-proxy-agent@https://registry.npmjs.org/http-proxy-agent/-/http-proxy-agent-7.0.2.tgz. Extracting by manifest.
6538 silly tarball no local data for encoding@https://registry.npmjs.org/encoding/-/encoding-0.1.13.tgz. Extracting by manifest.
6539 silly tarball no local data for socks-proxy-agent@https://registry.npmjs.org/socks-proxy-agent/-/socks-proxy-agent-8.0.5.tgz. Extracting by manifest.
6540 silly tarball no local data for minipass-fetch@https://registry.npmjs.org/minipass-fetch/-/minipass-fetch-4.0.1.tgz. Extracting by manifest.
6541 silly tarball no local data for abbrev@https://registry.npmjs.org/abbrev/-/abbrev-3.0.1.tgz. Extracting by manifest.
6542 silly tarball no local data for @npmcli/agent@https://registry.npmjs.org/@npmcli/agent/-/agent-3.0.0.tgz. Extracting by manifest.
6543 silly tarball no local data for unique-filename@https://registry.npmjs.org/unique-filename/-/unique-filename-4.0.0.tgz. Extracting by manifest.
6544 silly tarball no local data for http-cache-semantics@https://registry.npmjs.org/http-cache-semantics/-/http-cache-semantics-4.2.0.tgz. Extracting by manifest.
6545 silly tarball no local data for env-paths@https://registry.npmjs.org/env-paths/-/env-paths-2.2.1.tgz. Extracting by manifest.
6546 silly tarball no local data for exponential-backoff@https://registry.npmjs.org/exponential-backoff/-/exponential-backoff-3.1.3.tgz. Extracting by manifest.
6547 silly tarball no local data for p-map@https://registry.npmjs.org/p-map/-/p-map-7.0.4.tgz. Extracting by manifest.
6548 silly tarball no local data for @npmcli/fs@https://registry.npmjs.org/@npmcli/fs/-/fs-4.0.0.tgz. Extracting by manifest.
6549 silly tarball no local data for minipass-collect@https://registry.npmjs.org/minipass-collect/-/minipass-collect-2.0.1.tgz. Extracting by manifest.
6550 silly tarball no local data for nopt@https://registry.npmjs.org/nopt/-/nopt-8.1.0.tgz. Extracting by manifest.
6551 silly tarball no local data for minipass-pipeline@https://registry.npmjs.org/minipass-pipeline/-/minipass-pipeline-1.2.4.tgz. Extracting by manifest.
6552 silly tarball no local data for @npmcli/node-gyp@https://registry.npmjs.org/@npmcli/node-gyp/-/node-gyp-4.0.0.tgz. Extracting by manifest.
6553 silly tarball no local data for validate-npm-package-license@https://registry.npmjs.org/validate-npm-package-license/-/validate-npm-package-license-3.0.4.tgz. Extracting by manifest.
6554 silly tarball no local data for node-gyp@https://registry.npmjs.org/node-gyp/-/node-gyp-11.5.0.tgz. Extracting by manifest.
6555 silly tarball no local data for minipass-flush@https://registry.npmjs.org/minipass-flush/-/minipass-flush-1.0.5.tgz. Extracting by manifest.
6556 silly tarball no local data for json-parse-even-better-errors@https://registry.npmjs.org/json-parse-even-better-errors/-/json-parse-even-better-errors-4.0.0.tgz. Extracting by manifest.
6557 silly tarball no local data for ssri@https://registry.npmjs.org/ssri/-/ssri-12.0.0.tgz. Extracting by manifest.
6558 silly tarball no local data for make-fetch-happen@https://registry.npmjs.org/make-fetch-happen/-/make-fetch-happen-14.0.3.tgz. Extracting by manifest.
6559 silly tarball no local data for npm-normalize-package-bin@https://registry.npmjs.org/npm-normalize-package-bin/-/npm-normalize-package-bin-4.0.0.tgz. Extracting by manifest.
6560 silly tarball no local data for tar@https://registry.npmjs.org/tar/-/tar-6.2.1.tgz. Extracting by manifest.
6561 silly tarball no local data for sigstore@https://registry.npmjs.org/sigstore/-/sigstore-3.1.0.tgz. Extracting by manifest.
6562 silly tarball no local data for promise-retry@https://registry.npmjs.org/promise-retry/-/promise-retry-2.0.1.tgz. Extracting by manifest.
6563 silly tarball no local data for npm-bundled@https://registry.npmjs.org/npm-bundled/-/npm-bundled-4.0.0.tgz. Extracting by manifest.
6564 silly tarball no local data for fs-minipass@https://registry.npmjs.org/fs-minipass/-/fs-minipass-3.0.3.tgz. Extracting by manifest.
6565 silly tarball no local data for npm-packlist@https://registry.npmjs.org/npm-packlist/-/npm-packlist-10.0.3.tgz. Extracting by manifest.
6566 silly tarball no local data for npm-registry-fetch@https://registry.npmjs.org/npm-registry-fetch/-/npm-registry-fetch-18.0.2.tgz. Extracting by manifest.
6567 silly tarball no local data for cacache@https://registry.npmjs.org/cacache/-/cacache-19.0.1.tgz. Extracting by manifest.
6568 silly tarball no local data for @npmcli/promise-spawn@https://registry.npmjs.org/@npmcli/promise-spawn/-/promise-spawn-8.0.3.tgz. Extracting by manifest.
6569 silly tarball no local data for @npmcli/installed-package-contents@https://registry.npmjs.org/@npmcli/installed-package-contents/-/installed-package-contents-3.0.0.tgz. Extracting by manifest.
6570 silly tarball no local data for @npmcli/run-script@https://registry.npmjs.org/@npmcli/run-script/-/run-script-9.1.0.tgz. Extracting by manifest.
6571 silly tarball no local data for @npmcli/package-json@https://registry.npmjs.org/@npmcli/package-json/-/package-json-6.2.0.tgz. Extracting by manifest.
6572 silly tarball no local data for @npmcli/git@https://registry.npmjs.org/@npmcli/git/-/git-6.0.3.tgz. Extracting by manifest.
6573 silly tarball no local data for yocto-queue@https://registry.npmjs.org/yocto-queue/-/yocto-queue-0.1.0.tgz. Extracting by manifest.
6574 silly tarball no local data for is-unicode-supported@https://registry.npmjs.org/is-unicode-supported/-/is-unicode-supported-2.1.0.tgz. Extracting by manifest.
6575 silly tarball no local data for p-limit@https://registry.npmjs.org/p-limit/-/p-limit-3.1.0.tgz. Extracting by manifest.
6576 silly tarball no local data for stdin-discarder@https://registry.npmjs.org/stdin-discarder/-/stdin-discarder-0.2.2.tgz. Extracting by manifest.
6577 silly tarball no local data for log-symbols@https://registry.npmjs.org/log-symbols/-/log-symbols-6.0.0.tgz. Extracting by manifest.
6578 silly tarball no local data for is-docker@https://registry.npmjs.org/is-docker/-/is-docker-3.0.0.tgz. Extracting by manifest.
6579 silly tarball no local data for cli-spinners@https://registry.npmjs.org/cli-spinners/-/cli-spinners-2.9.2.tgz. Extracting by manifest.
6580 silly tarball no local data for chalk@https://registry.npmjs.org/chalk/-/chalk-5.6.2.tgz. Extracting by manifest.
6581 silly tarball no local data for run-applescript@https://registry.npmjs.org/run-applescript/-/run-applescript-7.1.0.tgz. Extracting by manifest.
6582 silly tarball no local data for default-browser-id@https://registry.npmjs.org/default-browser-id/-/default-browser-id-5.0.1.tgz. Extracting by manifest.
6583 silly tarball no local data for is-inside-container@https://registry.npmjs.org/is-inside-container/-/is-inside-container-1.0.0.tgz. Extracting by manifest.
6584 silly tarball no local data for define-lazy-prop@https://registry.npmjs.org/define-lazy-prop/-/define-lazy-prop-3.0.0.tgz. Extracting by manifest.
6585 silly tarball no local data for is-interactive@https://registry.npmjs.org/is-interactive/-/is-interactive-2.0.0.tgz. Extracting by manifest.
6586 silly tarball no local data for wsl-utils@https://registry.npmjs.org/wsl-utils/-/wsl-utils-0.1.0.tgz. Extracting by manifest.
6587 silly tarball no local data for bundle-name@https://registry.npmjs.org/bundle-name/-/bundle-name-4.1.0.tgz. Extracting by manifest.
6588 silly tarball no local data for default-browser@https://registry.npmjs.org/default-browser/-/default-browser-5.4.0.tgz. Extracting by manifest.
6589 silly tarball no local data for npm-pick-manifest@https://registry.npmjs.org/npm-pick-manifest/-/npm-pick-manifest-10.0.0.tgz. Extracting by manifest.
6590 silly tarball no local data for wrappy@https://registry.npmjs.org/wrappy/-/wrappy-1.0.2.tgz. Extracting by manifest.
6591 silly tarball no local data for validate-npm-package-name@https://registry.npmjs.org/validate-npm-package-name/-/validate-npm-package-name-6.0.2.tgz. Extracting by manifest.
6592 silly tarball no local data for ee-first@https://registry.npmjs.org/ee-first/-/ee-first-1.1.1.tgz. Extracting by manifest.
6593 silly tarball no local data for proc-log@https://registry.npmjs.org/proc-log/-/proc-log-5.0.0.tgz. Extracting by manifest.
6594 silly tarball no local data for hosted-git-info@https://registry.npmjs.org/hosted-git-info/-/hosted-git-info-9.0.2.tgz. Extracting by manifest.
6595 silly tarball no local data for detect-libc@https://registry.npmjs.org/detect-libc/-/detect-libc-2.1.2.tgz. Extracting by manifest.
6596 silly tarball no local data for @msgpackr-extract/msgpackr-extract-darwin-arm64@https://registry.npmjs.org/@msgpackr-extract/msgpackr-extract-darwin-arm64/-/msgpackr-extract-darwin-arm64-3.0.3.tgz. Extracting by manifest.
6597 silly tarball no local data for msgpackr-extract@https://registry.npmjs.org/msgpackr-extract/-/msgpackr-extract-3.0.3.tgz. Extracting by manifest.
6598 silly tarball no local data for sax@https://registry.npmjs.org/sax/-/sax-1.4.4.tgz. Extracting by manifest.
6599 silly tarball no local data for minimist@https://registry.npmjs.org/minimist/-/minimist-1.2.8.tgz. Extracting by manifest.
6600 silly tarball no local data for brace-expansion@https://registry.npmjs.org/brace-expansion/-/brace-expansion-2.0.2.tgz. Extracting by manifest.
6601 silly tarball no local data for balanced-match@https://registry.npmjs.org/balanced-match/-/balanced-match-1.0.2.tgz. Extracting by manifest.
6602 silly tarball no local data for yallist@https://registry.npmjs.org/yallist/-/yallist-3.1.1.tgz. Extracting by manifest.
6603 silly tarball no local data for streamroller@https://registry.npmjs.org/streamroller/-/streamroller-3.1.5.tgz. Extracting by manifest.
6604 silly tarball no local data for tapable@https://registry.npmjs.org/tapable/-/tapable-2.3.0.tgz. Extracting by manifest.
6605 silly tarball no local data for flatted@https://registry.npmjs.org/flatted/-/flatted-3.3.3.tgz. Extracting by manifest.
6606 silly tarball no local data for environment@https://registry.npmjs.org/environment/-/environment-1.1.0.tgz. Extracting by manifest.
6607 silly tarball no local data for date-format@https://registry.npmjs.org/date-format/-/date-format-4.0.14.tgz. Extracting by manifest.
6608 silly tarball no local data for restore-cursor@https://registry.npmjs.org/restore-cursor/-/restore-cursor-5.1.0.tgz. Extracting by manifest.
6609 silly tarball no local data for mime-db@https://registry.npmjs.org/mime-db/-/mime-db-1.54.0.tgz. Extracting by manifest.
6610 silly tarball no local data for p-locate@https://registry.npmjs.org/p-locate/-/p-locate-5.0.0.tgz. Extracting by manifest.
6611 silly tarball no local data for weak-lru-cache@https://registry.npmjs.org/weak-lru-cache/-/weak-lru-cache-1.2.2.tgz. Extracting by manifest.
6612 silly tarball no local data for ansi-escapes@https://registry.npmjs.org/ansi-escapes/-/ansi-escapes-7.2.0.tgz. Extracting by manifest.
6613 silly tarball no local data for ordered-binary@https://registry.npmjs.org/ordered-binary/-/ordered-binary-1.6.1.tgz. Extracting by manifest.
6614 silly tarball no local data for node-addon-api@https://registry.npmjs.org/node-addon-api/-/node-addon-api-6.1.0.tgz. Extracting by manifest.
6615 silly tarball no local data for node-gyp-build-optional-packages@https://registry.npmjs.org/node-gyp-build-optional-packages/-/node-gyp-build-optional-packages-5.2.2.tgz. Extracting by manifest.
6616 silly tarball no local data for msgpackr@https://registry.npmjs.org/msgpackr/-/msgpackr-1.11.8.tgz. Extracting by manifest.
6617 silly tarball no local data for cli-cursor@https://registry.npmjs.org/cli-cursor/-/cli-cursor-5.0.0.tgz. Extracting by manifest.
6618 silly tarball no local data for @lmdb/lmdb-darwin-arm64@https://registry.npmjs.org/@lmdb/lmdb-darwin-arm64/-/lmdb-darwin-arm64-3.4.2.tgz. Extracting by manifest.
6619 silly tarball no local data for rfdc@https://registry.npmjs.org/rfdc/-/rfdc-1.4.1.tgz. Extracting by manifest.
6620 silly tarball no local data for slice-ansi@https://registry.npmjs.org/slice-ansi/-/slice-ansi-5.0.0.tgz. Extracting by manifest.
6621 silly tarball no local data for cli-truncate@https://registry.npmjs.org/cli-truncate/-/cli-truncate-4.0.0.tgz. Extracting by manifest.
6622 silly tarball no local data for webpack-sources@https://registry.npmjs.org/webpack-sources/-/webpack-sources-3.3.3.tgz. Extracting by manifest.
6623 silly tarball no local data for colorette@https://registry.npmjs.org/colorette/-/colorette-2.0.20.tgz. Extracting by manifest.
6624 silly tarball no local data for log-update@https://registry.npmjs.org/log-update/-/log-update-6.1.0.tgz. Extracting by manifest.
6625 silly tarball no local data for prr@https://registry.npmjs.org/prr/-/prr-1.0.1.tgz. Extracting by manifest.
6626 silly tarball no local data for is-what@https://registry.npmjs.org/is-what/-/is-what-3.14.1.tgz. Extracting by manifest.
6627 silly tarball no local data for parse-node-version@https://registry.npmjs.org/parse-node-version/-/parse-node-version-1.0.1.tgz. Extracting by manifest.
6628 silly tarball no local data for needle@https://registry.npmjs.org/needle/-/needle-3.3.1.tgz. Extracting by manifest.
6629 silly tarball no local data for copy-anything@https://registry.npmjs.org/copy-anything/-/copy-anything-2.0.6.tgz. Extracting by manifest.
6630 silly tarball no local data for errno@https://registry.npmjs.org/errno/-/errno-0.1.8.tgz. Extracting by manifest.
6631 silly tarball no local data for image-size@https://registry.npmjs.org/image-size/-/image-size-0.5.5.tgz. Extracting by manifest.
6632 silly tarball no local data for html-escaper@https://registry.npmjs.org/html-escaper/-/html-escaper-2.0.2.tgz. Extracting by manifest.
6633 silly tarball no local data for make-dir@https://registry.npmjs.org/make-dir/-/make-dir-4.0.0.tgz. Extracting by manifest.
6634 silly tarball no local data for supports-color@https://registry.npmjs.org/supports-color/-/supports-color-7.2.0.tgz. Extracting by manifest.
6635 silly tarball no local data for dunder-proto@https://registry.npmjs.org/dunder-proto/-/dunder-proto-1.0.1.tgz. Extracting by manifest.
6636 silly tarball no local data for istanbul-lib-report@https://registry.npmjs.org/istanbul-lib-report/-/istanbul-lib-report-3.0.1.tgz. Extracting by manifest.
6637 silly tarball no local data for istanbul-reports@https://registry.npmjs.org/istanbul-reports/-/istanbul-reports-3.2.0.tgz. Extracting by manifest.
6638 silly tarball no local data for istanbul-lib-source-maps@https://registry.npmjs.org/istanbul-lib-source-maps/-/istanbul-lib-source-maps-4.0.1.tgz. Extracting by manifest.
6639 silly tarball no local data for math-intrinsics@https://registry.npmjs.org/math-intrinsics/-/math-intrinsics-1.1.0.tgz. Extracting by manifest.
6640 silly tarball no local data for has-symbols@https://registry.npmjs.org/has-symbols/-/has-symbols-1.1.0.tgz. Extracting by manifest.
6641 silly tarball no local data for es-object-atoms@https://registry.npmjs.org/es-object-atoms/-/es-object-atoms-1.1.1.tgz. Extracting by manifest.
6642 silly tarball no local data for get-proto@https://registry.npmjs.org/get-proto/-/get-proto-1.0.1.tgz. Extracting by manifest.
6643 silly tarball no local data for es-define-property@https://registry.npmjs.org/es-define-property/-/es-define-property-1.0.1.tgz. Extracting by manifest.
6644 silly tarball no local data for gopd@https://registry.npmjs.org/gopd/-/gopd-1.2.0.tgz. Extracting by manifest.
6645 silly tarball no local data for get-intrinsic@https://registry.npmjs.org/get-intrinsic/-/get-intrinsic-1.3.0.tgz. Extracting by manifest.
6646 silly tarball no local data for function-bind@https://registry.npmjs.org/function-bind/-/function-bind-1.1.2.tgz. Extracting by manifest.
6647 silly tarball no local data for safe-regex-test@https://registry.npmjs.org/safe-regex-test/-/safe-regex-test-1.1.0.tgz. Extracting by manifest.
6648 silly tarball no local data for call-bind-apply-helpers@https://registry.npmjs.org/call-bind-apply-helpers/-/call-bind-apply-helpers-1.0.2.tgz. Extracting by manifest.
6649 silly tarball no local data for punycode@https://registry.npmjs.org/punycode/-/punycode-1.4.1.tgz. Extracting by manifest.
6650 silly tarball no local data for hasown@https://registry.npmjs.org/hasown/-/hasown-2.0.2.tgz. Extracting by manifest.
6651 silly tarball no local data for call-bound@https://registry.npmjs.org/call-bound/-/call-bound-1.0.4.tgz. Extracting by manifest.
6652 silly tarball no local data for custom-event@https://registry.npmjs.org/custom-event/-/custom-event-1.0.1.tgz. Extracting by manifest.
6653 silly tarball no local data for extend@https://registry.npmjs.org/extend/-/extend-3.0.2.tgz. Extracting by manifest.
6654 silly tarball no local data for void-elements@https://registry.npmjs.org/void-elements/-/void-elements-2.0.1.tgz. Extracting by manifest.
6655 silly tarball no local data for to-regex-range@https://registry.npmjs.org/to-regex-range/-/to-regex-range-5.0.1.tgz. Extracting by manifest.
6656 silly tarball no local data for utils-merge@https://registry.npmjs.org/utils-merge/-/utils-merge-1.0.1.tgz. Extracting by manifest.
6657 silly tarball no local data for es-errors@https://registry.npmjs.org/es-errors/-/es-errors-1.3.0.tgz. Extracting by manifest.
6658 silly tarball no local data for tmp@https://registry.npmjs.org/tmp/-/tmp-0.2.5.tgz. Extracting by manifest.
6659 silly tarball no local data for ent@https://registry.npmjs.org/ent/-/ent-2.2.2.tgz. Extracting by manifest.
6660 silly tarball no local data for fill-range@https://registry.npmjs.org/fill-range/-/fill-range-7.1.1.tgz. Extracting by manifest.
6661 silly tarball no local data for rimraf@https://registry.npmjs.org/rimraf/-/rimraf-3.0.2.tgz. Extracting by manifest.
6662 silly tarball no local data for mkdirp@https://registry.npmjs.org/mkdirp/-/mkdirp-0.5.6.tgz. Extracting by manifest.
6663 silly tarball no local data for qjobs@https://registry.npmjs.org/qjobs/-/qjobs-1.2.0.tgz. Extracting by manifest.
6664 silly tarball no local data for mime@https://registry.npmjs.org/mime/-/mime-2.6.0.tgz. Extracting by manifest.
6665 silly tarball no local data for log4js@https://registry.npmjs.org/log4js/-/log4js-6.9.1.tgz. Extracting by manifest.
6666 silly tarball no local data for dom-serialize@https://registry.npmjs.org/dom-serialize/-/dom-serialize-2.2.1.tgz. Extracting by manifest.
6667 silly tarball no local data for ua-parser-js@https://registry.npmjs.org/ua-parser-js/-/ua-parser-js-0.7.41.tgz. Extracting by manifest.
6668 silly tarball no local data for socket.io@https://registry.npmjs.org/socket.io/-/socket.io-4.8.3.tgz. Extracting by manifest.
6669 silly tarball no local data for di@https://registry.npmjs.org/di/-/di-0.0.1.tgz. Extracting by manifest.
6670 silly tarball no local data for isbinaryfile@https://registry.npmjs.org/isbinaryfile/-/isbinaryfile-4.0.10.tgz. Extracting by manifest.
6671 silly tarball no local data for @colors/colors@https://registry.npmjs.org/@colors/colors/-/colors-1.5.0.tgz. Extracting by manifest.
6672 silly tarball no local data for braces@https://registry.npmjs.org/braces/-/braces-3.0.3.tgz. Extracting by manifest.
6673 silly tarball no local data for argparse@https://registry.npmjs.org/argparse/-/argparse-2.0.1.tgz. Extracting by manifest.
6674 silly tarball no local data for connect@https://registry.npmjs.org/connect/-/connect-3.7.0.tgz. Extracting by manifest.
6675 silly tarball no local data for strip-ansi-cjs@https://registry.npmjs.org/strip-ansi/-/strip-ansi-6.0.1.tgz. Extracting by manifest.
6676 silly tarball no local data for strip-ansi@https://registry.npmjs.org/strip-ansi/-/strip-ansi-7.1.2.tgz. Extracting by manifest.
6677 silly tarball no local data for string-width-cjs@https://registry.npmjs.org/string-width/-/string-width-4.2.3.tgz. Extracting by manifest.
6678 silly tarball no local data for @isaacs/cliui@https://registry.npmjs.org/@isaacs/cliui/-/cliui-8.0.2.tgz. Extracting by manifest.
6679 silly tarball no local data for string-width@https://registry.npmjs.org/string-width/-/string-width-5.1.2.tgz. Extracting by manifest.
6680 silly tarball no local data for @pkgjs/parseargs@https://registry.npmjs.org/@pkgjs/parseargs/-/parseargs-0.11.0.tgz. Extracting by manifest.
6681 silly tarball no local data for @istanbuljs/schema@https://registry.npmjs.org/@istanbuljs/schema/-/schema-0.1.3.tgz. Extracting by manifest.
6682 silly tarball no local data for resolve-from@https://registry.npmjs.org/resolve-from/-/resolve-from-4.0.0.tgz. Extracting by manifest.
6683 silly tarball no local data for is-extglob@https://registry.npmjs.org/is-extglob/-/is-extglob-2.1.1.tgz. Extracting by manifest.
6684 silly tarball no local data for istanbul-lib-coverage@https://registry.npmjs.org/istanbul-lib-coverage/-/istanbul-lib-coverage-3.2.2.tgz. Extracting by manifest.
6685 silly tarball no local data for parent-module@https://registry.npmjs.org/parent-module/-/parent-module-1.0.1.tgz. Extracting by manifest.
6686 silly tarball no local data for wrap-ansi-cjs@https://registry.npmjs.org/wrap-ansi/-/wrap-ansi-7.0.0.tgz. Extracting by manifest.
6687 silly tarball no local data for safer-buffer@https://registry.npmjs.org/safer-buffer/-/safer-buffer-2.1.2.tgz. Extracting by manifest.
6688 silly tarball no local data for agent-base@https://registry.npmjs.org/agent-base/-/agent-base-7.1.4.tgz. Extracting by manifest.
6689 silly tarball no local data for requires-port@https://registry.npmjs.org/requires-port/-/requires-port-1.0.0.tgz. Extracting by manifest.
6690 silly tarball no local data for eventemitter3@https://registry.npmjs.org/eventemitter3/-/eventemitter3-4.0.7.tgz. Extracting by manifest.
6691 silly tarball no local data for is-plain-object@https://registry.npmjs.org/is-plain-object/-/is-plain-object-5.0.0.tgz. Extracting by manifest.
6692 silly tarball no local data for @types/node@https://registry.npmjs.org/@types/node/-/node-25.0.10.tgz. Extracting by manifest.
6693 silly tarball no local data for follow-redirects@https://registry.npmjs.org/follow-redirects/-/follow-redirects-1.15.11.tgz. Extracting by manifest.
6694 silly tarball no local data for http-proxy@https://registry.npmjs.org/http-proxy/-/http-proxy-1.18.1.tgz. Extracting by manifest.
6695 silly tarball no local data for toidentifier@https://registry.npmjs.org/toidentifier/-/toidentifier-1.0.1.tgz. Extracting by manifest.
6696 silly tarball no local data for setprototypeof@https://registry.npmjs.org/setprototypeof/-/setprototypeof-1.2.0.tgz. Extracting by manifest.
6697 silly tarball no local data for undici-types@https://registry.npmjs.org/undici-types/-/undici-types-7.16.0.tgz. Extracting by manifest.
6698 silly tarball no local data for is-glob@https://registry.npmjs.org/is-glob/-/is-glob-4.0.3.tgz. Extracting by manifest.
6699 silly tarball no local data for path-scurry@https://registry.npmjs.org/path-scurry/-/path-scurry-1.11.1.tgz. Extracting by manifest.
6700 silly tarball no local data for inherits@https://registry.npmjs.org/inherits/-/inherits-2.0.4.tgz. Extracting by manifest.
6701 silly tarball no local data for package-json-from-dist@https://registry.npmjs.org/package-json-from-dist/-/package-json-from-dist-1.0.1.tgz. Extracting by manifest.
6702 silly tarball no local data for minipass@https://registry.npmjs.org/minipass/-/minipass-7.1.2.tgz. Extracting by manifest.
6703 silly tarball no local data for minimatch@https://registry.npmjs.org/minimatch/-/minimatch-9.0.5.tgz. Extracting by manifest.
6704 silly tarball no local data for foreground-child@https://registry.npmjs.org/foreground-child/-/foreground-child-3.3.1.tgz. Extracting by manifest.
6705 silly tarball no local data for @types/http-proxy@https://registry.npmjs.org/@types/http-proxy/-/http-proxy-1.17.17.tgz. Extracting by manifest.
6706 silly tarball no local data for jsonfile@https://registry.npmjs.org/jsonfile/-/jsonfile-6.2.0.tgz. Extracting by manifest.
6707 silly tarball no local data for universalify@https://registry.npmjs.org/universalify/-/universalify-2.0.1.tgz. Extracting by manifest.
6708 silly tarball no local data for graceful-fs@https://registry.npmjs.org/graceful-fs/-/graceful-fs-4.2.11.tgz. Extracting by manifest.
6709 silly tarball no local data for jackspeak@https://registry.npmjs.org/jackspeak/-/jackspeak-3.4.3.tgz. Extracting by manifest.
6710 silly tarball no local data for locate-path@https://registry.npmjs.org/locate-path/-/locate-path-6.0.0.tgz. Extracting by manifest.
6711 silly tarball no local data for path-exists@https://registry.npmjs.org/path-exists/-/path-exists-4.0.0.tgz. Extracting by manifest.
6712 silly tarball no local data for reusify@https://registry.npmjs.org/reusify/-/reusify-1.1.0.tgz. Extracting by manifest.
6713 silly tarball no local data for run-parallel@https://registry.npmjs.org/run-parallel/-/run-parallel-1.2.0.tgz. Extracting by manifest.
6714 silly tarball no local data for fastq@https://registry.npmjs.org/fastq/-/fastq-1.20.1.tgz. Extracting by manifest.
6715 silly tarball no local data for micromatch@https://registry.npmjs.org/micromatch/-/micromatch-4.0.8.tgz. Extracting by manifest.
6716 silly tarball no local data for @nodelib/fs.scandir@https://registry.npmjs.org/@nodelib/fs.scandir/-/fs.scandir-2.1.5.tgz. Extracting by manifest.
6717 silly tarball no local data for merge2@https://registry.npmjs.org/merge2/-/merge2-1.4.1.tgz. Extracting by manifest.
6718 silly tarball no local data for @nodelib/fs.stat@https://registry.npmjs.org/@nodelib/fs.stat/-/fs.stat-2.0.5.tgz. Extracting by manifest.
6719 silly tarball no local data for bytes@https://registry.npmjs.org/bytes/-/bytes-3.1.2.tgz. Extracting by manifest.
6720 silly tarball no local data for type-is@https://registry.npmjs.org/type-is/-/type-is-2.0.1.tgz. Extracting by manifest.
6721 silly tarball no local data for serve-static@https://registry.npmjs.org/serve-static/-/serve-static-2.2.1.tgz. Extracting by manifest.
6722 silly tarball no local data for statuses@https://registry.npmjs.org/statuses/-/statuses-2.0.2.tgz. Extracting by manifest.
6723 silly tarball no local data for negotiator@https://registry.npmjs.org/negotiator/-/negotiator-1.0.0.tgz. Extracting by manifest.
6724 silly tarball no local data for router@https://registry.npmjs.org/router/-/router-2.2.0.tgz. Extracting by manifest.
6725 silly tarball no local data for range-parser@https://registry.npmjs.org/range-parser/-/range-parser-1.2.1.tgz. Extracting by manifest.
6726 silly tarball no local data for @nodelib/fs.walk@https://registry.npmjs.org/@nodelib/fs.walk/-/fs.walk-1.2.8.tgz. Extracting by manifest.
6727 silly tarball no local data for qs@https://registry.npmjs.org/qs/-/qs-6.14.1.tgz. Extracting by manifest.
6728 silly tarball no local data for parseurl@https://registry.npmjs.org/parseurl/-/parseurl-1.3.3.tgz. Extracting by manifest.
6729 silly tarball no local data for proxy-addr@https://registry.npmjs.org/proxy-addr/-/proxy-addr-2.0.7.tgz. Extracting by manifest.
6730 silly tarball no local data for once@https://registry.npmjs.org/once/-/once-1.4.0.tgz. Extracting by manifest.
6731 silly tarball no local data for on-finished@https://registry.npmjs.org/on-finished/-/on-finished-2.4.1.tgz. Extracting by manifest.
6732 silly tarball no local data for http-errors@https://registry.npmjs.org/http-errors/-/http-errors-2.0.1.tgz. Extracting by manifest.
6733 silly tarball no local data for merge-descriptors@https://registry.npmjs.org/merge-descriptors/-/merge-descriptors-2.0.0.tgz. Extracting by manifest.
6734 silly tarball no local data for mime-types@https://registry.npmjs.org/mime-types/-/mime-types-3.0.2.tgz. Extracting by manifest.
6735 silly tarball no local data for finalhandler@https://registry.npmjs.org/finalhandler/-/finalhandler-2.1.1.tgz. Extracting by manifest.
6736 silly tarball no local data for etag@https://registry.npmjs.org/etag/-/etag-1.8.1.tgz. Extracting by manifest.
6737 silly tarball no local data for escape-html@https://registry.npmjs.org/escape-html/-/escape-html-1.0.3.tgz. Extracting by manifest.
6738 silly tarball no local data for encodeurl@https://registry.npmjs.org/encodeurl/-/encodeurl-2.0.0.tgz. Extracting by manifest.
6739 silly tarball no local data for fresh@https://registry.npmjs.org/fresh/-/fresh-2.0.0.tgz. Extracting by manifest.
6740 silly tarball no local data for send@https://registry.npmjs.org/send/-/send-1.2.1.tgz. Extracting by manifest.
6741 silly tarball no local data for depd@https://registry.npmjs.org/depd/-/depd-2.0.0.tgz. Extracting by manifest.
6742 silly tarball no local data for cookie@https://registry.npmjs.org/cookie/-/cookie-0.7.2.tgz. Extracting by manifest.
6743 silly tarball no local data for cookie-signature@https://registry.npmjs.org/cookie-signature/-/cookie-signature-1.2.2.tgz. Extracting by manifest.
6744 silly tarball no local data for accepts@https://registry.npmjs.org/accepts/-/accepts-2.0.0.tgz. Extracting by manifest.
6745 silly tarball no local data for content-disposition@https://registry.npmjs.org/content-disposition/-/content-disposition-1.0.1.tgz. Extracting by manifest.
6746 silly tarball no local data for body-parser@https://registry.npmjs.org/body-parser/-/body-parser-2.2.2.tgz. Extracting by manifest.
6747 silly tarball no local data for @esbuild/darwin-arm64@https://registry.npmjs.org/@esbuild/darwin-arm64/-/darwin-arm64-0.25.9.tgz. Extracting by manifest.
6748 silly tarball no local data for entities@https://registry.npmjs.org/entities/-/entities-4.5.0.tgz. Extracting by manifest.
6749 silly tarball no local data for domelementtype@https://registry.npmjs.org/domelementtype/-/domelementtype-2.3.0.tgz. Extracting by manifest.
6750 silly tarball no local data for boolbase@https://registry.npmjs.org/boolbase/-/boolbase-1.0.0.tgz. Extracting by manifest.
6751 silly tarball no local data for postcss-modules-values@https://registry.npmjs.org/postcss-modules-values/-/postcss-modules-values-4.0.0.tgz. Extracting by manifest.
6752 silly tarball no local data for nth-check@https://registry.npmjs.org/nth-check/-/nth-check-2.1.1.tgz. Extracting by manifest.
6753 silly tarball no local data for domutils@https://registry.npmjs.org/domutils/-/domutils-3.2.2.tgz. Extracting by manifest.
6754 silly tarball no local data for ms@https://registry.npmjs.org/ms/-/ms-2.1.3.tgz. Extracting by manifest.
6755 silly tarball no local data for postcss-modules-local-by-default@https://registry.npmjs.org/postcss-modules-local-by-default/-/postcss-modules-local-by-default-4.2.0.tgz. Extracting by manifest.
6756 silly tarball no local data for postcss-modules-scope@https://registry.npmjs.org/postcss-modules-scope/-/postcss-modules-scope-3.2.1.tgz. Extracting by manifest.
6757 silly tarball no local data for icss-utils@https://registry.npmjs.org/icss-utils/-/icss-utils-5.1.0.tgz. Extracting by manifest.
6758 silly tarball no local data for shebang-command@https://registry.npmjs.org/shebang-command/-/shebang-command-2.0.0.tgz. Extracting by manifest.
6759 silly tarball no local data for path-type@https://registry.npmjs.org/path-type/-/path-type-4.0.0.tgz. Extracting by manifest.
6760 silly tarball no local data for postcss-modules-extract-imports@https://registry.npmjs.org/postcss-modules-extract-imports/-/postcss-modules-extract-imports-3.1.0.tgz. Extracting by manifest.
6761 silly tarball no local data for parse-json@https://registry.npmjs.org/parse-json/-/parse-json-5.2.0.tgz. Extracting by manifest.
6762 silly tarball no local data for which@https://registry.npmjs.org/which/-/which-2.0.2.tgz. Extracting by manifest.
6763 silly tarball no local data for path-key@https://registry.npmjs.org/path-key/-/path-key-3.1.1.tgz. Extracting by manifest.
6764 silly tarball no local data for import-fresh@https://registry.npmjs.org/import-fresh/-/import-fresh-3.3.1.tgz. Extracting by manifest.
6765 silly tarball no local data for vary@https://registry.npmjs.org/vary/-/vary-1.1.2.tgz. Extracting by manifest.
6766 silly tarball no local data for object-assign@https://registry.npmjs.org/object-assign/-/object-assign-4.1.1.tgz. Extracting by manifest.
6767 silly tarball no local data for serialize-javascript@https://registry.npmjs.org/serialize-javascript/-/serialize-javascript-6.0.2.tgz. Extracting by manifest.
6768 silly tarball no local data for js-yaml@https://registry.npmjs.org/js-yaml/-/js-yaml-4.1.1.tgz. Extracting by manifest.
6769 silly tarball no local data for normalize-path@https://registry.npmjs.org/normalize-path/-/normalize-path-3.0.0.tgz. Extracting by manifest.
6770 silly tarball no local data for schema-utils@https://registry.npmjs.org/schema-utils/-/schema-utils-4.3.3.tgz. Extracting by manifest.
6771 silly tarball no local data for readdirp@https://registry.npmjs.org/readdirp/-/readdirp-4.1.2.tgz. Extracting by manifest.
6772 silly tarball no local data for node-releases@https://registry.npmjs.org/node-releases/-/node-releases-2.0.27.tgz. Extracting by manifest.
6773 silly tarball no local data for electron-to-chromium@https://registry.npmjs.org/electron-to-chromium/-/electron-to-chromium-1.5.278.tgz. Extracting by manifest.
6774 silly tarball no local data for glob-parent@https://registry.npmjs.org/glob-parent/-/glob-parent-6.0.2.tgz. Extracting by manifest.
6775 silly tarball no local data for postcss-media-query-parser@https://registry.npmjs.org/postcss-media-query-parser/-/postcss-media-query-parser-0.2.3.tgz. Extracting by manifest.
6776 silly tarball no local data for htmlparser2@https://registry.npmjs.org/htmlparser2/-/htmlparser2-10.1.0.tgz. Extracting by manifest.
6777 silly tarball no local data for update-browserslist-db@https://registry.npmjs.org/update-browserslist-db/-/update-browserslist-db-1.2.3.tgz. Extracting by manifest.
6778 silly tarball no local data for dom-serializer@https://registry.npmjs.org/dom-serializer/-/dom-serializer-2.0.0.tgz. Extracting by manifest.
6779 silly tarball no local data for domhandler@https://registry.npmjs.org/domhandler/-/domhandler-5.0.3.tgz. Extracting by manifest.
6780 silly tarball no local data for css-what@https://registry.npmjs.org/css-what/-/css-what-7.0.0.tgz. Extracting by manifest.
6781 silly tarball no local data for lodash.debounce@https://registry.npmjs.org/lodash.debounce/-/lodash.debounce-4.0.8.tgz. Extracting by manifest.
6782 silly tarball no local data for baseline-browser-mapping@https://registry.npmjs.org/baseline-browser-mapping/-/baseline-browser-mapping-2.9.18.tgz. Extracting by manifest.
6783 silly tarball no local data for find-up@https://registry.npmjs.org/find-up/-/find-up-5.0.0.tgz. Extracting by manifest.
6784 silly tarball no local data for normalize-range@https://registry.npmjs.org/normalize-range/-/normalize-range-0.1.2.tgz. Extracting by manifest.
6785 silly tarball no local data for postcss-value-parser@https://registry.npmjs.org/postcss-value-parser/-/postcss-value-parser-4.2.0.tgz. Extracting by manifest.
6786 silly tarball no local data for fraction.js@https://registry.npmjs.org/fraction.js/-/fraction.js-4.3.7.tgz. Extracting by manifest.
6787 silly tarball no local data for @yr/monotone-cubic-spline@https://registry.npmjs.org/@yr/monotone-cubic-spline/-/monotone-cubic-spline-1.0.3.tgz. Extracting by manifest.
6788 silly tarball no local data for @babel/helper-define-polyfill-provider@https://registry.npmjs.org/@babel/helper-define-polyfill-provider/-/helper-define-polyfill-provider-0.6.6.tgz. Extracting by manifest.
6789 silly tarball no local data for @svgdotjs/svg.select.js@https://registry.npmjs.org/@svgdotjs/svg.select.js/-/svg.select.js-4.0.3.tgz. Extracting by manifest.
6790 silly tarball no local data for @svgdotjs/svg.resize.js@https://registry.npmjs.org/@svgdotjs/svg.resize.js/-/svg.resize.js-2.0.5.tgz. Extracting by manifest.
6791 silly tarball no local data for caniuse-lite@https://registry.npmjs.org/caniuse-lite/-/caniuse-lite-1.0.30001766.tgz. Extracting by manifest.
6792 silly tarball no local data for css-select@https://registry.npmjs.org/css-select/-/css-select-6.0.0.tgz. Extracting by manifest.
6793 silly tarball no local data for @svgdotjs/svg.filter.js@https://registry.npmjs.org/@svgdotjs/svg.filter.js/-/svg.filter.js-3.0.9.tgz. Extracting by manifest.
6794 silly tarball no local data for @svgdotjs/svg.js@https://registry.npmjs.org/@svgdotjs/svg.js/-/svg.js-3.2.5.tgz. Extracting by manifest.
6795 silly tarball no local data for @algolia/requester-fetch@https://registry.npmjs.org/@algolia/requester-fetch/-/requester-fetch-5.35.0.tgz. Extracting by manifest.
6796 silly tarball no local data for @algolia/requester-browser-xhr@https://registry.npmjs.org/@algolia/requester-browser-xhr/-/requester-browser-xhr-5.35.0.tgz. Extracting by manifest.
6797 silly tarball no local data for @svgdotjs/svg.draggable.js@https://registry.npmjs.org/@svgdotjs/svg.draggable.js/-/svg.draggable.js-3.0.6.tgz. Extracting by manifest.
6798 silly tarball no local data for @algolia/requester-node-http@https://registry.npmjs.org/@algolia/requester-node-http/-/requester-node-http-5.35.0.tgz. Extracting by manifest.
6799 silly tarball no local data for @algolia/recommend@https://registry.npmjs.org/@algolia/recommend/-/recommend-5.35.0.tgz. Extracting by manifest.
6800 silly tarball no local data for @algolia/ingestion@https://registry.npmjs.org/@algolia/ingestion/-/ingestion-1.35.0.tgz. Extracting by manifest.
6801 silly tarball no local data for @algolia/monitoring@https://registry.npmjs.org/@algolia/monitoring/-/monitoring-1.35.0.tgz. Extracting by manifest.
6802 silly tarball no local data for @algolia/client-query-suggestions@https://registry.npmjs.org/@algolia/client-query-suggestions/-/client-query-suggestions-5.35.0.tgz. Extracting by manifest.
6803 silly tarball no local data for @algolia/client-personalization@https://registry.npmjs.org/@algolia/client-personalization/-/client-personalization-5.35.0.tgz. Extracting by manifest.
6804 silly tarball no local data for @algolia/client-search@https://registry.npmjs.org/@algolia/client-search/-/client-search-5.35.0.tgz. Extracting by manifest.
6805 silly tarball no local data for @algolia/client-insights@https://registry.npmjs.org/@algolia/client-insights/-/client-insights-5.35.0.tgz. Extracting by manifest.
6806 silly tarball no local data for @algolia/client-analytics@https://registry.npmjs.org/@algolia/client-analytics/-/client-analytics-5.35.0.tgz. Extracting by manifest.
6807 silly tarball no local data for @algolia/client-common@https://registry.npmjs.org/@algolia/client-common/-/client-common-5.35.0.tgz. Extracting by manifest.
6808 silly tarball no local data for require-from-string@https://registry.npmjs.org/require-from-string/-/require-from-string-2.0.2.tgz. Extracting by manifest.
6809 silly tarball no local data for json-schema-traverse@https://registry.npmjs.org/json-schema-traverse/-/json-schema-traverse-1.0.0.tgz. Extracting by manifest.
6810 silly tarball no local data for @algolia/abtesting@https://registry.npmjs.org/@algolia/abtesting/-/abtesting-1.1.0.tgz. Extracting by manifest.
6811 silly tarball no local data for fast-uri@https://registry.npmjs.org/fast-uri/-/fast-uri-3.1.0.tgz. Extracting by manifest.
6812 silly tarball no local data for postcss-selector-parser@https://registry.npmjs.org/postcss-selector-parser/-/postcss-selector-parser-6.0.10.tgz. Extracting by manifest.
6813 silly tarball no local data for fast-deep-equal@https://registry.npmjs.org/fast-deep-equal/-/fast-deep-equal-3.1.3.tgz. Extracting by manifest.
6814 silly tarball no local data for @algolia/client-abtesting@https://registry.npmjs.org/@algolia/client-abtesting/-/client-abtesting-5.35.0.tgz. Extracting by manifest.
6815 silly tarball no local data for lodash.merge@https://registry.npmjs.org/lodash.merge/-/lodash.merge-4.6.2.tgz. Extracting by manifest.
6816 silly tarball no local data for lodash.isplainobject@https://registry.npmjs.org/lodash.isplainobject/-/lodash.isplainobject-4.0.6.tgz. Extracting by manifest.
6817 silly tarball no local data for lodash.castarray@https://registry.npmjs.org/lodash.castarray/-/lodash.castarray-4.4.0.tgz. Extracting by manifest.
6818 silly tarball no local data for zod-to-json-schema@https://registry.npmjs.org/zod-to-json-schema/-/zod-to-json-schema-3.25.1.tgz. Extracting by manifest.
6819 silly tarball no local data for @primeuix/utils@https://registry.npmjs.org/@primeuix/utils/-/utils-0.6.4.tgz. Extracting by manifest.
6820 silly tarball no local data for @primeuix/styled@https://registry.npmjs.org/@primeuix/styled/-/styled-0.7.4.tgz. Extracting by manifest.
6821 silly tarball no local data for raw-body@https://registry.npmjs.org/raw-body/-/raw-body-3.0.2.tgz. Extracting by manifest.
6822 silly tarball no local data for pkce-challenge@https://registry.npmjs.org/pkce-challenge/-/pkce-challenge-5.0.1.tgz. Extracting by manifest.
6823 silly tarball no local data for express@https://registry.npmjs.org/express/-/express-5.2.1.tgz. Extracting by manifest.
6824 silly tarball no local data for cors@https://registry.npmjs.org/cors/-/cors-2.8.6.tgz. Extracting by manifest.
6825 silly tarball no local data for eventsource-parser@https://registry.npmjs.org/eventsource-parser/-/eventsource-parser-3.0.6.tgz. Extracting by manifest.
6826 silly tarball no local data for eventsource@https://registry.npmjs.org/eventsource/-/eventsource-3.0.7.tgz. Extracting by manifest.
6827 silly tarball no local data for cross-spawn@https://registry.npmjs.org/cross-spawn/-/cross-spawn-7.0.6.tgz. Extracting by manifest.
6828 silly tarball no local data for content-type@https://registry.npmjs.org/content-type/-/content-type-1.0.5.tgz. Extracting by manifest.
6829 silly tarball no local data for express-rate-limit@https://registry.npmjs.org/express-rate-limit/-/express-rate-limit-7.5.1.tgz. Extracting by manifest.
6830 silly tarball no local data for replace-in-file@https://registry.npmjs.org/replace-in-file/-/replace-in-file-7.2.0.tgz. Extracting by manifest.
6831 silly tarball no local data for lodash.kebabcase@https://registry.npmjs.org/lodash.kebabcase/-/lodash.kebabcase-4.1.1.tgz. Extracting by manifest.
6832 silly tarball no local data for glob@https://registry.npmjs.org/glob/-/glob-10.5.0.tgz. Extracting by manifest.
6833 silly tarball no local data for fs-extra@https://registry.npmjs.org/fs-extra/-/fs-extra-11.3.3.tgz. Extracting by manifest.
6834 silly tarball no local data for @jsverse/transloco-utils@https://registry.npmjs.org/@jsverse/transloco-utils/-/transloco-utils-7.0.2.tgz. Extracting by manifest.
6835 silly tarball no local data for @jridgewell/resolve-uri@https://registry.npmjs.org/@jridgewell/resolve-uri/-/resolve-uri-3.1.2.tgz. Extracting by manifest.
6836 silly tarball no local data for @inquirer/external-editor@https://registry.npmjs.org/@inquirer/external-editor/-/external-editor-1.0.3.tgz. Extracting by manifest.
6837 silly tarball no local data for iconv-lite@https://registry.npmjs.org/iconv-lite/-/iconv-lite-0.7.2.tgz. Extracting by manifest.
6838 silly tarball no local data for chardet@https://registry.npmjs.org/chardet/-/chardet-2.1.1.tgz. Extracting by manifest.
6839 silly tarball no local data for @inquirer/select@https://registry.npmjs.org/@inquirer/select/-/select-4.4.2.tgz. Extracting by manifest.
6840 silly tarball no local data for @inquirer/rawlist@https://registry.npmjs.org/@inquirer/rawlist/-/rawlist-4.1.11.tgz. Extracting by manifest.
6841 silly tarball no local data for @inquirer/password@https://registry.npmjs.org/@inquirer/password/-/password-4.0.23.tgz. Extracting by manifest.
6842 silly tarball no local data for cosmiconfig@https://registry.npmjs.org/cosmiconfig/-/cosmiconfig-8.3.6.tgz. Extracting by manifest.
6843 silly tarball no local data for @inquirer/search@https://registry.npmjs.org/@inquirer/search/-/search-3.2.2.tgz. Extracting by manifest.
6844 silly tarball no local data for @inquirer/input@https://registry.npmjs.org/@inquirer/input/-/input-4.3.1.tgz. Extracting by manifest.
6845 silly tarball no local data for @inquirer/number@https://registry.npmjs.org/@inquirer/number/-/number-3.0.23.tgz. Extracting by manifest.
6846 silly tarball no local data for @inquirer/expand@https://registry.npmjs.org/@inquirer/expand/-/expand-4.0.23.tgz. Extracting by manifest.
6847 silly tarball no local data for @inquirer/editor@https://registry.npmjs.org/@inquirer/editor/-/editor-4.2.23.tgz. Extracting by manifest.
6848 silly tarball no local data for yoctocolors-cjs@https://registry.npmjs.org/yoctocolors-cjs/-/yoctocolors-cjs-2.1.3.tgz. Extracting by manifest.
6849 silly tarball no local data for @inquirer/checkbox@https://registry.npmjs.org/@inquirer/checkbox/-/checkbox-4.3.2.tgz. Extracting by manifest.
6850 silly tarball no local data for mute-stream@https://registry.npmjs.org/mute-stream/-/mute-stream-2.0.0.tgz. Extracting by manifest.
6851 silly tarball no local data for cli-width@https://registry.npmjs.org/cli-width/-/cli-width-4.1.0.tgz. Extracting by manifest.
6852 silly tarball no local data for @inquirer/ansi@https://registry.npmjs.org/@inquirer/ansi/-/ansi-1.0.2.tgz. Extracting by manifest.
6853 silly tarball no local data for @inquirer/figures@https://registry.npmjs.org/@inquirer/figures/-/figures-1.0.15.tgz. Extracting by manifest.
6854 silly tarball no local data for signal-exit@https://registry.npmjs.org/signal-exit/-/signal-exit-4.1.0.tgz. Extracting by manifest.
6855 silly tarball no local data for @inquirer/type@https://registry.npmjs.org/@inquirer/type/-/type-3.0.10.tgz. Extracting by manifest.
6856 silly tarball no local data for @inquirer/core@https://registry.npmjs.org/@inquirer/core/-/core-10.3.2.tgz. Extracting by manifest.
6857 silly tarball no local data for wrap-ansi@https://registry.npmjs.org/wrap-ansi/-/wrap-ansi-6.2.0.tgz. Extracting by manifest.
6858 silly tarball no local data for @babel/helper-string-parser@https://registry.npmjs.org/@babel/helper-string-parser/-/helper-string-parser-7.27.1.tgz. Extracting by manifest.
6859 silly tarball no local data for esutils@https://registry.npmjs.org/esutils/-/esutils-2.0.3.tgz. Extracting by manifest.
6860 silly tarball no local data for @babel/helper-replace-supers@https://registry.npmjs.org/@babel/helper-replace-supers/-/helper-replace-supers-7.28.6.tgz. Extracting by manifest.
6861 silly tarball no local data for @babel/helper-member-expression-to-functions@https://registry.npmjs.org/@babel/helper-member-expression-to-functions/-/helper-member-expression-to-functions-7.28.5.tgz. Extracting by manifest.
6862 silly tarball no local data for @babel/helper-globals@https://registry.npmjs.org/@babel/helper-globals/-/helper-globals-7.28.0.tgz. Extracting by manifest.
6863 silly tarball no local data for @babel/helper-create-class-features-plugin@https://registry.npmjs.org/@babel/helper-create-class-features-plugin/-/helper-create-class-features-plugin-7.28.6.tgz. Extracting by manifest.
6864 silly tarball no local data for regexpu-core@https://registry.npmjs.org/regexpu-core/-/regexpu-core-6.4.0.tgz. Extracting by manifest.
6865 silly tarball no local data for @babel/helper-create-regexp-features-plugin@https://registry.npmjs.org/@babel/helper-create-regexp-features-plugin/-/helper-create-regexp-features-plugin-7.28.5.tgz. Extracting by manifest.
6866 silly tarball no local data for @babel/helper-optimise-call-expression@https://registry.npmjs.org/@babel/helper-optimise-call-expression/-/helper-optimise-call-expression-7.27.1.tgz. Extracting by manifest.
6867 silly tarball no local data for core-js-compat@https://registry.npmjs.org/core-js-compat/-/core-js-compat-3.48.0.tgz. Extracting by manifest.
6868 silly tarball no local data for @babel/helper-skip-transparent-expression-wrappers@https://registry.npmjs.org/@babel/helper-skip-transparent-expression-wrappers/-/helper-skip-transparent-expression-wrappers-7.27.1.tgz. Extracting by manifest.
6869 silly tarball no local data for @babel/plugin-transform-unicode-sets-regex@https://registry.npmjs.org/@babel/plugin-transform-unicode-sets-regex/-/plugin-transform-unicode-sets-regex-7.28.6.tgz. Extracting by manifest.
6870 silly tarball no local data for @babel/plugin-transform-unicode-regex@https://registry.npmjs.org/@babel/plugin-transform-unicode-regex/-/plugin-transform-unicode-regex-7.27.1.tgz. Extracting by manifest.
6871 silly tarball no local data for @babel/plugin-transform-unicode-property-regex@https://registry.npmjs.org/@babel/plugin-transform-unicode-property-regex/-/plugin-transform-unicode-property-regex-7.28.6.tgz. Extracting by manifest.
6872 silly tarball no local data for @babel/plugin-transform-typeof-symbol@https://registry.npmjs.org/@babel/plugin-transform-typeof-symbol/-/plugin-transform-typeof-symbol-7.27.1.tgz. Extracting by manifest.
6873 silly tarball no local data for @babel/plugin-transform-template-literals@https://registry.npmjs.org/@babel/plugin-transform-template-literals/-/plugin-transform-template-literals-7.27.1.tgz. Extracting by manifest.
6874 silly tarball no local data for @babel/plugin-transform-reserved-words@https://registry.npmjs.org/@babel/plugin-transform-reserved-words/-/plugin-transform-reserved-words-7.27.1.tgz. Extracting by manifest.
6875 silly tarball no local data for @babel/preset-modules@https://registry.npmjs.org/@babel/preset-modules/-/preset-modules-0.1.6-no-external-plugins.tgz. Extracting by manifest.
6876 silly tarball no local data for @babel/plugin-transform-unicode-escapes@https://registry.npmjs.org/@babel/plugin-transform-unicode-escapes/-/plugin-transform-unicode-escapes-7.27.1.tgz. Extracting by manifest.
6877 silly tarball no local data for @babel/plugin-transform-shorthand-properties@https://registry.npmjs.org/@babel/plugin-transform-shorthand-properties/-/plugin-transform-shorthand-properties-7.27.1.tgz. Extracting by manifest.
6878 silly tarball no local data for @babel/plugin-transform-sticky-regex@https://registry.npmjs.org/@babel/plugin-transform-sticky-regex/-/plugin-transform-sticky-regex-7.27.1.tgz. Extracting by manifest.
6879 silly tarball no local data for @babel/plugin-transform-spread@https://registry.npmjs.org/@babel/plugin-transform-spread/-/plugin-transform-spread-7.28.6.tgz. Extracting by manifest.
6880 silly tarball no local data for @babel/plugin-transform-property-literals@https://registry.npmjs.org/@babel/plugin-transform-property-literals/-/plugin-transform-property-literals-7.27.1.tgz. Extracting by manifest.
6881 silly tarball no local data for @babel/plugin-transform-regexp-modifiers@https://registry.npmjs.org/@babel/plugin-transform-regexp-modifiers/-/plugin-transform-regexp-modifiers-7.28.6.tgz. Extracting by manifest.
6882 silly tarball no local data for @babel/plugin-transform-regenerator@https://registry.npmjs.org/@babel/plugin-transform-regenerator/-/plugin-transform-regenerator-7.28.6.tgz. Extracting by manifest.
6883 silly tarball no local data for @babel/plugin-transform-private-methods@https://registry.npmjs.org/@babel/plugin-transform-private-methods/-/plugin-transform-private-methods-7.28.6.tgz. Extracting by manifest.
6884 silly tarball no local data for @babel/plugin-transform-private-property-in-object@https://registry.npmjs.org/@babel/plugin-transform-private-property-in-object/-/plugin-transform-private-property-in-object-7.28.6.tgz. Extracting by manifest.
6885 silly tarball no local data for @babel/plugin-transform-parameters@https://registry.npmjs.org/@babel/plugin-transform-parameters/-/plugin-transform-parameters-7.27.7.tgz. Extracting by manifest.
6886 silly tarball no local data for @babel/plugin-transform-optional-chaining@https://registry.npmjs.org/@babel/plugin-transform-optional-chaining/-/plugin-transform-optional-chaining-7.28.6.tgz. Extracting by manifest.
6887 silly tarball no local data for @babel/plugin-transform-optional-catch-binding@https://registry.npmjs.org/@babel/plugin-transform-optional-catch-binding/-/plugin-transform-optional-catch-binding-7.28.6.tgz. Extracting by manifest.
6888 silly tarball no local data for @babel/plugin-transform-object-super@https://registry.npmjs.org/@babel/plugin-transform-object-super/-/plugin-transform-object-super-7.27.1.tgz. Extracting by manifest.
6889 silly tarball no local data for @babel/plugin-transform-nullish-coalescing-operator@https://registry.npmjs.org/@babel/plugin-transform-nullish-coalescing-operator/-/plugin-transform-nullish-coalescing-operator-7.28.6.tgz. Extracting by manifest.
6890 silly tarball no local data for @babel/plugin-transform-numeric-separator@https://registry.npmjs.org/@babel/plugin-transform-numeric-separator/-/plugin-transform-numeric-separator-7.28.6.tgz. Extracting by manifest.
6891 silly tarball no local data for @babel/plugin-transform-object-rest-spread@https://registry.npmjs.org/@babel/plugin-transform-object-rest-spread/-/plugin-transform-object-rest-spread-7.28.6.tgz. Extracting by manifest.
6892 silly tarball no local data for @babel/plugin-transform-named-capturing-groups-regex@https://registry.npmjs.org/@babel/plugin-transform-named-capturing-groups-regex/-/plugin-transform-named-capturing-groups-regex-7.27.1.tgz. Extracting by manifest.
6893 silly tarball no local data for @babel/plugin-transform-new-target@https://registry.npmjs.org/@babel/plugin-transform-new-target/-/plugin-transform-new-target-7.27.1.tgz. Extracting by manifest.
6894 silly tarball no local data for @babel/plugin-transform-modules-umd@https://registry.npmjs.org/@babel/plugin-transform-modules-umd/-/plugin-transform-modules-umd-7.27.1.tgz. Extracting by manifest.
6895 silly tarball no local data for @babel/plugin-transform-modules-systemjs@https://registry.npmjs.org/@babel/plugin-transform-modules-systemjs/-/plugin-transform-modules-systemjs-7.28.5.tgz. Extracting by manifest.
6896 silly tarball no local data for @babel/plugin-transform-modules-commonjs@https://registry.npmjs.org/@babel/plugin-transform-modules-commonjs/-/plugin-transform-modules-commonjs-7.28.6.tgz. Extracting by manifest.
6897 silly tarball no local data for @babel/plugin-transform-member-expression-literals@https://registry.npmjs.org/@babel/plugin-transform-member-expression-literals/-/plugin-transform-member-expression-literals-7.27.1.tgz. Extracting by manifest.
6898 silly tarball no local data for @babel/plugin-transform-literals@https://registry.npmjs.org/@babel/plugin-transform-literals/-/plugin-transform-literals-7.27.1.tgz. Extracting by manifest.
6899 silly tarball no local data for @babel/plugin-transform-logical-assignment-operators@https://registry.npmjs.org/@babel/plugin-transform-logical-assignment-operators/-/plugin-transform-logical-assignment-operators-7.28.6.tgz. Extracting by manifest.
6900 silly tarball no local data for @babel/plugin-transform-json-strings@https://registry.npmjs.org/@babel/plugin-transform-json-strings/-/plugin-transform-json-strings-7.28.6.tgz. Extracting by manifest.
6901 silly tarball no local data for @babel/plugin-transform-function-name@https://registry.npmjs.org/@babel/plugin-transform-function-name/-/plugin-transform-function-name-7.27.1.tgz. Extracting by manifest.
6902 silly tarball no local data for @babel/plugin-transform-modules-amd@https://registry.npmjs.org/@babel/plugin-transform-modules-amd/-/plugin-transform-modules-amd-7.27.1.tgz. Extracting by manifest.
6903 silly tarball no local data for @babel/plugin-transform-for-of@https://registry.npmjs.org/@babel/plugin-transform-for-of/-/plugin-transform-for-of-7.27.1.tgz. Extracting by manifest.
6904 silly tarball no local data for @babel/plugin-transform-export-namespace-from@https://registry.npmjs.org/@babel/plugin-transform-export-namespace-from/-/plugin-transform-export-namespace-from-7.27.1.tgz. Extracting by manifest.
6905 silly tarball no local data for @babel/plugin-transform-exponentiation-operator@https://registry.npmjs.org/@babel/plugin-transform-exponentiation-operator/-/plugin-transform-exponentiation-operator-7.28.6.tgz. Extracting by manifest.
6906 silly tarball no local data for @babel/plugin-transform-duplicate-named-capturing-groups-regex@https://registry.npmjs.org/@babel/plugin-transform-duplicate-named-capturing-groups-regex/-/plugin-transform-duplicate-named-capturing-groups-regex-7.28.6.tgz. Extracting by manifest.
6907 silly tarball no local data for @babel/plugin-transform-dynamic-import@https://registry.npmjs.org/@babel/plugin-transform-dynamic-import/-/plugin-transform-dynamic-import-7.27.1.tgz. Extracting by manifest.
6908 silly tarball no local data for @babel/plugin-transform-duplicate-keys@https://registry.npmjs.org/@babel/plugin-transform-duplicate-keys/-/plugin-transform-duplicate-keys-7.27.1.tgz. Extracting by manifest.
6909 silly tarball no local data for @babel/plugin-transform-dotall-regex@https://registry.npmjs.org/@babel/plugin-transform-dotall-regex/-/plugin-transform-dotall-regex-7.28.6.tgz. Extracting by manifest.
6910 silly tarball no local data for @babel/plugin-transform-explicit-resource-management@https://registry.npmjs.org/@babel/plugin-transform-explicit-resource-management/-/plugin-transform-explicit-resource-management-7.28.6.tgz. Extracting by manifest.
6911 silly tarball no local data for @babel/plugin-transform-destructuring@https://registry.npmjs.org/@babel/plugin-transform-destructuring/-/plugin-transform-destructuring-7.28.5.tgz. Extracting by manifest.
6912 silly tarball no local data for @babel/plugin-transform-computed-properties@https://registry.npmjs.org/@babel/plugin-transform-computed-properties/-/plugin-transform-computed-properties-7.28.6.tgz. Extracting by manifest.
6913 silly tarball no local data for @babel/plugin-transform-classes@https://registry.npmjs.org/@babel/plugin-transform-classes/-/plugin-transform-classes-7.28.6.tgz. Extracting by manifest.
6914 silly tarball no local data for @babel/plugin-transform-class-properties@https://registry.npmjs.org/@babel/plugin-transform-class-properties/-/plugin-transform-class-properties-7.28.6.tgz. Extracting by manifest.
6915 silly tarball no local data for @babel/plugin-transform-block-scoping@https://registry.npmjs.org/@babel/plugin-transform-block-scoping/-/plugin-transform-block-scoping-7.28.6.tgz. Extracting by manifest.
6916 silly tarball no local data for @babel/plugin-transform-block-scoped-functions@https://registry.npmjs.org/@babel/plugin-transform-block-scoped-functions/-/plugin-transform-block-scoped-functions-7.27.1.tgz. Extracting by manifest.
6917 silly tarball no local data for @babel/plugin-transform-arrow-functions@https://registry.npmjs.org/@babel/plugin-transform-arrow-functions/-/plugin-transform-arrow-functions-7.27.1.tgz. Extracting by manifest.
6918 silly tarball no local data for @babel/plugin-syntax-unicode-sets-regex@https://registry.npmjs.org/@babel/plugin-syntax-unicode-sets-regex/-/plugin-syntax-unicode-sets-regex-7.18.6.tgz. Extracting by manifest.
6919 silly tarball no local data for @babel/plugin-syntax-import-attributes@https://registry.npmjs.org/@babel/plugin-syntax-import-attributes/-/plugin-syntax-import-attributes-7.28.6.tgz. Extracting by manifest.
6920 silly tarball no local data for @babel/plugin-syntax-import-assertions@https://registry.npmjs.org/@babel/plugin-syntax-import-assertions/-/plugin-syntax-import-assertions-7.28.6.tgz. Extracting by manifest.
6921 silly tarball no local data for @babel/plugin-bugfix-v8-spread-parameters-in-optional-chaining@https://registry.npmjs.org/@babel/plugin-bugfix-v8-spread-parameters-in-optional-chaining/-/plugin-bugfix-v8-spread-parameters-in-optional-chaining-7.27.1.tgz. Extracting by manifest.
6922 silly tarball no local data for @babel/plugin-bugfix-safari-id-destructuring-collision-in-function-expression@https://registry.npmjs.org/@babel/plugin-bugfix-safari-id-destructuring-collision-in-function-expression/-/plugin-bugfix-safari-id-destructuring-collision-in-function-expression-7.27.1.tgz. Extracting by manifest.
6923 silly tarball no local data for @babel/plugin-proposal-private-property-in-object@https://registry.npmjs.org/@babel/plugin-proposal-private-property-in-object/-/plugin-proposal-private-property-in-object-7.21.0-placeholder-for-preset-env.2.tgz. Extracting by manifest.
6924 silly tarball no local data for @babel/plugin-transform-class-static-block@https://registry.npmjs.org/@babel/plugin-transform-class-static-block/-/plugin-transform-class-static-block-7.28.6.tgz. Extracting by manifest.
6925 silly tarball no local data for @babel/plugin-bugfix-v8-static-class-fields-redefine-readonly@https://registry.npmjs.org/@babel/plugin-bugfix-v8-static-class-fields-redefine-readonly/-/plugin-bugfix-v8-static-class-fields-redefine-readonly-7.28.6.tgz. Extracting by manifest.
6926 silly tarball no local data for @babel/plugin-bugfix-safari-class-field-initializer-scope@https://registry.npmjs.org/@babel/plugin-bugfix-safari-class-field-initializer-scope/-/plugin-bugfix-safari-class-field-initializer-scope-7.27.1.tgz. Extracting by manifest.
6927 silly tarball no local data for babel-plugin-polyfill-corejs3@https://registry.npmjs.org/babel-plugin-polyfill-corejs3/-/babel-plugin-polyfill-corejs3-0.13.0.tgz. Extracting by manifest.
6928 silly tarball no local data for @babel/helper-wrap-function@https://registry.npmjs.org/@babel/helper-wrap-function/-/helper-wrap-function-7.28.6.tgz. Extracting by manifest.
6929 silly tarball no local data for @babel/plugin-bugfix-firefox-class-in-computed-class-key@https://registry.npmjs.org/@babel/plugin-bugfix-firefox-class-in-computed-class-key/-/plugin-bugfix-firefox-class-in-computed-class-key-7.28.5.tgz. Extracting by manifest.
6930 silly tarball no local data for babel-plugin-polyfill-regenerator@https://registry.npmjs.org/babel-plugin-polyfill-regenerator/-/babel-plugin-polyfill-regenerator-0.6.6.tgz. Extracting by manifest.
6931 silly tarball no local data for @babel/helper-remap-async-to-generator@https://registry.npmjs.org/@babel/helper-remap-async-to-generator/-/helper-remap-async-to-generator-7.27.1.tgz. Extracting by manifest.
6932 silly tarball no local data for @babel/helper-plugin-utils@https://registry.npmjs.org/@babel/helper-plugin-utils/-/helper-plugin-utils-7.28.6.tgz. Extracting by manifest.
6933 silly tarball no local data for lru-cache@https://registry.npmjs.org/lru-cache/-/lru-cache-5.1.1.tgz. Extracting by manifest.
6934 silly tarball no local data for babel-plugin-polyfill-corejs2@https://registry.npmjs.org/babel-plugin-polyfill-corejs2/-/babel-plugin-polyfill-corejs2-0.4.15.tgz. Extracting by manifest.
6935 silly tarball no local data for @babel/compat-data@https://registry.npmjs.org/@babel/compat-data/-/compat-data-7.28.6.tgz. Extracting by manifest.
6936 silly tarball no local data for jsesc@https://registry.npmjs.org/jsesc/-/jsesc-3.1.0.tgz. Extracting by manifest.
6937 silly tarball no local data for @babel/helper-module-imports@https://registry.npmjs.org/@babel/helper-module-imports/-/helper-module-imports-7.28.6.tgz. Extracting by manifest.
6938 silly tarball no local data for @babel/helper-validator-option@https://registry.npmjs.org/@babel/helper-validator-option/-/helper-validator-option-7.27.1.tgz. Extracting by manifest.
6939 silly tarball no local data for js-tokens@https://registry.npmjs.org/js-tokens/-/js-tokens-4.0.0.tgz. Extracting by manifest.
6940 silly tarball no local data for @babel/helper-validator-identifier@https://registry.npmjs.org/@babel/helper-validator-identifier/-/helper-validator-identifier-7.28.5.tgz. Extracting by manifest.
6941 silly tarball no local data for gensync@https://registry.npmjs.org/gensync/-/gensync-1.0.0-beta.2.tgz. Extracting by manifest.
6942 silly tarball no local data for debug@https://registry.npmjs.org/debug/-/debug-4.4.3.tgz. Extracting by manifest.
6943 silly tarball no local data for @babel/traverse@https://registry.npmjs.org/@babel/traverse/-/traverse-7.28.6.tgz. Extracting by manifest.
6944 silly tarball no local data for @babel/template@https://registry.npmjs.org/@babel/template/-/template-7.28.6.tgz. Extracting by manifest.
6945 silly tarball no local data for @babel/helpers@https://registry.npmjs.org/@babel/helpers/-/helpers-7.28.6.tgz. Extracting by manifest.
6946 silly tarball no local data for json5@https://registry.npmjs.org/json5/-/json5-2.2.3.tgz. Extracting by manifest.
6947 silly tarball no local data for picocolors@https://registry.npmjs.org/picocolors/-/picocolors-1.1.1.tgz. Extracting by manifest.
6948 silly tarball no local data for @babel/parser@https://registry.npmjs.org/@babel/parser/-/parser-7.28.6.tgz. Extracting by manifest.
6949 silly tarball no local data for @babel/helper-module-transforms@https://registry.npmjs.org/@babel/helper-module-transforms/-/helper-module-transforms-7.28.6.tgz. Extracting by manifest.
6950 silly tarball no local data for @babel/helper-compilation-targets@https://registry.npmjs.org/@babel/helper-compilation-targets/-/helper-compilation-targets-7.28.6.tgz. Extracting by manifest.
6951 silly tarball no local data for @babel/types@https://registry.npmjs.org/@babel/types/-/types-7.28.6.tgz. Extracting by manifest.
6952 silly tarball no local data for reflect-metadata@https://registry.npmjs.org/reflect-metadata/-/reflect-metadata-0.2.2.tgz. Extracting by manifest.
6953 silly tarball no local data for zod@https://registry.npmjs.org/zod/-/zod-3.25.76.tgz. Extracting by manifest.
6954 silly tarball no local data for @babel/code-frame@https://registry.npmjs.org/@babel/code-frame/-/code-frame-7.28.6.tgz. Extracting by manifest.
6955 silly tarball no local data for @jridgewell/sourcemap-codec@https://registry.npmjs.org/@jridgewell/sourcemap-codec/-/sourcemap-codec-1.5.5.tgz. Extracting by manifest.
6956 silly tarball no local data for convert-source-map@https://registry.npmjs.org/convert-source-map/-/convert-source-map-1.9.0.tgz. Extracting by manifest.
6957 silly tarball no local data for pacote@https://registry.npmjs.org/pacote/-/pacote-21.0.0.tgz. Extracting by manifest.
6958 silly tarball no local data for resolve@https://registry.npmjs.org/resolve/-/resolve-1.22.10.tgz. Extracting by manifest.
6959 silly tarball no local data for npm-package-arg@https://registry.npmjs.org/npm-package-arg/-/npm-package-arg-13.0.0.tgz. Extracting by manifest.
6960 silly tarball no local data for @yarnpkg/lockfile@https://registry.npmjs.org/@yarnpkg/lockfile/-/lockfile-1.1.0.tgz. Extracting by manifest.
6961 silly tarball no local data for @schematics/angular@https://registry.npmjs.org/@schematics/angular/-/angular-20.3.3.tgz. Extracting by manifest.
6962 silly tarball no local data for ini@https://registry.npmjs.org/ini/-/ini-5.0.0.tgz. Extracting by manifest.
6963 silly tarball no local data for algoliasearch@https://registry.npmjs.org/algoliasearch/-/algoliasearch-5.35.0.tgz. Extracting by manifest.
6964 silly tarball no local data for chokidar@https://registry.npmjs.org/chokidar/-/chokidar-4.0.3.tgz. Extracting by manifest.
6965 silly tarball no local data for @inquirer/prompts@https://registry.npmjs.org/@inquirer/prompts/-/prompts-7.8.2.tgz. Extracting by manifest.
6966 silly tarball no local data for @listr2/prompt-adapter-inquirer@https://registry.npmjs.org/@listr2/prompt-adapter-inquirer/-/prompt-adapter-inquirer-3.0.1.tgz. Extracting by manifest.
6967 silly tarball no local data for @modelcontextprotocol/sdk@https://registry.npmjs.org/@modelcontextprotocol/sdk/-/sdk-1.17.3.tgz. Extracting by manifest.
6968 silly tarball no local data for parse5@https://registry.npmjs.org/parse5/-/parse5-8.0.0.tgz. Extracting by manifest.
6969 silly tarball no local data for watchpack@https://registry.npmjs.org/watchpack/-/watchpack-2.4.4.tgz. Extracting by manifest.
6970 silly tarball no local data for @angular-devkit/schematics@https://registry.npmjs.org/@angular-devkit/schematics/-/schematics-20.3.3.tgz. Extracting by manifest.
6971 silly tarball no local data for rolldown@https://registry.npmjs.org/rolldown/-/rolldown-1.0.0-beta.38.tgz. Extracting by manifest.
6972 silly tarball no local data for yargs@https://registry.npmjs.org/yargs/-/yargs-18.0.0.tgz. Extracting by manifest.
6973 silly tarball no local data for vite@https://registry.npmjs.org/vite/-/vite-7.1.5.tgz. Extracting by manifest.
6974 silly tarball no local data for magic-string@https://registry.npmjs.org/magic-string/-/magic-string-0.30.17.tgz. Extracting by manifest.
6975 silly tarball no local data for lmdb@https://registry.npmjs.org/lmdb/-/lmdb-3.4.2.tgz. Extracting by manifest.
6976 silly tarball no local data for mrmime@https://registry.npmjs.org/mrmime/-/mrmime-2.0.1.tgz. Extracting by manifest.
6977 silly tarball no local data for tinyglobby@https://registry.npmjs.org/tinyglobby/-/tinyglobby-0.2.14.tgz. Extracting by manifest.
6978 silly tarball no local data for listr2@https://registry.npmjs.org/listr2/-/listr2-9.0.1.tgz. Extracting by manifest.
6979 silly tarball no local data for beasties@https://registry.npmjs.org/beasties/-/beasties-0.3.5.tgz. Extracting by manifest.
6980 silly tarball no local data for https-proxy-agent@https://registry.npmjs.org/https-proxy-agent/-/https-proxy-agent-7.0.6.tgz. Extracting by manifest.
6981 silly tarball no local data for ajv-formats@https://registry.npmjs.org/ajv-formats/-/ajv-formats-3.0.1.tgz. Extracting by manifest.
6982 silly tarball no local data for source-map@https://registry.npmjs.org/source-map/-/source-map-0.7.6.tgz. Extracting by manifest.
6983 silly tarball no local data for @vitejs/plugin-basic-ssl@https://registry.npmjs.org/@vitejs/plugin-basic-ssl/-/plugin-basic-ssl-2.1.0.tgz. Extracting by manifest.
6984 silly tarball no local data for parse5-html-rewriting-stream@https://registry.npmjs.org/parse5-html-rewriting-stream/-/parse5-html-rewriting-stream-8.0.0.tgz. Extracting by manifest.
6985 silly tarball no local data for ajv@https://registry.npmjs.org/ajv/-/ajv-8.17.1.tgz. Extracting by manifest.
6986 silly tarball no local data for @jridgewell/trace-mapping@https://registry.npmjs.org/@jridgewell/trace-mapping/-/trace-mapping-0.3.31.tgz. Extracting by manifest.
6987 silly tarball no local data for webpack-subresource-integrity@https://registry.npmjs.org/webpack-subresource-integrity/-/webpack-subresource-integrity-5.1.0.tgz. Extracting by manifest.
6988 silly tarball no local data for @inquirer/confirm@https://registry.npmjs.org/@inquirer/confirm/-/confirm-5.1.14.tgz. Extracting by manifest.
6989 silly tarball no local data for webpack-merge@https://registry.npmjs.org/webpack-merge/-/webpack-merge-6.0.1.tgz. Extracting by manifest.
6990 silly tarball no local data for webpack-dev-middleware@https://registry.npmjs.org/webpack-dev-middleware/-/webpack-dev-middleware-7.4.2.tgz. Extracting by manifest.
6991 silly tarball no local data for @jridgewell/gen-mapping@https://registry.npmjs.org/@jridgewell/gen-mapping/-/gen-mapping-0.3.13.tgz. Extracting by manifest.
6992 silly tarball no local data for webpack@https://registry.npmjs.org/webpack/-/webpack-5.101.2.tgz. Extracting by manifest.
6993 silly tarball no local data for terser@https://registry.npmjs.org/terser/-/terser-5.43.1.tgz. Extracting by manifest.
6994 silly tarball no local data for source-map-support@https://registry.npmjs.org/source-map-support/-/source-map-support-0.5.21.tgz. Extracting by manifest.
6995 silly tarball no local data for source-map-loader@https://registry.npmjs.org/source-map-loader/-/source-map-loader-5.0.0.tgz. Extracting by manifest.
6996 silly tarball no local data for sass@https://registry.npmjs.org/sass/-/sass-1.90.0.tgz. Extracting by manifest.
6997 silly tarball no local data for webpack-dev-server@https://registry.npmjs.org/webpack-dev-server/-/webpack-dev-server-5.2.2.tgz. Extracting by manifest.
6998 silly tarball no local data for semver@https://registry.npmjs.org/semver/-/semver-7.7.2.tgz. Extracting by manifest.
6999 silly tarball no local data for sass-loader@https://registry.npmjs.org/sass-loader/-/sass-loader-16.0.5.tgz. Extracting by manifest.
7000 silly tarball no local data for tree-kill@https://registry.npmjs.org/tree-kill/-/tree-kill-1.2.2.tgz. Extracting by manifest.
7001 silly tarball no local data for piscina@https://registry.npmjs.org/piscina/-/piscina-5.1.3.tgz. Extracting by manifest.
7002 silly tarball no local data for postcss-loader@https://registry.npmjs.org/postcss-loader/-/postcss-loader-8.1.1.tgz. Extracting by manifest.
7003 silly tarball no local data for picomatch@https://registry.npmjs.org/picomatch/-/picomatch-4.0.3.tgz. Extracting by manifest.
7004 silly tarball no local data for resolve-url-loader@https://registry.npmjs.org/resolve-url-loader/-/resolve-url-loader-5.0.0.tgz. Extracting by manifest.
7005 silly tarball no local data for mini-css-extract-plugin@https://registry.npmjs.org/mini-css-extract-plugin/-/mini-css-extract-plugin-2.9.4.tgz. Extracting by manifest.
7006 silly tarball no local data for loader-utils@https://registry.npmjs.org/loader-utils/-/loader-utils-3.3.1.tgz. Extracting by manifest.
7007 silly tarball no local data for license-webpack-plugin@https://registry.npmjs.org/license-webpack-plugin/-/license-webpack-plugin-4.0.2.tgz. Extracting by manifest.
7008 silly tarball no local data for ora@https://registry.npmjs.org/ora/-/ora-8.2.0.tgz. Extracting by manifest.
7009 silly tarball no local data for less-loader@https://registry.npmjs.org/less-loader/-/less-loader-12.3.0.tgz. Extracting by manifest.
7010 silly tarball no local data for less@https://registry.npmjs.org/less/-/less-4.4.0.tgz. Extracting by manifest.
7011 silly tarball no local data for jsonc-parser@https://registry.npmjs.org/jsonc-parser/-/jsonc-parser-3.3.1.tgz. Extracting by manifest.
7012 silly tarball no local data for istanbul-lib-instrument@https://registry.npmjs.org/istanbul-lib-instrument/-/istanbul-lib-instrument-6.0.3.tgz. Extracting by manifest.
7013 silly tarball no local data for http-proxy-middleware@https://registry.npmjs.org/http-proxy-middleware/-/http-proxy-middleware-3.0.5.tgz. Extracting by manifest.
7014 silly tarball no local data for open@https://registry.npmjs.org/open/-/open-10.2.0.tgz. Extracting by manifest.
7015 silly tarball no local data for fast-glob@https://registry.npmjs.org/fast-glob/-/fast-glob-3.3.3.tgz. Extracting by manifest.
7016 silly tarball no local data for esbuild-wasm@https://registry.npmjs.org/esbuild-wasm/-/esbuild-wasm-0.25.9.tgz. Extracting by manifest.
7017 silly tarball no local data for copy-webpack-plugin@https://registry.npmjs.org/copy-webpack-plugin/-/copy-webpack-plugin-13.0.1.tgz. Extracting by manifest.
7018 silly tarball no local data for css-loader@https://registry.npmjs.org/css-loader/-/css-loader-7.1.2.tgz. Extracting by manifest.
7019 silly tarball no local data for esbuild@https://registry.npmjs.org/esbuild/-/esbuild-0.25.9.tgz. Extracting by manifest.
7020 silly tarball no local data for browserslist@https://registry.npmjs.org/browserslist/-/browserslist-4.28.1.tgz. Extracting by manifest.
7021 silly tarball no local data for ansi-colors@https://registry.npmjs.org/ansi-colors/-/ansi-colors-4.1.3.tgz. Extracting by manifest.
7022 silly tarball no local data for babel-loader@https://registry.npmjs.org/babel-loader/-/babel-loader-10.0.0.tgz. Extracting by manifest.
7023 silly tarball no local data for @ngtools/webpack@https://registry.npmjs.org/@ngtools/webpack/-/webpack-20.3.3.tgz. Extracting by manifest.
7024 silly tarball no local data for @discoveryjs/json-ext@https://registry.npmjs.org/@discoveryjs/json-ext/-/json-ext-0.6.3.tgz. Extracting by manifest.
7025 silly tarball no local data for @babel/runtime@https://registry.npmjs.org/@babel/runtime/-/runtime-7.28.3.tgz. Extracting by manifest.
7026 silly tarball no local data for @babel/preset-env@https://registry.npmjs.org/@babel/preset-env/-/preset-env-7.28.3.tgz. Extracting by manifest.
7027 silly tarball no local data for @babel/plugin-transform-runtime@https://registry.npmjs.org/@babel/plugin-transform-runtime/-/plugin-transform-runtime-7.28.3.tgz. Extracting by manifest.
7028 silly tarball no local data for karma-source-map-support@https://registry.npmjs.org/karma-source-map-support/-/karma-source-map-support-1.4.0.tgz. Extracting by manifest.
7029 silly tarball no local data for @babel/plugin-transform-async-to-generator@https://registry.npmjs.org/@babel/plugin-transform-async-to-generator/-/plugin-transform-async-to-generator-7.27.1.tgz. Extracting by manifest.
7030 silly tarball no local data for @babel/helper-annotate-as-pure@https://registry.npmjs.org/@babel/helper-annotate-as-pure/-/helper-annotate-as-pure-7.27.3.tgz. Extracting by manifest.
7031 silly tarball no local data for @babel/helper-split-export-declaration@https://registry.npmjs.org/@babel/helper-split-export-declaration/-/helper-split-export-declaration-7.24.7.tgz. Extracting by manifest.
7032 silly tarball no local data for @angular/build@https://registry.npmjs.org/@angular/build/-/build-20.3.3.tgz. Extracting by manifest.
7033 silly tarball no local data for @babel/core@https://registry.npmjs.org/@babel/core/-/core-7.28.3.tgz. Extracting by manifest.
7034 silly tarball no local data for @babel/generator@https://registry.npmjs.org/@babel/generator/-/generator-7.28.3.tgz. Extracting by manifest.
7035 silly tarball no local data for @angular-devkit/core@https://registry.npmjs.org/@angular-devkit/core/-/core-20.3.3.tgz. Extracting by manifest.
7036 silly tarball no local data for @babel/plugin-transform-async-generator-functions@https://registry.npmjs.org/@babel/plugin-transform-async-generator-functions/-/plugin-transform-async-generator-functions-7.28.0.tgz. Extracting by manifest.
7037 silly tarball no local data for zone.js@https://registry.npmjs.org/zone.js/-/zone.js-0.15.0.tgz. Extracting by manifest.
7038 silly tarball no local data for @angular-devkit/architect@https://registry.npmjs.org/@angular-devkit/architect/-/architect-0.2003.3.tgz. Extracting by manifest.
7039 silly tarball no local data for @angular-devkit/build-webpack@https://registry.npmjs.org/@angular-devkit/build-webpack/-/build-webpack-0.2003.3.tgz. Extracting by manifest.
7040 silly tarball no local data for @ampproject/remapping@https://registry.npmjs.org/@ampproject/remapping/-/remapping-2.3.0.tgz. Extracting by manifest.
7041 silly tarball no local data for tailwindcss@https://registry.npmjs.org/tailwindcss/-/tailwindcss-3.4.17.tgz. Extracting by manifest.
7042 silly tarball no local data for typescript@https://registry.npmjs.org/typescript/-/typescript-5.9.2.tgz. Extracting by manifest.
7043 silly tarball no local data for tslib@https://registry.npmjs.org/tslib/-/tslib-2.8.1.tgz. Extracting by manifest.
7044 silly tarball no local data for quill@https://registry.npmjs.org/quill/-/quill-2.0.3.tgz. Extracting by manifest.
7045 silly tarball no local data for primeflex@https://registry.npmjs.org/primeflex/-/primeflex-4.0.0.tgz. Extracting by manifest.
7046 silly tarball no local data for primeng@https://registry.npmjs.org/primeng/-/primeng-20.4.0.tgz. Extracting by manifest.
7047 silly tarball no local data for prettier-plugin-tailwindcss@https://registry.npmjs.org/prettier-plugin-tailwindcss/-/prettier-plugin-tailwindcss-0.6.9.tgz. Extracting by manifest.
7048 silly tarball no local data for prettier-plugin-organize-imports@https://registry.npmjs.org/prettier-plugin-organize-imports/-/prettier-plugin-organize-imports-4.1.0.tgz. Extracting by manifest.
7049 silly tarball no local data for prettier@https://registry.npmjs.org/prettier/-/prettier-3.4.2.tgz. Extracting by manifest.
7050 silly tarball no local data for primeicons@https://registry.npmjs.org/primeicons/-/primeicons-7.0.0.tgz. Extracting by manifest.
7051 silly tarball no local data for perfect-scrollbar@https://registry.npmjs.org/perfect-scrollbar/-/perfect-scrollbar-1.5.6.tgz. Extracting by manifest.
7052 silly tarball no local data for ngx-quill@https://registry.npmjs.org/ngx-quill/-/ngx-quill-27.0.0.tgz. Extracting by manifest.
7053 silly tarball no local data for material-icons@https://registry.npmjs.org/material-icons/-/material-icons-1.13.14.tgz. Extracting by manifest.
7054 silly tarball no local data for postcss@https://registry.npmjs.org/postcss/-/postcss-8.4.49.tgz. Extracting by manifest.
7055 silly tarball no local data for luxon@https://registry.npmjs.org/luxon/-/luxon-3.5.0.tgz. Extracting by manifest.
7056 silly tarball no local data for lodash-es@https://registry.npmjs.org/lodash-es/-/lodash-es-4.17.21.tgz. Extracting by manifest.
7057 silly tarball no local data for ng-apexcharts@https://registry.npmjs.org/ng-apexcharts/-/ng-apexcharts-1.15.0.tgz. Extracting by manifest.
7058 silly tarball no local data for lodash@https://registry.npmjs.org/lodash/-/lodash-4.17.21.tgz. Extracting by manifest.
7059 silly tarball no local data for karma-jasmine-html-reporter@https://registry.npmjs.org/karma-jasmine-html-reporter/-/karma-jasmine-html-reporter-2.1.0.tgz. Extracting by manifest.
7060 silly tarball no local data for karma-jasmine@https://registry.npmjs.org/karma-jasmine/-/karma-jasmine-5.1.0.tgz. Extracting by manifest.
7061 silly tarball no local data for karma-chrome-launcher@https://registry.npmjs.org/karma-chrome-launcher/-/karma-chrome-launcher-3.2.0.tgz. Extracting by manifest.
7062 silly tarball no local data for karma@https://registry.npmjs.org/karma/-/karma-6.4.4.tgz. Extracting by manifest.
7063 silly tarball no local data for rxjs@https://registry.npmjs.org/rxjs/-/rxjs-7.8.1.tgz. Extracting by manifest.
7064 silly tarball no local data for jasmine-core@https://registry.npmjs.org/jasmine-core/-/jasmine-core-5.1.2.tgz. Extracting by manifest.
7065 silly tarball no local data for highlight.js@https://registry.npmjs.org/highlight.js/-/highlight.js-11.11.1.tgz. Extracting by manifest.
7066 silly tarball no local data for karma-coverage@https://registry.npmjs.org/karma-coverage/-/karma-coverage-2.2.1.tgz. Extracting by manifest.
7067 silly tarball no local data for crypto-js@https://registry.npmjs.org/crypto-js/-/crypto-js-4.2.0.tgz. Extracting by manifest.
7068 silly tarball no local data for chroma-js@https://registry.npmjs.org/chroma-js/-/chroma-js-2.4.2.tgz. Extracting by manifest.
7069 silly tarball no local data for bootstrap@https://registry.npmjs.org/bootstrap/-/bootstrap-5.3.8.tgz. Extracting by manifest.
7070 silly tarball no local data for autoprefixer@https://registry.npmjs.org/autoprefixer/-/autoprefixer-10.4.20.tgz. Extracting by manifest.
7071 silly tarball no local data for @types/lodash-es@https://registry.npmjs.org/@types/lodash-es/-/lodash-es-4.17.12.tgz. Extracting by manifest.
7072 silly tarball no local data for apexcharts@https://registry.npmjs.org/apexcharts/-/apexcharts-4.3.0.tgz. Extracting by manifest.
7073 silly tarball no local data for @types/luxon@https://registry.npmjs.org/@types/luxon/-/luxon-3.4.2.tgz. Extracting by manifest.
7074 silly tarball no local data for @types/lodash@https://registry.npmjs.org/@types/lodash/-/lodash-4.17.13.tgz. Extracting by manifest.
7075 silly tarball no local data for @types/crypto-js@https://registry.npmjs.org/@types/crypto-js/-/crypto-js-4.2.2.tgz. Extracting by manifest.
7076 silly tarball no local data for @types/chroma-js@https://registry.npmjs.org/@types/chroma-js/-/chroma-js-2.4.5.tgz. Extracting by manifest.
7077 silly tarball no local data for @types/jasmine@https://registry.npmjs.org/@types/jasmine/-/jasmine-5.1.5.tgz. Extracting by manifest.
7078 silly tarball no local data for @tailwindcss/typography@https://registry.npmjs.org/@tailwindcss/typography/-/typography-0.5.15.tgz. Extracting by manifest.
7079 silly tarball no local data for @types/highlight.js@https://registry.npmjs.org/@types/highlight.js/-/highlight.js-10.1.0.tgz. Extracting by manifest.
7080 silly tarball no local data for @primeuix/themes@https://registry.npmjs.org/@primeuix/themes/-/themes-1.2.5.tgz. Extracting by manifest.
7081 silly tarball no local data for @fontsource/ibm-plex-mono@https://registry.npmjs.org/@fontsource/ibm-plex-mono/-/ibm-plex-mono-5.2.7.tgz. Extracting by manifest.
7082 silly tarball no local data for @angular/platform-browser-dynamic@https://registry.npmjs.org/@angular/platform-browser-dynamic/-/platform-browser-dynamic-20.3.2.tgz. Extracting by manifest.
7083 silly tarball no local data for @jsverse/transloco@https://registry.npmjs.org/@jsverse/transloco/-/transloco-7.5.1.tgz. Extracting by manifest.
7084 silly tarball no local data for @angular/platform-browser@https://registry.npmjs.org/@angular/platform-browser/-/platform-browser-20.3.2.tgz. Extracting by manifest.
7085 silly tarball no local data for @angular/material@https://registry.npmjs.org/@angular/material/-/material-20.2.5.tgz. Extracting by manifest.
7086 silly tarball no local data for @angular/material-luxon-adapter@https://registry.npmjs.org/@angular/material-luxon-adapter/-/material-luxon-adapter-20.2.5.tgz. Extracting by manifest.
7087 silly tarball no local data for @popperjs/core@https://registry.npmjs.org/@popperjs/core/-/core-2.11.8.tgz. Extracting by manifest.
7088 silly tarball no local data for @angular/router@https://registry.npmjs.org/@angular/router/-/router-20.3.2.tgz. Extracting by manifest.
7089 silly tarball no local data for @angular/core@https://registry.npmjs.org/@angular/core/-/core-20.3.2.tgz. Extracting by manifest.
7090 silly tarball no local data for @angular/forms@https://registry.npmjs.org/@angular/forms/-/forms-20.3.2.tgz. Extracting by manifest.
7091 silly tarball no local data for @angular/common@https://registry.npmjs.org/@angular/common/-/common-20.3.2.tgz. Extracting by manifest.
7092 silly tarball no local data for @angular/cli@https://registry.npmjs.org/@angular/cli/-/cli-20.3.3.tgz. Extracting by manifest.
7093 silly tarball no local data for @angular/animations@https://registry.npmjs.org/@angular/animations/-/animations-20.3.2.tgz. Extracting by manifest.
7094 silly tarball no local data for @angular/compiler-cli@https://registry.npmjs.org/@angular/compiler-cli/-/compiler-cli-20.3.2.tgz. Extracting by manifest.
7095 silly tarball no local data for @angular/cdk@https://registry.npmjs.org/@angular/cdk/-/cdk-20.2.5.tgz. Extracting by manifest.
7096 silly tarball no local data for picomatch@https://registry.npmjs.org/picomatch/-/picomatch-2.3.1.tgz. Extracting by manifest.
7097 silly tarball no local data for emoji-regex@https://registry.npmjs.org/emoji-regex/-/emoji-regex-10.6.0.tgz. Extracting by manifest.
7098 silly tarball no local data for @angular-devkit/build-angular@https://registry.npmjs.org/@angular-devkit/build-angular/-/build-angular-20.3.3.tgz. Extracting by manifest.
7099 silly tarball no local data for wrap-ansi@https://registry.npmjs.org/wrap-ansi/-/wrap-ansi-9.0.2.tgz. Extracting by manifest.
7100 silly tarball no local data for string-width@https://registry.npmjs.org/string-width/-/string-width-7.2.0.tgz. Extracting by manifest.
7101 silly tarball no local data for is-plain-object@https://registry.npmjs.org/is-plain-object/-/is-plain-object-2.0.4.tgz. Extracting by manifest.
7102 silly tarball no local data for string_decoder@https://registry.npmjs.org/string_decoder/-/string_decoder-1.1.1.tgz. Extracting by manifest.
7103 silly tarball no local data for safe-buffer@https://registry.npmjs.org/safe-buffer/-/safe-buffer-5.1.2.tgz. Extracting by manifest.
7104 silly tarball no local data for readable-stream@https://registry.npmjs.org/readable-stream/-/readable-stream-2.3.8.tgz. Extracting by manifest.
7105 silly tarball no local data for mime-db@https://registry.npmjs.org/mime-db/-/mime-db-1.52.0.tgz. Extracting by manifest.
7106 silly tarball no local data for statuses@https://registry.npmjs.org/statuses/-/statuses-1.5.0.tgz. Extracting by manifest.
7107 silly tarball no local data for @angular/compiler@https://registry.npmjs.org/@angular/compiler/-/compiler-20.3.2.tgz. Extracting by manifest.
7108 silly tarball no local data for punycode@https://registry.npmjs.org/punycode/-/punycode-2.3.1.tgz. Extracting by manifest.
7109 silly tarball no local data for depd@https://registry.npmjs.org/depd/-/depd-1.1.2.tgz. Extracting by manifest.
7110 silly tarball no local data for mime-types@https://registry.npmjs.org/mime-types/-/mime-types-2.1.35.tgz. Extracting by manifest.
7111 silly tarball no local data for debug@https://registry.npmjs.org/debug/-/debug-2.6.9.tgz. Extracting by manifest.
7112 silly tarball no local data for ms@https://registry.npmjs.org/ms/-/ms-2.0.0.tgz. Extracting by manifest.
7113 silly tarball no local data for http-errors@https://registry.npmjs.org/http-errors/-/http-errors-1.8.1.tgz. Extracting by manifest.
7114 silly tarball no local data for accepts@https://registry.npmjs.org/accepts/-/accepts-1.3.8.tgz. Extracting by manifest.
7115 silly tarball no local data for negotiator@https://registry.npmjs.org/negotiator/-/negotiator-0.6.3.tgz. Extracting by manifest.
7116 silly tarball no local data for retry@https://registry.npmjs.org/retry/-/retry-0.13.1.tgz. Extracting by manifest.
7117 silly tarball no local data for debug@https://registry.npmjs.org/debug/-/debug-2.6.9.tgz. Extracting by manifest.
7118 silly tarball no local data for @jsonjoy.com/buffers@https://registry.npmjs.org/@jsonjoy.com/buffers/-/buffers-1.2.1.tgz. Extracting by manifest.
7119 silly tarball no local data for ms@https://registry.npmjs.org/ms/-/ms-2.0.0.tgz. Extracting by manifest.
7120 silly tarball no local data for @types/send@https://registry.npmjs.org/@types/send/-/send-0.17.6.tgz. Extracting by manifest.
7121 silly tarball no local data for negotiator@https://registry.npmjs.org/negotiator/-/negotiator-0.6.4.tgz. Extracting by manifest.
7122 silly tarball no local data for @jsonjoy.com/buffers@https://registry.npmjs.org/@jsonjoy.com/buffers/-/buffers-1.2.1.tgz. Extracting by manifest.
7123 silly tarball no local data for @jsonjoy.com/json-pointer@https://registry.npmjs.org/@jsonjoy.com/json-pointer/-/json-pointer-17.65.0.tgz. Extracting by manifest.
7124 silly tarball no local data for @jsonjoy.com/base64@https://registry.npmjs.org/@jsonjoy.com/base64/-/base64-17.65.0.tgz. Extracting by manifest.
7125 silly tarball no local data for supports-color@https://registry.npmjs.org/supports-color/-/supports-color-8.1.1.tgz. Extracting by manifest.
7126 silly tarball no local data for estraverse@https://registry.npmjs.org/estraverse/-/estraverse-5.3.0.tgz. Extracting by manifest.
7127 silly tarball no local data for @jsonjoy.com/json-pack@https://registry.npmjs.org/@jsonjoy.com/json-pack/-/json-pack-17.65.0.tgz. Extracting by manifest.
7128 silly tarball no local data for @jsonjoy.com/util@https://registry.npmjs.org/@jsonjoy.com/util/-/util-17.65.0.tgz. Extracting by manifest.
7129 silly tarball no local data for postcss-selector-parser@https://registry.npmjs.org/postcss-selector-parser/-/postcss-selector-parser-6.1.2.tgz. Extracting by manifest.
7130 silly tarball no local data for @jsonjoy.com/codegen@https://registry.npmjs.org/@jsonjoy.com/codegen/-/codegen-17.65.0.tgz. Extracting by manifest.
7131 silly tarball no local data for mime-db@https://registry.npmjs.org/mime-db/-/mime-db-1.52.0.tgz. Extracting by manifest.
7132 silly tarball no local data for mime-types@https://registry.npmjs.org/mime-types/-/mime-types-2.1.35.tgz. Extracting by manifest.
7133 silly tarball no local data for negotiator@https://registry.npmjs.org/negotiator/-/negotiator-0.6.3.tgz. Extracting by manifest.
7134 silly tarball no local data for node-addon-api@https://registry.npmjs.org/node-addon-api/-/node-addon-api-7.1.1.tgz. Extracting by manifest.
7135 silly tarball no local data for loader-utils@https://registry.npmjs.org/loader-utils/-/loader-utils-2.0.4.tgz. Extracting by manifest.
7136 silly tarball no local data for minimatch@https://registry.npmjs.org/minimatch/-/minimatch-10.1.1.tgz. Extracting by manifest.
7137 silly tarball no local data for yallist@https://registry.npmjs.org/yallist/-/yallist-4.0.0.tgz. Extracting by manifest.
7138 silly tarball no local data for accepts@https://registry.npmjs.org/accepts/-/accepts-1.3.8.tgz. Extracting by manifest.
7139 silly tarball no local data for minipass@https://registry.npmjs.org/minipass/-/minipass-3.3.6.tgz. Extracting by manifest.
7140 silly tarball no local data for lru-cache@https://registry.npmjs.org/lru-cache/-/lru-cache-10.4.3.tgz. Extracting by manifest.
7141 silly tarball no local data for minipass@https://registry.npmjs.org/minipass/-/minipass-3.3.6.tgz. Extracting by manifest.
7142 silly tarball no local data for yallist@https://registry.npmjs.org/yallist/-/yallist-4.0.0.tgz. Extracting by manifest.
7143 silly tarball no local data for minipass@https://registry.npmjs.org/minipass/-/minipass-3.3.6.tgz. Extracting by manifest.
7144 silly tarball no local data for iconv-lite@https://registry.npmjs.org/iconv-lite/-/iconv-lite-0.6.3.tgz. Extracting by manifest.
7145 silly tarball no local data for isexe@https://registry.npmjs.org/isexe/-/isexe-3.1.1.tgz. Extracting by manifest.
7146 silly tarball no local data for yallist@https://registry.npmjs.org/yallist/-/yallist-4.0.0.tgz. Extracting by manifest.
7147 silly tarball no local data for yallist@https://registry.npmjs.org/yallist/-/yallist-5.0.0.tgz. Extracting by manifest.
7148 silly tarball no local data for chownr@https://registry.npmjs.org/chownr/-/chownr-3.0.0.tgz. Extracting by manifest.
7149 silly tarball no local data for which@https://registry.npmjs.org/which/-/which-5.0.0.tgz. Extracting by manifest.
7150 silly tarball no local data for yallist@https://registry.npmjs.org/yallist/-/yallist-4.0.0.tgz. Extracting by manifest.
7151 silly tarball no local data for mkdirp@https://registry.npmjs.org/mkdirp/-/mkdirp-1.0.4.tgz. Extracting by manifest.
7152 silly tarball no local data for minizlib@https://registry.npmjs.org/minizlib/-/minizlib-2.1.2.tgz. Extracting by manifest.
7153 silly tarball no local data for tar@https://registry.npmjs.org/tar/-/tar-7.5.6.tgz. Extracting by manifest.
7154 silly tarball no local data for minipass@https://registry.npmjs.org/minipass/-/minipass-3.3.6.tgz. Extracting by manifest.
7155 silly tarball no local data for minipass@https://registry.npmjs.org/minipass/-/minipass-5.0.0.tgz. Extracting by manifest.
7156 silly tarball no local data for npm-package-arg@https://registry.npmjs.org/npm-package-arg/-/npm-package-arg-12.0.2.tgz. Extracting by manifest.
7157 silly tarball no local data for lru-cache@https://registry.npmjs.org/lru-cache/-/lru-cache-10.4.3.tgz. Extracting by manifest.
7158 silly tarball no local data for fs-minipass@https://registry.npmjs.org/fs-minipass/-/fs-minipass-2.1.0.tgz. Extracting by manifest.
7159 silly tarball no local data for lru-cache@https://registry.npmjs.org/lru-cache/-/lru-cache-10.4.3.tgz. Extracting by manifest.
7160 silly tarball no local data for hosted-git-info@https://registry.npmjs.org/hosted-git-info/-/hosted-git-info-8.1.0.tgz. Extracting by manifest.
7161 silly tarball no local data for npm-package-arg@https://registry.npmjs.org/npm-package-arg/-/npm-package-arg-12.0.2.tgz. Extracting by manifest.
7162 silly tarball no local data for proc-log@https://registry.npmjs.org/proc-log/-/proc-log-6.1.0.tgz. Extracting by manifest.
7163 silly tarball no local data for minipass@https://registry.npmjs.org/minipass/-/minipass-3.3.6.tgz. Extracting by manifest.
7164 silly tarball no local data for yallist@https://registry.npmjs.org/yallist/-/yallist-5.0.0.tgz. Extracting by manifest.
7165 silly tarball no local data for chownr@https://registry.npmjs.org/chownr/-/chownr-3.0.0.tgz. Extracting by manifest.
7166 silly tarball no local data for tar@https://registry.npmjs.org/tar/-/tar-7.5.6.tgz. Extracting by manifest.
7167 silly tarball no local data for lru-cache@https://registry.npmjs.org/lru-cache/-/lru-cache-10.4.3.tgz. Extracting by manifest.
7168 silly tarball no local data for isexe@https://registry.npmjs.org/isexe/-/isexe-3.1.1.tgz. Extracting by manifest.
7169 silly tarball no local data for hosted-git-info@https://registry.npmjs.org/hosted-git-info/-/hosted-git-info-8.1.0.tgz. Extracting by manifest.
7170 silly tarball no local data for which@https://registry.npmjs.org/which/-/which-5.0.0.tgz. Extracting by manifest.
7171 silly tarball no local data for isexe@https://registry.npmjs.org/isexe/-/isexe-3.1.1.tgz. Extracting by manifest.
7172 silly tarball no local data for lru-cache@https://registry.npmjs.org/lru-cache/-/lru-cache-10.4.3.tgz. Extracting by manifest.
7173 silly tarball no local data for hosted-git-info@https://registry.npmjs.org/hosted-git-info/-/hosted-git-info-8.1.0.tgz. Extracting by manifest.
7174 silly tarball no local data for isexe@https://registry.npmjs.org/isexe/-/isexe-3.1.1.tgz. Extracting by manifest.
7175 silly tarball no local data for which@https://registry.npmjs.org/which/-/which-5.0.0.tgz. Extracting by manifest.
7176 silly tarball no local data for lru-cache@https://registry.npmjs.org/lru-cache/-/lru-cache-10.4.3.tgz. Extracting by manifest.
7177 silly tarball no local data for lru-cache@https://registry.npmjs.org/lru-cache/-/lru-cache-11.2.5.tgz. Extracting by manifest.
7178 silly tarball no local data for universalify@https://registry.npmjs.org/universalify/-/universalify-0.1.2.tgz. Extracting by manifest.
7179 silly tarball no local data for is-unicode-supported@https://registry.npmjs.org/is-unicode-supported/-/is-unicode-supported-1.3.0.tgz. Extracting by manifest.
7180 silly tarball no local data for jsonfile@https://registry.npmjs.org/jsonfile/-/jsonfile-4.0.0.tgz. Extracting by manifest.
7181 silly tarball no local data for fs-extra@https://registry.npmjs.org/fs-extra/-/fs-extra-8.1.0.tgz. Extracting by manifest.
7182 silly tarball no local data for emoji-regex@https://registry.npmjs.org/emoji-regex/-/emoji-regex-10.6.0.tgz. Extracting by manifest.
7183 silly tarball no local data for which@https://registry.npmjs.org/which/-/which-5.0.0.tgz. Extracting by manifest.
7184 silly tarball no local data for string-width@https://registry.npmjs.org/string-width/-/string-width-7.2.0.tgz. Extracting by manifest.
7185 silly tarball no local data for slice-ansi@https://registry.npmjs.org/slice-ansi/-/slice-ansi-7.1.2.tgz. Extracting by manifest.
7186 silly tarball no local data for is-fullwidth-code-point@https://registry.npmjs.org/is-fullwidth-code-point/-/is-fullwidth-code-point-5.1.0.tgz. Extracting by manifest.
7187 silly tarball no local data for emoji-regex@https://registry.npmjs.org/emoji-regex/-/emoji-regex-10.6.0.tgz. Extracting by manifest.
7188 silly tarball no local data for string-width@https://registry.npmjs.org/string-width/-/string-width-7.2.0.tgz. Extracting by manifest.
7189 silly tarball no local data for iconv-lite@https://registry.npmjs.org/iconv-lite/-/iconv-lite-0.6.3.tgz. Extracting by manifest.
7190 silly tarball no local data for source-map@https://registry.npmjs.org/source-map/-/source-map-0.6.1.tgz. Extracting by manifest.
7191 silly tarball no local data for wrap-ansi@https://registry.npmjs.org/wrap-ansi/-/wrap-ansi-9.0.2.tgz. Extracting by manifest.
7192 silly tarball no local data for mime-db@https://registry.npmjs.org/mime-db/-/mime-db-1.52.0.tgz. Extracting by manifest.
7193 silly tarball no local data for brace-expansion@https://registry.npmjs.org/brace-expansion/-/brace-expansion-1.1.12.tgz. Extracting by manifest.
7194 silly tarball no local data for mime-types@https://registry.npmjs.org/mime-types/-/mime-types-2.1.35.tgz. Extracting by manifest.
7195 silly tarball no local data for accepts@https://registry.npmjs.org/accepts/-/accepts-1.3.8.tgz. Extracting by manifest.
7196 silly tarball no local data for negotiator@https://registry.npmjs.org/negotiator/-/negotiator-0.6.3.tgz. Extracting by manifest.
7197 silly tarball no local data for glob@https://registry.npmjs.org/glob/-/glob-7.2.3.tgz. Extracting by manifest.
7198 silly tarball no local data for statuses@https://registry.npmjs.org/statuses/-/statuses-1.5.0.tgz. Extracting by manifest.
7199 silly tarball no local data for on-finished@https://registry.npmjs.org/on-finished/-/on-finished-2.3.0.tgz. Extracting by manifest.
7200 silly tarball no local data for encodeurl@https://registry.npmjs.org/encodeurl/-/encodeurl-1.0.2.tgz. Extracting by manifest.
7201 silly tarball no local data for ms@https://registry.npmjs.org/ms/-/ms-2.0.0.tgz. Extracting by manifest.
7202 silly tarball no local data for debug@https://registry.npmjs.org/debug/-/debug-2.6.9.tgz. Extracting by manifest.
7203 silly tarball no local data for minimatch@https://registry.npmjs.org/minimatch/-/minimatch-3.1.2.tgz. Extracting by manifest.
7204 silly tarball no local data for emoji-regex@https://registry.npmjs.org/emoji-regex/-/emoji-regex-8.0.0.tgz. Extracting by manifest.
7205 silly tarball no local data for ansi-regex@https://registry.npmjs.org/ansi-regex/-/ansi-regex-5.0.1.tgz. Extracting by manifest.
7206 silly tarball no local data for finalhandler@https://registry.npmjs.org/finalhandler/-/finalhandler-1.1.2.tgz. Extracting by manifest.
7207 silly tarball no local data for is-fullwidth-code-point@https://registry.npmjs.org/is-fullwidth-code-point/-/is-fullwidth-code-point-3.0.0.tgz. Extracting by manifest.
7208 silly tarball no local data for ansi-styles@https://registry.npmjs.org/ansi-styles/-/ansi-styles-4.3.0.tgz. Extracting by manifest.
7209 silly tarball no local data for string-width@https://registry.npmjs.org/string-width/-/string-width-4.2.3.tgz. Extracting by manifest.
7210 silly tarball no local data for ansi-regex@https://registry.npmjs.org/ansi-regex/-/ansi-regex-5.0.1.tgz. Extracting by manifest.
7211 silly tarball no local data for strip-ansi@https://registry.npmjs.org/strip-ansi/-/strip-ansi-6.0.1.tgz. Extracting by manifest.
7212 silly tarball no local data for ansi-regex@https://registry.npmjs.org/ansi-regex/-/ansi-regex-5.0.1.tgz. Extracting by manifest.
7213 silly tarball no local data for strip-ansi@https://registry.npmjs.org/strip-ansi/-/strip-ansi-6.0.1.tgz. Extracting by manifest.
7214 silly tarball no local data for is-fullwidth-code-point@https://registry.npmjs.org/is-fullwidth-code-point/-/is-fullwidth-code-point-3.0.0.tgz. Extracting by manifest.
7215 silly tarball no local data for lru-cache@https://registry.npmjs.org/lru-cache/-/lru-cache-10.4.3.tgz. Extracting by manifest.
7216 silly tarball no local data for wrap-ansi@https://registry.npmjs.org/wrap-ansi/-/wrap-ansi-8.1.0.tgz. Extracting by manifest.
7217 silly tarball no local data for picomatch@https://registry.npmjs.org/picomatch/-/picomatch-2.3.1.tgz. Extracting by manifest.
7218 silly tarball no local data for emoji-regex@https://registry.npmjs.org/emoji-regex/-/emoji-regex-8.0.0.tgz. Extracting by manifest.
7219 silly tarball no local data for ajv-formats@https://registry.npmjs.org/ajv-formats/-/ajv-formats-2.1.1.tgz. Extracting by manifest.
7220 silly tarball no local data for entities@https://registry.npmjs.org/entities/-/entities-7.0.1.tgz. Extracting by manifest.
7221 silly tarball no local data for postcss-selector-parser@https://registry.npmjs.org/postcss-selector-parser/-/postcss-selector-parser-7.1.1.tgz. Extracting by manifest.
7222 silly tarball no local data for resolve@https://registry.npmjs.org/resolve/-/resolve-1.22.11.tgz. Extracting by manifest.
7223 silly tarball no local data for json-parse-even-better-errors@https://registry.npmjs.org/json-parse-even-better-errors/-/json-parse-even-better-errors-2.3.1.tgz. Extracting by manifest.
7224 silly tarball no local data for postcss-selector-parser@https://registry.npmjs.org/postcss-selector-parser/-/postcss-selector-parser-7.1.1.tgz. Extracting by manifest.
7225 silly tarball no local data for ansi-regex@https://registry.npmjs.org/ansi-regex/-/ansi-regex-5.0.1.tgz. Extracting by manifest.
7226 silly tarball no local data for emoji-regex@https://registry.npmjs.org/emoji-regex/-/emoji-regex-8.0.0.tgz. Extracting by manifest.
7227 silly tarball no local data for strip-ansi@https://registry.npmjs.org/strip-ansi/-/strip-ansi-6.0.1.tgz. Extracting by manifest.
7228 silly tarball no local data for is-fullwidth-code-point@https://registry.npmjs.org/is-fullwidth-code-point/-/is-fullwidth-code-point-3.0.0.tgz. Extracting by manifest.
7229 silly tarball no local data for wrap-ansi@https://registry.npmjs.org/wrap-ansi/-/wrap-ansi-7.0.0.tgz. Extracting by manifest.
7230 silly tarball no local data for cliui@https://registry.npmjs.org/cliui/-/cliui-8.0.1.tgz. Extracting by manifest.
7231 silly tarball no local data for yargs-parser@https://registry.npmjs.org/yargs-parser/-/yargs-parser-21.1.1.tgz. Extracting by manifest.
7232 silly tarball no local data for minimatch@https://registry.npmjs.org/minimatch/-/minimatch-5.1.6.tgz. Extracting by manifest.
7233 silly tarball no local data for string-width@https://registry.npmjs.org/string-width/-/string-width-4.2.3.tgz. Extracting by manifest.
7234 silly tarball no local data for yargs@https://registry.npmjs.org/yargs/-/yargs-17.7.2.tgz. Extracting by manifest.
7235 silly tarball no local data for is-fullwidth-code-point@https://registry.npmjs.org/is-fullwidth-code-point/-/is-fullwidth-code-point-3.0.0.tgz. Extracting by manifest.
7236 silly tarball no local data for ansi-regex@https://registry.npmjs.org/ansi-regex/-/ansi-regex-5.0.1.tgz. Extracting by manifest.
7237 silly tarball no local data for emoji-regex@https://registry.npmjs.org/emoji-regex/-/emoji-regex-8.0.0.tgz. Extracting by manifest.
7238 silly tarball no local data for glob@https://registry.npmjs.org/glob/-/glob-8.1.0.tgz. Extracting by manifest.
7239 silly tarball no local data for strip-ansi@https://registry.npmjs.org/strip-ansi/-/strip-ansi-6.0.1.tgz. Extracting by manifest.
7240 silly tarball no local data for ansi-styles@https://registry.npmjs.org/ansi-styles/-/ansi-styles-4.3.0.tgz. Extracting by manifest.
7241 silly tarball no local data for semver@https://registry.npmjs.org/semver/-/semver-6.3.1.tgz. Extracting by manifest.
7242 silly tarball no local data for semver@https://registry.npmjs.org/semver/-/semver-6.3.1.tgz. Extracting by manifest.
7243 silly tarball no local data for string-width@https://registry.npmjs.org/string-width/-/string-width-4.2.3.tgz. Extracting by manifest.
7244 silly tarball no local data for semver@https://registry.npmjs.org/semver/-/semver-6.3.1.tgz. Extracting by manifest.
7245 silly tarball no local data for semver@https://registry.npmjs.org/semver/-/semver-6.3.1.tgz. Extracting by manifest.
7246 silly tarball no local data for chalk@https://registry.npmjs.org/chalk/-/chalk-4.1.2.tgz. Extracting by manifest.
7247 silly tarball no local data for @babel/generator@https://registry.npmjs.org/@babel/generator/-/generator-7.28.6.tgz. Extracting by manifest.
7248 silly tarball no local data for ansi-styles@https://registry.npmjs.org/ansi-styles/-/ansi-styles-4.3.0.tgz. Extracting by manifest.
7249 silly tarball no local data for string-width@https://registry.npmjs.org/string-width/-/string-width-7.2.0.tgz. Extracting by manifest.
7250 silly tarball no local data for npm-package-arg@https://registry.npmjs.org/npm-package-arg/-/npm-package-arg-12.0.2.tgz. Extracting by manifest.
7251 silly tarball no local data for hosted-git-info@https://registry.npmjs.org/hosted-git-info/-/hosted-git-info-8.1.0.tgz. Extracting by manifest.
7252 silly tarball no local data for emoji-regex@https://registry.npmjs.org/emoji-regex/-/emoji-regex-10.6.0.tgz. Extracting by manifest.
7253 silly tarball no local data for json-schema-traverse@https://registry.npmjs.org/json-schema-traverse/-/json-schema-traverse-0.4.1.tgz. Extracting by manifest.
7254 silly tarball no local data for ajv@https://registry.npmjs.org/ajv/-/ajv-6.12.6.tgz. Extracting by manifest.
7255 silly tarball no local data for entities@https://registry.npmjs.org/entities/-/entities-6.0.1.tgz. Extracting by manifest.
7256 silly tarball no local data for postcss@https://registry.npmjs.org/postcss/-/postcss-8.5.6.tgz. Extracting by manifest.
7257 silly tarball no local data for rxjs@https://registry.npmjs.org/rxjs/-/rxjs-7.8.2.tgz. Extracting by manifest.
7258 silly tarball no local data for tinyglobby@https://registry.npmjs.org/tinyglobby/-/tinyglobby-0.2.15.tgz. Extracting by manifest.
7259 silly tarball no local data for emoji-regex@https://registry.npmjs.org/emoji-regex/-/emoji-regex-10.6.0.tgz. Extracting by manifest.
7260 silly tarball no local data for entities@https://registry.npmjs.org/entities/-/entities-6.0.1.tgz. Extracting by manifest.
7261 silly tarball no local data for string-width@https://registry.npmjs.org/string-width/-/string-width-7.2.0.tgz. Extracting by manifest.
7262 silly tarball no local data for eventemitter3@https://registry.npmjs.org/eventemitter3/-/eventemitter3-5.0.4.tgz. Extracting by manifest.
7263 silly tarball no local data for lru-cache@https://registry.npmjs.org/lru-cache/-/lru-cache-10.4.3.tgz. Extracting by manifest.
7264 silly tarball no local data for media-typer@https://registry.npmjs.org/media-typer/-/media-typer-0.3.0.tgz. Extracting by manifest.
7265 silly tarball no local data for raw-body@https://registry.npmjs.org/raw-body/-/raw-body-2.5.3.tgz. Extracting by manifest.
7266 silly tarball no local data for iconv-lite@https://registry.npmjs.org/iconv-lite/-/iconv-lite-0.4.24.tgz. Extracting by manifest.
7267 silly tarball no local data for wrap-ansi@https://registry.npmjs.org/wrap-ansi/-/wrap-ansi-9.0.2.tgz. Extracting by manifest.
7268 silly tarball no local data for picomatch@https://registry.npmjs.org/picomatch/-/picomatch-2.3.1.tgz. Extracting by manifest.
7269 silly tarball no local data for negotiator@https://registry.npmjs.org/negotiator/-/negotiator-0.6.3.tgz. Extracting by manifest.
7270 silly tarball no local data for mime-db@https://registry.npmjs.org/mime-db/-/mime-db-1.52.0.tgz. Extracting by manifest.
7271 silly tarball no local data for mime-types@https://registry.npmjs.org/mime-types/-/mime-types-2.1.35.tgz. Extracting by manifest.
7272 silly tarball no local data for send@https://registry.npmjs.org/send/-/send-0.19.2.tgz. Extracting by manifest.
7273 silly tarball no local data for type-is@https://registry.npmjs.org/type-is/-/type-is-1.6.18.tgz. Extracting by manifest.
7274 silly tarball no local data for serve-static@https://registry.npmjs.org/serve-static/-/serve-static-1.16.3.tgz. Extracting by manifest.
7275 silly tarball no local data for merge-descriptors@https://registry.npmjs.org/merge-descriptors/-/merge-descriptors-1.0.3.tgz. Extracting by manifest.
7276 silly tarball no local data for fresh@https://registry.npmjs.org/fresh/-/fresh-0.5.2.tgz. Extracting by manifest.
7277 silly tarball no local data for debug@https://registry.npmjs.org/debug/-/debug-2.6.9.tgz. Extracting by manifest.
7278 silly tarball no local data for mime@https://registry.npmjs.org/mime/-/mime-1.6.0.tgz. Extracting by manifest.
7279 silly tarball no local data for finalhandler@https://registry.npmjs.org/finalhandler/-/finalhandler-1.3.2.tgz. Extracting by manifest.
7280 silly tarball no local data for ms@https://registry.npmjs.org/ms/-/ms-2.0.0.tgz. Extracting by manifest.
7281 silly tarball no local data for path-to-regexp@https://registry.npmjs.org/path-to-regexp/-/path-to-regexp-0.1.12.tgz. Extracting by manifest.
7282 silly tarball no local data for body-parser@https://registry.npmjs.org/body-parser/-/body-parser-1.20.4.tgz. Extracting by manifest.
7283 silly tarball no local data for content-disposition@https://registry.npmjs.org/content-disposition/-/content-disposition-0.5.4.tgz. Extracting by manifest.
7284 silly tarball no local data for readdirp@https://registry.npmjs.org/readdirp/-/readdirp-3.6.0.tgz. Extracting by manifest.
7285 silly tarball no local data for glob-parent@https://registry.npmjs.org/glob-parent/-/glob-parent-5.1.2.tgz. Extracting by manifest.
7286 silly tarball no local data for accepts@https://registry.npmjs.org/accepts/-/accepts-1.3.8.tgz. Extracting by manifest.
7287 silly tarball no local data for cookie-signature@https://registry.npmjs.org/cookie-signature/-/cookie-signature-1.0.7.tgz. Extracting by manifest.
7288 silly tarball no local data for ipaddr.js@https://registry.npmjs.org/ipaddr.js/-/ipaddr.js-2.3.0.tgz. Extracting by manifest.
7289 silly tarball no local data for http-proxy-middleware@https://registry.npmjs.org/http-proxy-middleware/-/http-proxy-middleware-2.0.9.tgz. Extracting by manifest.
7290 silly tarball no local data for express@https://registry.npmjs.org/express/-/express-4.22.1.tgz. Extracting by manifest.
7291 silly tarball no local data for chokidar@https://registry.npmjs.org/chokidar/-/chokidar-3.6.0.tgz. Extracting by manifest.
7292 silly tarball no local data for mime-db@https://registry.npmjs.org/mime-db/-/mime-db-1.52.0.tgz. Extracting by manifest.
7293 silly tarball no local data for mime-db@https://registry.npmjs.org/mime-db/-/mime-db-1.52.0.tgz. Extracting by manifest.
7294 silly tarball no local data for commander@https://registry.npmjs.org/commander/-/commander-2.20.3.tgz. Extracting by manifest.
7295 silly tarball no local data for mime-types@https://registry.npmjs.org/mime-types/-/mime-types-2.1.35.tgz. Extracting by manifest.
7296 silly tarball no local data for json-parse-even-better-errors@https://registry.npmjs.org/json-parse-even-better-errors/-/json-parse-even-better-errors-2.3.1.tgz. Extracting by manifest.
7297 silly tarball no local data for source-map@https://registry.npmjs.org/source-map/-/source-map-0.6.1.tgz. Extracting by manifest.
7298 silly tarball no local data for iconv-lite@https://registry.npmjs.org/iconv-lite/-/iconv-lite-0.6.3.tgz. Extracting by manifest.
7299 silly tarball no local data for cosmiconfig@https://registry.npmjs.org/cosmiconfig/-/cosmiconfig-9.0.0.tgz. Extracting by manifest.
7300 silly tarball no local data for string-width@https://registry.npmjs.org/string-width/-/string-width-7.2.0.tgz. Extracting by manifest.
7301 silly tarball no local data for mime-types@https://registry.npmjs.org/mime-types/-/mime-types-2.1.35.tgz. Extracting by manifest.
7302 silly tarball no local data for emoji-regex@https://registry.npmjs.org/emoji-regex/-/emoji-regex-10.6.0.tgz. Extracting by manifest.
7303 silly tarball no local data for semver@https://registry.npmjs.org/semver/-/semver-5.7.2.tgz. Extracting by manifest.
7304 silly tarball no local data for pify@https://registry.npmjs.org/pify/-/pify-4.0.1.tgz. Extracting by manifest.
7305 silly tarball no local data for make-dir@https://registry.npmjs.org/make-dir/-/make-dir-2.1.0.tgz. Extracting by manifest.
7306 silly tarball no local data for loader-utils@https://registry.npmjs.org/loader-utils/-/loader-utils-2.0.4.tgz. Extracting by manifest.
7307 silly tarball no local data for glob-parent@https://registry.npmjs.org/glob-parent/-/glob-parent-5.1.2.tgz. Extracting by manifest.
7308 silly tarball no local data for semver@https://registry.npmjs.org/semver/-/semver-6.3.1.tgz. Extracting by manifest.
7309 silly tarball no local data for mime@https://registry.npmjs.org/mime/-/mime-1.6.0.tgz. Extracting by manifest.
7310 silly tarball no local data for source-map@https://registry.npmjs.org/source-map/-/source-map-0.6.1.tgz. Extracting by manifest.
7311 silly tarball no local data for semver@https://registry.npmjs.org/semver/-/semver-6.3.1.tgz. Extracting by manifest.
7312 silly tarball no local data for source-map@https://registry.npmjs.org/source-map/-/source-map-0.6.1.tgz. Extracting by manifest.
7313 silly tarball no local data for rxjs@https://registry.npmjs.org/rxjs/-/rxjs-7.8.2.tgz. Extracting by manifest.
7314 silly tarball no local data for rxjs@https://registry.npmjs.org/rxjs/-/rxjs-7.8.2.tgz. Extracting by manifest.
7315 silly tarball no local data for semver@https://registry.npmjs.org/semver/-/semver-6.3.1.tgz. Extracting by manifest.
7316 silly tarball no local data for convert-source-map@https://registry.npmjs.org/convert-source-map/-/convert-source-map-2.0.0.tgz. Extracting by manifest.
7317 silly tarball no local data for eventemitter3@https://registry.npmjs.org/eventemitter3/-/eventemitter3-5.0.4.tgz. Extracting by manifest.
7318 silly tarball no local data for picomatch@https://registry.npmjs.org/picomatch/-/picomatch-2.3.1.tgz. Extracting by manifest.
7319 silly tarball no local data for postcss-selector-parser@https://registry.npmjs.org/postcss-selector-parser/-/postcss-selector-parser-6.1.2.tgz. Extracting by manifest.
7320 silly tarball no local data for jasmine-core@https://registry.npmjs.org/jasmine-core/-/jasmine-core-4.6.1.tgz. Extracting by manifest.
7321 silly tarball no local data for brace-expansion@https://registry.npmjs.org/brace-expansion/-/brace-expansion-1.1.12.tgz. Extracting by manifest.
7322 silly tarball no local data for readdirp@https://registry.npmjs.org/readdirp/-/readdirp-3.6.0.tgz. Extracting by manifest.
7323 silly tarball no local data for glob-parent@https://registry.npmjs.org/glob-parent/-/glob-parent-5.1.2.tgz. Extracting by manifest.
7324 silly tarball no local data for rxjs@https://registry.npmjs.org/rxjs/-/rxjs-7.8.2.tgz. Extracting by manifest.
7325 silly tarball no local data for istanbul-lib-instrument@https://registry.npmjs.org/istanbul-lib-instrument/-/istanbul-lib-instrument-5.2.1.tgz. Extracting by manifest.
7326 silly tarball no local data for semver@https://registry.npmjs.org/semver/-/semver-6.3.1.tgz. Extracting by manifest.
7327 silly tarball no local data for emoji-regex@https://registry.npmjs.org/emoji-regex/-/emoji-regex-8.0.0.tgz. Extracting by manifest.
7328 silly tarball no local data for chokidar@https://registry.npmjs.org/chokidar/-/chokidar-3.6.0.tgz. Extracting by manifest.
7329 silly tarball no local data for ansi-styles@https://registry.npmjs.org/ansi-styles/-/ansi-styles-4.3.0.tgz. Extracting by manifest.
7330 silly tarball no local data for which@https://registry.npmjs.org/which/-/which-1.3.1.tgz. Extracting by manifest.
7331 silly tarball no local data for strip-ansi@https://registry.npmjs.org/strip-ansi/-/strip-ansi-6.0.1.tgz. Extracting by manifest.
7332 silly tarball no local data for minimatch@https://registry.npmjs.org/minimatch/-/minimatch-3.1.2.tgz. Extracting by manifest.
7333 silly tarball no local data for wrap-ansi@https://registry.npmjs.org/wrap-ansi/-/wrap-ansi-7.0.0.tgz. Extracting by manifest.
7334 silly tarball no local data for string-width@https://registry.npmjs.org/string-width/-/string-width-4.2.3.tgz. Extracting by manifest.
7335 silly tarball no local data for is-fullwidth-code-point@https://registry.npmjs.org/is-fullwidth-code-point/-/is-fullwidth-code-point-3.0.0.tgz. Extracting by manifest.
7336 silly tarball no local data for yargs-parser@https://registry.npmjs.org/yargs-parser/-/yargs-parser-20.2.9.tgz. Extracting by manifest.
7337 silly tarball no local data for ansi-regex@https://registry.npmjs.org/ansi-regex/-/ansi-regex-5.0.1.tgz. Extracting by manifest.
7338 silly tarball no local data for mime-db@https://registry.npmjs.org/mime-db/-/mime-db-1.52.0.tgz. Extracting by manifest.
7339 silly tarball no local data for mime-types@https://registry.npmjs.org/mime-types/-/mime-types-2.1.35.tgz. Extracting by manifest.
7340 silly tarball no local data for picomatch@https://registry.npmjs.org/picomatch/-/picomatch-2.3.1.tgz. Extracting by manifest.
7341 silly tarball no local data for media-typer@https://registry.npmjs.org/media-typer/-/media-typer-0.3.0.tgz. Extracting by manifest.
7342 silly tarball no local data for readdirp@https://registry.npmjs.org/readdirp/-/readdirp-3.6.0.tgz. Extracting by manifest.
7343 silly tarball no local data for cliui@https://registry.npmjs.org/cliui/-/cliui-7.0.4.tgz. Extracting by manifest.
7344 silly tarball no local data for type-is@https://registry.npmjs.org/type-is/-/type-is-1.6.18.tgz. Extracting by manifest.
7345 silly tarball no local data for iconv-lite@https://registry.npmjs.org/iconv-lite/-/iconv-lite-0.4.24.tgz. Extracting by manifest.
7346 silly tarball no local data for ms@https://registry.npmjs.org/ms/-/ms-2.0.0.tgz. Extracting by manifest.
7347 silly tarball no local data for brace-expansion@https://registry.npmjs.org/brace-expansion/-/brace-expansion-1.1.12.tgz. Extracting by manifest.
7348 silly tarball no local data for source-map@https://registry.npmjs.org/source-map/-/source-map-0.6.1.tgz. Extracting by manifest.
7349 silly tarball no local data for glob-parent@https://registry.npmjs.org/glob-parent/-/glob-parent-5.1.2.tgz. Extracting by manifest.
7350 silly tarball no local data for yargs@https://registry.npmjs.org/yargs/-/yargs-16.2.0.tgz. Extracting by manifest.
7351 silly tarball no local data for minimatch@https://registry.npmjs.org/minimatch/-/minimatch-3.1.2.tgz. Extracting by manifest.
7352 silly tarball no local data for chokidar@https://registry.npmjs.org/chokidar/-/chokidar-3.6.0.tgz. Extracting by manifest.
7353 silly tarball no local data for ansi-regex@https://registry.npmjs.org/ansi-regex/-/ansi-regex-5.0.1.tgz. Extracting by manifest.
7354 silly tarball no local data for raw-body@https://registry.npmjs.org/raw-body/-/raw-body-2.5.3.tgz. Extracting by manifest.
7355 silly tarball no local data for body-parser@https://registry.npmjs.org/body-parser/-/body-parser-1.20.4.tgz. Extracting by manifest.
7356 silly tarball no local data for onetime@https://registry.npmjs.org/onetime/-/onetime-5.1.2.tgz. Extracting by manifest.
7357 silly tarball no local data for debug@https://registry.npmjs.org/debug/-/debug-2.6.9.tgz. Extracting by manifest.
7358 silly tarball no local data for glob@https://registry.npmjs.org/glob/-/glob-7.2.3.tgz. Extracting by manifest.
7359 silly tarball no local data for ansi-styles@https://registry.npmjs.org/ansi-styles/-/ansi-styles-4.3.0.tgz. Extracting by manifest.
7360 silly tarball no local data for strip-ansi@https://registry.npmjs.org/strip-ansi/-/strip-ansi-6.0.1.tgz. Extracting by manifest.
7361 silly tarball no local data for restore-cursor@https://registry.npmjs.org/restore-cursor/-/restore-cursor-3.1.0.tgz. Extracting by manifest.
7362 silly tarball no local data for signal-exit@https://registry.npmjs.org/signal-exit/-/signal-exit-3.0.7.tgz. Extracting by manifest.
7363 silly tarball no local data for is-interactive@https://registry.npmjs.org/is-interactive/-/is-interactive-1.0.0.tgz. Extracting by manifest.
7364 silly tarball no local data for postcss@https://registry.npmjs.org/postcss/-/postcss-8.5.6.tgz. Extracting by manifest.
7365 silly tarball no local data for ora@https://registry.npmjs.org/ora/-/ora-5.4.1.tgz. Extracting by manifest.
7366 silly tarball no local data for is-unicode-supported@https://registry.npmjs.org/is-unicode-supported/-/is-unicode-supported-0.1.0.tgz. Extracting by manifest.
7367 silly tarball no local data for chalk@https://registry.npmjs.org/chalk/-/chalk-4.1.2.tgz. Extracting by manifest.
7368 silly tarball no local data for cli-cursor@https://registry.npmjs.org/cli-cursor/-/cli-cursor-3.1.0.tgz. Extracting by manifest.
7369 silly tarball no local data for rxjs@https://registry.npmjs.org/rxjs/-/rxjs-7.8.2.tgz. Extracting by manifest.
7370 silly tarball no local data for autoprefixer@https://registry.npmjs.org/autoprefixer/-/autoprefixer-10.4.21.tgz. Extracting by manifest.
7371 silly tarball no local data for log-symbols@https://registry.npmjs.org/log-symbols/-/log-symbols-4.1.0.tgz. Extracting by manifest.
7372 http fetch GET 200 https://registry.npmjs.org/require-directory/-/require-directory-2.1.1.tgz 377ms (cache miss)
7373 http fetch GET 200 https://registry.npmjs.org/methods/-/methods-1.1.2.tgz 377ms (cache miss)
7374 http fetch GET 200 https://registry.npmjs.org/fs.realpath/-/fs.realpath-1.0.0.tgz 376ms (cache miss)
7375 http fetch GET 200 https://registry.npmjs.org/inflight/-/inflight-1.0.6.tgz 384ms (cache miss)
7376 warn deprecated inflight@1.0.6: This module is not supported, and leaks memory. Do not use it. Check out lru-cache if you want a good and tested way to coalesce async requests by a key value, which is much more comprehensive and powerful.
7377 http fetch GET 200 https://registry.npmjs.org/array-flatten/-/array-flatten-1.1.1.tgz 427ms (cache miss)
7378 http fetch GET 200 https://registry.npmjs.org/path-is-absolute/-/path-is-absolute-1.0.1.tgz 430ms (cache miss)
7379 http fetch GET 200 https://registry.npmjs.org/binary-extensions/-/binary-extensions-2.3.0.tgz 430ms (cache miss)
7380 http fetch GET 200 https://registry.npmjs.org/is-plain-obj/-/is-plain-obj-3.0.0.tgz 431ms (cache miss)
7381 http fetch POST 200 https://registry.npmjs.org/-/npm/v1/security/advisories/bulk 538ms
7382 silly audit report {
7382 silly audit report   '@angular/common': [
7382 silly audit report     {
7382 silly audit report       id: 1111064,
7382 silly audit report       url: 'https://github.com/advisories/GHSA-58c5-g7wp-6w37',
7382 silly audit report       title: 'Angular is Vulnerable to XSRF Token Leakage via Protocol-Relative URLs in Angular HTTP Client',
7382 silly audit report       severity: 'high',
7382 silly audit report       vulnerable_versions: '>=20.0.0-next.0 <20.3.14',
7382 silly audit report       cwe: [Array],
7382 silly audit report       cvss: [Object]
7382 silly audit report     }
7382 silly audit report   ],
7382 silly audit report   '@angular/compiler': [
7382 silly audit report     {
7382 silly audit report       id: 1111182,
7382 silly audit report       url: 'https://github.com/advisories/GHSA-v4hv-rgfq-gp49',
7382 silly audit report       title: 'Angular Stored XSS Vulnerability via SVG Animation, SVG URL and MathML Attributes',
7382 silly audit report       severity: 'high',
7382 silly audit report       vulnerable_versions: '>=20.0.0-next.0 <20.3.15',
7382 silly audit report       cwe: [Array],
7382 silly audit report       cvss: [Object]
7382 silly audit report     },
7382 silly audit report     {
7382 silly audit report       id: 1112160,
7382 silly audit report       url: 'https://github.com/advisories/GHSA-jrmj-c5cx-3cw6',
7382 silly audit report       title: 'Angular has XSS Vulnerability via Unsanitized SVG Script Attributes',
7382 silly audit report       severity: 'high',
7382 silly audit report       vulnerable_versions: '>=20.0.0-next.0 <20.3.16',
7382 silly audit report       cwe: [Array],
7382 silly audit report       cvss: [Object]
7382 silly audit report     }
7382 silly audit report   ],
7382 silly audit report   '@angular/core': [
7382 silly audit report     {
7382 silly audit report       id: 1112159,
7382 silly audit report       url: 'https://github.com/advisories/GHSA-jrmj-c5cx-3cw6',
7382 silly audit report       title: 'Angular has XSS Vulnerability via Unsanitized SVG Script Attributes',
7382 silly audit report       severity: 'high',
7382 silly audit report       vulnerable_versions: '>=20.0.0-next.0 <20.3.16',
7382 silly audit report       cwe: [Array],
7382 silly audit report       cvss: [Object]
7382 silly audit report     }
7382 silly audit report   ],
7382 silly audit report   lodash: [
7382 silly audit report     {
7382 silly audit report       id: 1112455,
7382 silly audit report       url: 'https://github.com/advisories/GHSA-xxjr-mmjv-4gpg',
7382 silly audit report       title: 'Lodash has Prototype Pollution Vulnerability in `_.unset` and `_.omit` functions',
7382 silly audit report       severity: 'moderate',
7382 silly audit report       vulnerable_versions: '>=4.0.0 <=4.17.22',
7382 silly audit report       cwe: [Array],
7382 silly audit report       cvss: [Object]
7382 silly audit report     }
7382 silly audit report   ],
7382 silly audit report   'lodash-es': [
7382 silly audit report     {
7382 silly audit report       id: 1112453,
7382 silly audit report       url: 'https://github.com/advisories/GHSA-xxjr-mmjv-4gpg',
7382 silly audit report       title: 'Lodash has Prototype Pollution Vulnerability in `_.unset` and `_.omit` functions',
7382 silly audit report       severity: 'moderate',
7382 silly audit report       vulnerable_versions: '>=4.0.0 <=4.17.22',
7382 silly audit report       cwe: [Array],
7382 silly audit report       cvss: [Object]
7382 silly audit report     }
7382 silly audit report   ],
7382 silly audit report   quill: [
7382 silly audit report     {
7382 silly audit report       id: 1112197,
7382 silly audit report       url: 'https://github.com/advisories/GHSA-v3m3-f69x-jf25',
7382 silly audit report       title: 'Quill is vulnerable to XSS via HTML export feature',
7382 silly audit report       severity: 'low',
7382 silly audit report       vulnerable_versions: '=2.0.3',
7382 silly audit report       cwe: [Array],
7382 silly audit report       cvss: [Object]
7382 silly audit report     }
7382 silly audit report   ],
7382 silly audit report   vite: [
7382 silly audit report     {
7382 silly audit report       id: 1109137,
7382 silly audit report       url: 'https://github.com/advisories/GHSA-93m4-6634-74q7',
7382 silly audit report       title: 'vite allows server.fs.deny bypass via backslash on Windows',
7382 silly audit report       severity: 'moderate',
7382 silly audit report       vulnerable_versions: '>=7.1.0 <=7.1.10',
7382 silly audit report       cwe: [Array],
7382 silly audit report       cvss: [Object]
7382 silly audit report     }
7382 silly audit report   ],
7382 silly audit report   '@modelcontextprotocol/sdk': [
7382 silly audit report     {
7382 silly audit report       id: 1111155,
7382 silly audit report       url: 'https://github.com/advisories/GHSA-w48q-cv73-mx4w',
7382 silly audit report       title: 'Model Context Protocol (MCP) TypeScript SDK does not enable DNS rebinding protection by default',
7382 silly audit report       severity: 'high',
7382 silly audit report       vulnerable_versions: '<1.24.0',
7382 silly audit report       cwe: [Array],
7382 silly audit report       cvss: [Object]
7382 silly audit report     },
7382 silly audit report     {
7382 silly audit report       id: 1111906,
7382 silly audit report       url: 'https://github.com/advisories/GHSA-8r9q-7v3j-jr4g',
7382 silly audit report       title: "Anthropic's MCP TypeScript SDK has a ReDoS vulnerability",
7382 silly audit report       severity: 'high',
7382 silly audit report       vulnerable_versions: '<1.25.2',
7382 silly audit report       cwe: [Array],
7382 silly audit report       cvss: [Object]
7382 silly audit report     }
7382 silly audit report   ],
7382 silly audit report   tar: [
7382 silly audit report     {
7382 silly audit report       id: 1112255,
7382 silly audit report       url: 'https://github.com/advisories/GHSA-8qq5-rm4j-mr97',
7382 silly audit report       title: 'node-tar is Vulnerable to Arbitrary File Overwrite and Symlink Poisoning via Insufficient Path Sanitization',
7382 silly audit report       severity: 'high',
7382 silly audit report       vulnerable_versions: '<=7.5.2',
7382 silly audit report       cwe: [Array],
7382 silly audit report       cvss: [Object]
7382 silly audit report     },
7382 silly audit report     {
7382 silly audit report       id: 1112329,
7382 silly audit report       url: 'https://github.com/advisories/GHSA-r6q2-hw4h-h46w',
7382 silly audit report       title: 'Race Condition in node-tar Path Reservations via Unicode Ligature Collisions on macOS APFS',
7382 silly audit report       severity: 'high',
7382 silly audit report       vulnerable_versions: '<=7.5.3',
7382 silly audit report       cwe: [Array],
7382 silly audit report       cvss: [Object]
7382 silly audit report     }
7382 silly audit report   ]
7382 silly audit report }
7383 silly packumentCache corgi:https://registry.npmjs.org/@angular%2fcommon cache-miss
7384 silly packumentCache corgi:https://registry.npmjs.org/@angular%2fcompiler cache-miss
7385 silly packumentCache corgi:https://registry.npmjs.org/@angular%2fcore cache-miss
7386 silly packumentCache corgi:https://registry.npmjs.org/lodash cache-miss
7387 silly packumentCache corgi:https://registry.npmjs.org/lodash-es cache-miss
7388 silly packumentCache corgi:https://registry.npmjs.org/quill cache-miss
7389 silly packumentCache corgi:https://registry.npmjs.org/vite cache-miss
7390 silly packumentCache corgi:https://registry.npmjs.org/@modelcontextprotocol%2fsdk cache-miss
7391 silly packumentCache corgi:https://registry.npmjs.org/tar cache-miss
7392 http fetch GET 200 https://registry.npmjs.org/core-util-is/-/core-util-is-1.0.3.tgz 521ms (cache miss)
7393 http fetch GET 200 https://registry.npmjs.org/isobject/-/isobject-3.0.1.tgz 522ms (cache miss)
7394 http fetch GET 200 https://registry.npmjs.org/isarray/-/isarray-1.0.0.tgz 522ms (cache miss)
7395 http fetch GET 200 https://registry.npmjs.org/get-east-asian-width/-/get-east-asian-width-1.4.0.tgz 556ms (cache miss)
7396 http fetch GET 200 https://registry.npmjs.org/@isaacs/fs-minipass/-/fs-minipass-4.0.1.tgz 606ms (cache miss)
7397 http fetch GET 200 https://registry.npmjs.org/emojis-list/-/emojis-list-3.0.0.tgz 605ms (cache miss)
7398 http fetch GET 200 https://registry.npmjs.org/big.js/-/big.js-5.2.2.tgz 623ms (cache miss)
7399 http fetch GET 200 https://registry.npmjs.org/fast-json-stable-stringify/-/fast-json-stable-stringify-2.1.0.tgz 638ms (cache miss)
7400 http fetch GET 200 https://registry.npmjs.org/defaults/-/defaults-1.0.4.tgz 639ms (cache miss)
7401 http fetch GET 200 https://registry.npmjs.org/color-name/-/color-name-1.1.4.tgz 639ms (cache miss)
7402 http fetch GET 200 https://registry.npmjs.org/uri-js/-/uri-js-4.4.1.tgz 651ms (cache miss)
7403 http fetch GET 200 https://registry.npmjs.org/@isaacs/brace-expansion/-/brace-expansion-5.0.0.tgz 685ms (cache miss)
7404 http fetch GET 200 https://registry.npmjs.org/@types/mime/-/mime-1.3.5.tgz 724ms (cache miss)
7405 http fetch GET 200 https://registry.npmjs.org/clone/-/clone-1.0.4.tgz 867ms (cache miss)
7406 http fetch GET 200 https://registry.npmjs.org/ieee754/-/ieee754-1.2.1.tgz 867ms (cache miss)
7407 http fetch GET 200 https://registry.npmjs.org/color-convert/-/color-convert-2.0.1.tgz 867ms (cache miss)
7408 http fetch GET 200 https://registry.npmjs.org/process-nextick-args/-/process-nextick-args-2.0.1.tgz 869ms (cache miss)
7409 http fetch GET 200 https://registry.npmjs.org/is-binary-path/-/is-binary-path-2.1.0.tgz 870ms (cache miss)
7410 http fetch GET 200 https://registry.npmjs.org/concat-map/-/concat-map-0.0.1.tgz 870ms (cache miss)
7411 http fetch GET 200 https://registry.npmjs.org/destroy/-/destroy-1.2.0.tgz 871ms (cache miss)
7412 http fetch GET 200 https://registry.npmjs.org/base64-js/-/base64-js-1.5.1.tgz 868ms (cache miss)
7413 http fetch GET 200 https://registry.npmjs.org/anymatch/-/anymatch-3.1.3.tgz 872ms (cache miss)
7414 http fetch GET 200 https://registry.npmjs.org/bl/-/bl-4.1.0.tgz 871ms (cache miss)
7415 http fetch GET 200 https://registry.npmjs.org/y18n/-/y18n-5.0.8.tgz 870ms (cache miss)
7416 http fetch GET 200 https://registry.npmjs.org/yargs-parser/-/yargs-parser-22.0.0.tgz 871ms (cache miss)
7417 http fetch GET 200 https://registry.npmjs.org/buffer/-/buffer-5.7.1.tgz 880ms (cache miss)
7418 http fetch GET 200 https://registry.npmjs.org/get-caller-file/-/get-caller-file-2.0.5.tgz 965ms (cache miss)
7419 http fetch GET 200 https://registry.npmjs.org/mimic-fn/-/mimic-fn-2.1.0.tgz 1000ms (cache miss)
7420 http fetch GET 200 https://registry.npmjs.org/flat/-/flat-5.0.2.tgz 999ms (cache miss)
7421 http fetch GET 200 https://registry.npmjs.org/isexe/-/isexe-2.0.0.tgz 1000ms (cache miss)
7422 http fetch GET 200 https://registry.npmjs.org/is-wsl/-/is-wsl-3.1.0.tgz 1000ms (cache miss)
7423 http fetch GET 200 https://registry.npmjs.org/clone-deep/-/clone-deep-4.0.1.tgz 1000ms (cache miss)
7424 http fetch GET 200 https://registry.npmjs.org/cliui/-/cliui-9.0.1.tgz 1001ms (cache miss)
7425 http fetch GET 200 https://registry.npmjs.org/http-parser-js/-/http-parser-js-0.5.10.tgz 1001ms (cache miss)
7426 http fetch GET 200 https://registry.npmjs.org/shallow-clone/-/shallow-clone-3.0.1.tgz 1006ms (cache miss)
7427 http fetch GET 200 https://registry.npmjs.org/wildcard/-/wildcard-2.0.1.tgz 1006ms (cache miss)
7428 http fetch GET 200 https://registry.npmjs.org/typed-assert/-/typed-assert-1.0.9.tgz 1018ms (cache miss)
7429 http fetch GET 200 https://registry.npmjs.org/kind-of/-/kind-of-6.0.3.tgz 1017ms (cache miss)
7430 http fetch GET 200 https://registry.npmjs.org/@isaacs/balanced-match/-/balanced-match-4.0.1.tgz 1048ms (cache miss)
7431 http fetch GET 200 https://registry.npmjs.org/websocket-extensions/-/websocket-extensions-0.1.4.tgz 1049ms (cache miss)
7432 http fetch GET 200 https://registry.npmjs.org/wcwidth/-/wcwidth-1.0.1.tgz 1075ms (cache miss)
7433 http fetch GET 200 https://registry.npmjs.org/obuf/-/obuf-1.1.2.tgz 1101ms (cache miss)
7434 http fetch GET 200 https://registry.npmjs.org/minimalistic-assert/-/minimalistic-assert-1.0.1.tgz 1107ms (cache miss)
7435 http fetch GET 200 https://registry.npmjs.org/batch/-/batch-0.6.1.tgz 1131ms (cache miss)
7436 http fetch GET 200 https://registry.npmjs.org/hpack.js/-/hpack.js-2.1.6.tgz 1133ms (cache miss)
7437 http fetch GET 200 https://registry.npmjs.org/wbuf/-/wbuf-1.7.3.tgz 1133ms (cache miss)
7438 http fetch GET 200 https://registry.npmjs.org/select-hose/-/select-hose-2.0.0.tgz 1135ms (cache miss)
7439 http fetch GET 200 https://registry.npmjs.org/detect-node/-/detect-node-2.1.0.tgz 1141ms (cache miss)
7440 http fetch GET 200 https://registry.npmjs.org/string_decoder/-/string_decoder-1.3.0.tgz 1147ms (cache miss)
7441 http fetch GET 200 https://registry.npmjs.org/handle-thing/-/handle-thing-2.0.1.tgz 1167ms (cache miss)
7442 http fetch GET 200 https://registry.npmjs.org/spdy-transport/-/spdy-transport-3.0.0.tgz 1172ms (cache miss)
7443 http fetch GET 200 https://registry.npmjs.org/http-deceiver/-/http-deceiver-1.2.7.tgz 1216ms (cache miss)
7444 http fetch GET 200 https://registry.npmjs.org/readable-stream/-/readable-stream-3.6.2.tgz 1218ms (cache miss)
7445 http fetch GET 200 https://registry.npmjs.org/faye-websocket/-/faye-websocket-0.11.4.tgz 1227ms (cache miss)
7446 http fetch GET 200 https://registry.npmjs.org/uuid/-/uuid-8.3.2.tgz 1232ms (cache miss)
7447 http fetch GET 200 https://registry.npmjs.org/websocket-driver/-/websocket-driver-0.7.4.tgz 1235ms (cache miss)
7448 http fetch GET 200 https://registry.npmjs.org/@types/retry/-/retry-0.12.2.tgz 1275ms (cache miss)
7449 http fetch GET 200 https://registry.npmjs.org/thunky/-/thunky-1.1.0.tgz 1274ms (cache miss)
7450 http fetch GET 200 https://registry.npmjs.org/@leichtgewicht/ip-codec/-/ip-codec-2.0.5.tgz 1286ms (cache miss)
7451 http fetch GET 200 https://registry.npmjs.org/shell-quote/-/shell-quote-1.8.3.tgz 1286ms (cache miss)
7452 http fetch GET 200 https://registry.npmjs.org/is-network-error/-/is-network-error-1.3.0.tgz 1286ms (cache miss)
7453 http fetch GET 200 https://registry.npmjs.org/multicast-dns/-/multicast-dns-7.2.5.tgz 1299ms (cache miss)
7454 http fetch GET 200 https://registry.npmjs.org/on-headers/-/on-headers-1.1.0.tgz 1308ms (cache miss)
7455 http fetch GET 200 https://registry.npmjs.org/dns-packet/-/dns-packet-5.6.1.tgz 1318ms (cache miss)
7456 http fetch GET 200 https://registry.npmjs.org/@types/send/-/send-1.2.1.tgz 1364ms (cache miss)
7457 http fetch GET 200 https://registry.npmjs.org/@types/http-errors/-/http-errors-2.0.5.tgz 1415ms (cache miss)
7458 http fetch GET 200 https://registry.npmjs.org/node-forge/-/node-forge-1.3.3.tgz 1425ms (cache miss)
7459 http fetch GET 200 https://registry.npmjs.org/compressible/-/compressible-2.0.18.tgz 1423ms (cache miss)
7460 http fetch GET 200 https://registry.npmjs.org/@types/range-parser/-/range-parser-1.2.7.tgz 1423ms (cache miss)
7461 http fetch GET 200 https://registry.npmjs.org/connect-history-api-fallback/-/connect-history-api-fallback-2.0.0.tgz 1436ms (cache miss)
7462 http fetch GET 200 https://registry.npmjs.org/spdy/-/spdy-4.0.2.tgz 1457ms (cache miss)
7463 http fetch GET 200 https://registry.npmjs.org/selfsigned/-/selfsigned-2.4.1.tgz 1465ms (cache miss)
7464 http fetch GET 200 https://registry.npmjs.org/@types/body-parser/-/body-parser-1.19.6.tgz 1467ms (cache miss)
7465 http fetch GET 200 https://registry.npmjs.org/p-retry/-/p-retry-6.2.1.tgz 1466ms (cache miss)
7466 http fetch GET 200 https://registry.npmjs.org/sockjs/-/sockjs-0.3.24.tgz 1466ms (cache miss)
7467 http fetch GET 200 https://registry.npmjs.org/@types/connect/-/connect-3.4.38.tgz 1472ms (cache miss)
7468 http fetch GET 200 https://registry.npmjs.org/compression/-/compression-1.8.1.tgz 1477ms (cache miss)
7469 http fetch GET 200 https://registry.npmjs.org/bonjour-service/-/bonjour-service-1.3.0.tgz 1496ms (cache miss)
7470 http fetch GET 200 https://registry.npmjs.org/@types/express/-/express-4.17.25.tgz 1558ms (cache miss)
7471 http fetch GET 200 https://registry.npmjs.org/ansi-html-community/-/ansi-html-community-0.0.8.tgz 1558ms (cache miss)
7472 http fetch GET 200 https://registry.npmjs.org/@types/qs/-/qs-6.14.0.tgz 1566ms (cache miss)
7473 http fetch GET 200 https://registry.npmjs.org/@types/serve-static/-/serve-static-1.15.10.tgz 1603ms (cache miss)
7474 http fetch GET 200 https://registry.npmjs.org/serve-index/-/serve-index-1.9.2.tgz 1606ms (cache miss)
7475 http fetch GET 200 https://registry.npmjs.org/@jsonjoy.com/json-pointer/-/json-pointer-1.0.2.tgz 1661ms (cache miss)
7476 http fetch GET 200 https://registry.npmjs.org/@types/ws/-/ws-8.18.1.tgz 1677ms (cache miss)
7477 http fetch GET 200 https://registry.npmjs.org/@types/node-forge/-/node-forge-1.3.14.tgz 1680ms (cache miss)
7478 http fetch GET 200 https://registry.npmjs.org/hyperdyperid/-/hyperdyperid-1.2.0.tgz 1675ms (cache miss)
7479 http fetch GET 200 https://registry.npmjs.org/@types/connect-history-api-fallback/-/connect-history-api-fallback-1.5.4.tgz 1724ms (cache miss)
7480 http fetch GET 200 https://registry.npmjs.org/glob-to-regex.js/-/glob-to-regex.js-1.2.0.tgz 1723ms (cache miss)
7481 http fetch GET 200 https://registry.npmjs.org/tree-dump/-/tree-dump-1.1.0.tgz 1726ms (cache miss)
7482 http fetch GET 200 https://registry.npmjs.org/@jsonjoy.com/codegen/-/codegen-1.0.0.tgz 1728ms (cache miss)
7483 http fetch GET 200 https://registry.npmjs.org/thingies/-/thingies-2.5.0.tgz 1733ms (cache miss)
7484 http fetch GET 200 https://registry.npmjs.org/@types/sockjs/-/sockjs-0.3.36.tgz 1740ms (cache miss)
7485 http fetch GET 200 https://registry.npmjs.org/@jsonjoy.com/buffers/-/buffers-17.65.0.tgz 1740ms (cache miss)
7486 http fetch GET 200 https://registry.npmjs.org/@types/express-serve-static-core/-/express-serve-static-core-4.19.8.tgz 1753ms (cache miss)
7487 http fetch GET 200 https://registry.npmjs.org/@jsonjoy.com/fs-node-builtins/-/fs-node-builtins-4.56.10.tgz 1881ms (cache miss)
7488 http fetch GET 200 https://registry.npmjs.org/merge-stream/-/merge-stream-2.0.0.tgz 1880ms (cache miss)
7489 http fetch GET 200 https://registry.npmjs.org/launch-editor/-/launch-editor-2.12.0.tgz 1893ms (cache miss)
7490 http fetch GET 200 https://registry.npmjs.org/@jsonjoy.com/fs-node-to-fsa/-/fs-node-to-fsa-4.56.10.tgz 1899ms (cache miss)
7491 http fetch GET 200 https://registry.npmjs.org/@jsonjoy.com/fs-core/-/fs-core-4.56.10.tgz 1919ms (cache miss)
7492 http fetch GET 200 https://registry.npmjs.org/@jsonjoy.com/fs-node/-/fs-node-4.56.10.tgz 1922ms (cache miss)
7493 http fetch GET 200 https://registry.npmjs.org/@jsonjoy.com/util/-/util-1.9.0.tgz 1923ms (cache miss)
7494 http fetch GET 200 https://registry.npmjs.org/@jsonjoy.com/fs-snapshot/-/fs-snapshot-4.56.10.tgz 1951ms (cache miss)
7495 http fetch GET 200 https://registry.npmjs.org/@jsonjoy.com/fs-node-utils/-/fs-node-utils-4.56.10.tgz 1991ms (cache miss)
7496 http fetch GET 200 https://registry.npmjs.org/@jsonjoy.com/json-pack/-/json-pack-1.21.0.tgz 2042ms (cache miss)
7497 http fetch GET 200 https://registry.npmjs.org/@types/serve-index/-/serve-index-1.9.4.tgz 2046ms (cache miss)
7498 http fetch GET 200 https://registry.npmjs.org/@jsonjoy.com/fs-fsa/-/fs-fsa-4.56.10.tgz 2044ms (cache miss)
7499 http fetch GET 200 https://registry.npmjs.org/@jsonjoy.com/base64/-/base64-1.1.2.tgz 2046ms (cache miss)
7500 http fetch GET 200 https://registry.npmjs.org/@jsonjoy.com/fs-print/-/fs-print-4.56.10.tgz 2044ms (cache miss)
7501 http fetch GET 200 https://registry.npmjs.org/@xtuc/ieee754/-/ieee754-1.2.0.tgz 2048ms (cache miss)
7502 http fetch GET 200 https://registry.npmjs.org/memfs/-/memfs-4.56.10.tgz 2052ms (cache miss)
7503 http fetch GET 200 https://registry.npmjs.org/@webassemblyjs/utf8/-/utf8-1.13.2.tgz 2052ms (cache miss)
7504 http fetch GET 200 https://registry.npmjs.org/jest-worker/-/jest-worker-27.5.1.tgz 2055ms (cache miss)
7505 http fetch GET 200 https://registry.npmjs.org/@webassemblyjs/helper-wasm-section/-/helper-wasm-section-1.14.1.tgz 2059ms (cache miss)
7506 http fetch GET 200 https://registry.npmjs.org/@webassemblyjs/ieee754/-/ieee754-1.13.2.tgz 2059ms (cache miss)
7507 http fetch GET 200 https://registry.npmjs.org/@webassemblyjs/wasm-gen/-/wasm-gen-1.14.1.tgz 2118ms (cache miss)
7508 http fetch GET 200 https://registry.npmjs.org/estraverse/-/estraverse-4.3.0.tgz 2164ms (cache miss)
7509 http fetch GET 200 https://registry.npmjs.org/esrecurse/-/esrecurse-4.3.0.tgz 2168ms (cache miss)
7510 http fetch GET 200 https://registry.npmjs.org/@webassemblyjs/leb128/-/leb128-1.13.2.tgz 2172ms (cache miss)
7511 http fetch GET 200 https://registry.npmjs.org/@webassemblyjs/helper-buffer/-/helper-buffer-1.14.1.tgz 2178ms (cache miss)
7512 http fetch GET 200 https://registry.npmjs.org/@webassemblyjs/wasm-opt/-/wasm-opt-1.14.1.tgz 2183ms (cache miss)
7513 http fetch GET 200 https://registry.npmjs.org/@webassemblyjs/helper-api-error/-/helper-api-error-1.13.2.tgz 2182ms (cache miss)
7514 http fetch GET 200 https://registry.npmjs.org/@webassemblyjs/helper-wasm-bytecode/-/helper-wasm-bytecode-1.13.2.tgz 2195ms (cache miss)
7515 http fetch GET 200 https://registry.npmjs.org/@webassemblyjs/helper-numbers/-/helper-numbers-1.13.2.tgz 2204ms (cache miss)
7516 http fetch GET 200 https://registry.npmjs.org/terser-webpack-plugin/-/terser-webpack-plugin-5.3.16.tgz 2205ms (cache miss)
7517 http fetch GET 200 https://registry.npmjs.org/@types/eslint/-/eslint-9.6.1.tgz 2207ms (cache miss)
7518 http fetch GET 200 https://registry.npmjs.org/@webassemblyjs/wast-printer/-/wast-printer-1.14.1.tgz 2214ms (cache miss)
7519 http fetch GET 200 https://registry.npmjs.org/@xtuc/long/-/long-4.2.2.tgz 2254ms (cache miss)
7520 http fetch GET 200 https://registry.npmjs.org/events/-/events-3.3.0.tgz 2262ms (cache miss)
7521 http fetch GET 200 https://registry.npmjs.org/eslint-scope/-/eslint-scope-5.1.1.tgz 2308ms (cache miss)
7522 http fetch GET 200 https://registry.npmjs.org/es-module-lexer/-/es-module-lexer-1.7.0.tgz 2309ms (cache miss)
7523 http fetch GET 200 https://registry.npmjs.org/loader-runner/-/loader-runner-4.3.1.tgz 2315ms (cache miss)
7524 http fetch GET 200 https://registry.npmjs.org/enhanced-resolve/-/enhanced-resolve-5.18.4.tgz 2321ms (cache miss)
7525 http fetch GET 200 https://registry.npmjs.org/@webassemblyjs/wasm-parser/-/wasm-parser-1.14.1.tgz 2345ms (cache miss)
7526 http fetch GET 200 https://registry.npmjs.org/@webassemblyjs/ast/-/ast-1.14.1.tgz 2347ms (cache miss)
7527 http fetch GET 200 https://registry.npmjs.org/@types/eslint-scope/-/eslint-scope-3.7.7.tgz 2368ms (cache miss)
7528 http fetch GET 200 https://registry.npmjs.org/@types/estree/-/estree-1.0.8.tgz 2384ms (cache miss)
7529 http fetch GET 200 https://registry.npmjs.org/acorn-import-phases/-/acorn-import-phases-1.0.4.tgz 2400ms (cache miss)
7530 http fetch GET 200 https://registry.npmjs.org/chrome-trace-event/-/chrome-trace-event-1.0.4.tgz 2500ms (cache miss)
7531 http fetch GET 200 https://registry.npmjs.org/glob-to-regexp/-/glob-to-regexp-0.4.1.tgz 2500ms (cache miss)
7532 http fetch GET 200 https://registry.npmjs.org/spdx-exceptions/-/spdx-exceptions-2.5.0.tgz 2500ms (cache miss)
7533 http fetch GET 200 https://registry.npmjs.org/spdx-license-ids/-/spdx-license-ids-3.0.22.tgz 2500ms (cache miss)
7534 http fetch GET 200 https://registry.npmjs.org/spdx-expression-parse/-/spdx-expression-parse-3.0.1.tgz 2509ms (cache miss)
7535 http fetch GET 200 https://registry.npmjs.org/@webassemblyjs/floating-point-hex-parser/-/floating-point-hex-parser-1.13.2.tgz 2635ms (cache miss)
7536 http fetch GET 200 https://registry.npmjs.org/escalade/-/escalade-3.2.0.tgz 2630ms (cache miss)
7537 http fetch GET 200 https://registry.npmjs.org/fsevents/-/fsevents-2.3.3.tgz 2630ms (cache miss)
7538 http fetch GET 200 https://registry.npmjs.org/@types/bonjour/-/bonjour-3.5.13.tgz 2645ms (cache miss)
7539 http fetch GET 200 https://registry.npmjs.org/imurmurhash/-/imurmurhash-0.1.4.tgz 2683ms (cache miss)
7540 http fetch GET 200 https://registry.npmjs.org/unique-slug/-/unique-slug-5.0.0.tgz 2684ms (cache miss)
7541 http fetch GET 200 https://registry.npmjs.org/unicode-canonical-property-names-ecmascript/-/unicode-canonical-property-names-ecmascript-2.0.1.tgz 2694ms (cache miss)
7542 http fetch GET 200 https://registry.npmjs.org/media-typer/-/media-typer-1.1.0.tgz 2762ms (cache miss)
7543 http fetch GET 200 https://registry.npmjs.org/unicode-property-aliases-ecmascript/-/unicode-property-aliases-ecmascript-2.2.0.tgz 2762ms (cache miss)
7544 http fetch GET 200 https://registry.npmjs.org/@tufjs/canonical-json/-/canonical-json-2.0.0.tgz 2761ms (cache miss)
7545 http fetch GET 200 https://registry.npmjs.org/@webassemblyjs/wasm-edit/-/wasm-edit-1.14.1.tgz 2766ms (cache miss)
7546 http fetch GET 200 https://registry.npmjs.org/is-number/-/is-number-7.0.0.tgz 2762ms (cache miss)
7547 http fetch GET 200 https://registry.npmjs.org/fdir/-/fdir-6.5.0.tgz 2933ms (cache miss)
7548 http fetch GET 200 https://registry.npmjs.org/chownr/-/chownr-2.0.0.tgz 2936ms (cache miss)
7549 http fetch GET 200 https://registry.npmjs.org/thenify/-/thenify-3.3.1.tgz 2936ms (cache miss)
7550 http fetch GET 200 https://registry.npmjs.org/spdx-correct/-/spdx-correct-3.2.0.tgz 2936ms (cache miss)
7551 http fetch GET 200 https://registry.npmjs.org/rollup/-/rollup-4.56.0.tgz 2940ms (cache miss)
7552 http fetch GET 200 https://registry.npmjs.org/thenify-all/-/thenify-all-1.6.0.tgz 2944ms (cache miss)
7553 http fetch GET 200 https://registry.npmjs.org/pirates/-/pirates-4.0.7.tgz 2944ms (cache miss)
7554 http fetch GET 200 https://registry.npmjs.org/acorn/-/acorn-8.15.0.tgz 2959ms (cache miss)
7555 http fetch GET 200 https://registry.npmjs.org/commander/-/commander-4.1.1.tgz 2997ms (cache miss)
7556 http fetch GET 200 https://registry.npmjs.org/mz/-/mz-2.7.0.tgz 2998ms (cache miss)
7557 http fetch GET 200 https://registry.npmjs.org/ts-interface-checker/-/ts-interface-checker-0.1.13.tgz 2998ms (cache miss)
7558 http fetch GET 200 https://registry.npmjs.org/any-promise/-/any-promise-1.3.0.tgz 3002ms (cache miss)
7559 http fetch GET 200 https://registry.npmjs.org/@tufjs/models/-/models-3.0.1.tgz 3019ms (cache miss)
7560 http fetch GET 200 https://registry.npmjs.org/@jridgewell/source-map/-/source-map-0.3.11.tgz 3056ms (cache miss)
7561 http fetch GET 200 https://registry.npmjs.org/camelcase-css/-/camelcase-css-2.0.1.tgz 3081ms (cache miss)
7562 http fetch GET 200 https://registry.npmjs.org/pify/-/pify-2.3.0.tgz 3081ms (cache miss)
7563 http fetch GET 200 https://registry.npmjs.org/postcss-import/-/postcss-import-15.1.0.tgz 3162ms (cache miss)
7564 http fetch GET 200 https://registry.npmjs.org/object-hash/-/object-hash-3.0.0.tgz 3166ms (cache miss)
7565 http fetch GET 200 https://registry.npmjs.org/yaml/-/yaml-2.8.2.tgz 3175ms (cache miss)
7566 http fetch GET 200 https://registry.npmjs.org/postcss-load-config/-/postcss-load-config-4.0.2.tgz 3184ms (cache miss)
7567 http fetch GET 200 https://registry.npmjs.org/postcss-js/-/postcss-js-4.1.0.tgz 3182ms (cache miss)
7568 http fetch GET 200 https://registry.npmjs.org/lilconfig/-/lilconfig-3.1.3.tgz 3183ms (cache miss)
7569 http fetch GET 200 https://registry.npmjs.org/postcss-nested/-/postcss-nested-6.2.0.tgz 3183ms (cache miss)
7570 http fetch GET 200 https://registry.npmjs.org/has-flag/-/has-flag-4.0.0.tgz 3182ms (cache miss)
7571 http fetch GET 200 https://registry.npmjs.org/dlv/-/dlv-1.1.3.tgz 3184ms (cache miss)
7572 http fetch GET 200 https://registry.npmjs.org/arg/-/arg-5.0.2.tgz 3200ms (cache miss)
7573 http fetch GET 200 https://registry.npmjs.org/@rollup/rollup-darwin-arm64/-/rollup-darwin-arm64-4.56.0.tgz 3208ms (cache miss)
7574 http fetch GET 200 https://registry.npmjs.org/didyoumean/-/didyoumean-1.2.2.tgz 3214ms (cache miss)
7575 http fetch GET 200 https://registry.npmjs.org/read-cache/-/read-cache-1.0.0.tgz 3247ms (cache miss)
7576 http fetch GET 200 https://registry.npmjs.org/sucrase/-/sucrase-3.35.1.tgz 3266ms (cache miss)
7577 http fetch GET 200 https://registry.npmjs.org/ansi-regex/-/ansi-regex-6.2.2.tgz 3311ms (cache miss)
7578 http fetch GET 200 https://registry.npmjs.org/eastasianwidth/-/eastasianwidth-0.2.0.tgz 3339ms (cache miss)
7579 http fetch GET 200 https://registry.npmjs.org/ip-address/-/ip-address-10.1.0.tgz 3341ms (cache miss)
7580 http fetch GET 200 https://registry.npmjs.org/smart-buffer/-/smart-buffer-4.2.0.tgz 3344ms (cache miss)
7581 http fetch GET 200 https://registry.npmjs.org/@socket.io/component-emitter/-/component-emitter-3.1.2.tgz 3343ms (cache miss)
7582 http fetch GET 200 https://registry.npmjs.org/socket.io-adapter/-/socket.io-adapter-2.5.6.tgz 3344ms (cache miss)
7583 http fetch GET 200 https://registry.npmjs.org/emoji-regex/-/emoji-regex-9.2.2.tgz 3345ms (cache miss)
7584 http fetch GET 200 https://registry.npmjs.org/@alloc/quick-lru/-/quick-lru-5.2.0.tgz 3344ms (cache miss)
7585 http fetch GET 200 https://registry.npmjs.org/socks/-/socks-2.8.7.tgz 3347ms (cache miss)
7586 http fetch GET 200 https://registry.npmjs.org/buffer-from/-/buffer-from-1.1.2.tgz 3363ms (cache miss)
7587 http fetch GET 200 https://registry.npmjs.org/@types/cors/-/cors-2.8.19.tgz 3386ms (cache miss)
7588 http fetch GET 200 https://registry.npmjs.org/engine.io-parser/-/engine.io-parser-5.2.3.tgz 3386ms (cache miss)
7589 http fetch GET 200 https://registry.npmjs.org/engine.io/-/engine.io-6.6.5.tgz 3387ms (cache miss)
7590 http fetch GET 200 https://registry.npmjs.org/ws/-/ws-8.18.3.tgz 3452ms (cache miss)
7591 http fetch GET 200 https://registry.npmjs.org/ansi-styles/-/ansi-styles-6.2.3.tgz 3469ms (cache miss)
7592 http fetch GET 200 https://registry.npmjs.org/tuf-js/-/tuf-js-3.1.0.tgz 3468ms (cache miss)
7593 http fetch GET 200 https://registry.npmjs.org/is-fullwidth-code-point/-/is-fullwidth-code-point-4.0.0.tgz 3469ms (cache miss)
7594 http fetch GET 200 https://registry.npmjs.org/base64id/-/base64id-2.0.0.tgz 3470ms (cache miss)
7595 http fetch GET 200 https://registry.npmjs.org/socket.io-parser/-/socket.io-parser-4.2.5.tgz 3486ms (cache miss)
7596 http fetch GET 200 https://registry.npmjs.org/side-channel-map/-/side-channel-map-1.0.1.tgz 3514ms (cache miss)
7597 http fetch GET 200 https://registry.npmjs.org/side-channel-weakmap/-/side-channel-weakmap-1.0.2.tgz 3514ms (cache miss)
7598 http fetch GET 200 https://registry.npmjs.org/shebang-regex/-/shebang-regex-3.0.0.tgz 3557ms (cache miss)
7599 http fetch GET 200 https://registry.npmjs.org/side-channel-list/-/side-channel-list-1.0.0.tgz 3558ms (cache miss)
7600 http fetch GET 200 https://registry.npmjs.org/randombytes/-/randombytes-2.1.0.tgz 3647ms (cache miss)
7601 http fetch GET 200 https://registry.npmjs.org/ajv-keywords/-/ajv-keywords-5.1.0.tgz 3648ms (cache miss)
7602 http fetch GET 200 https://registry.npmjs.org/neo-async/-/neo-async-2.6.2.tgz 3689ms (cache miss)
7603 http fetch GET 200 https://registry.npmjs.org/queue-microtask/-/queue-microtask-1.2.3.tgz 3976ms (cache miss)
7604 http fetch GET 200 https://registry.npmjs.org/has-tostringtag/-/has-tostringtag-1.0.2.tgz 3976ms (cache miss)
7605 http fetch GET 200 https://registry.npmjs.org/immutable/-/immutable-5.1.4.tgz 4005ms (cache miss)
7606 http fetch GET 200 https://registry.npmjs.org/@types/json-schema/-/json-schema-7.0.15.tgz 4005ms (cache miss)
7607 http fetch GET 200 https://registry.npmjs.org/is-promise/-/is-promise-4.0.0.tgz 4004ms (cache miss)
7608 http fetch GET 200 https://registry.npmjs.org/is-regex/-/is-regex-1.2.1.tgz 4087ms (cache miss)
7609 http fetch GET 200 https://registry.npmjs.org/@sigstore/verify/-/verify-2.1.1.tgz 4123ms (cache miss)
7610 http fetch GET 200 https://registry.npmjs.org/@sigstore/sign/-/sign-3.1.0.tgz 4176ms (cache miss)
7611 http fetch GET 200 https://registry.npmjs.org/@sigstore/core/-/core-2.0.0.tgz 4507ms (cache miss)
7612 http fetch GET 200 https://registry.npmjs.org/@sigstore/bundle/-/bundle-3.1.0.tgz 4566ms (cache miss)
7613 http fetch GET 200 https://registry.npmjs.org/path-to-regexp/-/path-to-regexp-8.3.0.tgz 4609ms (cache miss)
7614 http fetch GET 200 https://registry.npmjs.org/safe-buffer/-/safe-buffer-5.2.1.tgz 5003ms (cache miss)
7615 http fetch GET 200 https://registry.npmjs.org/@sigstore/protobuf-specs/-/protobuf-specs-0.4.3.tgz 5155ms (cache miss)
7616 http fetch GET 200 https://registry.npmjs.org/mimic-function/-/mimic-function-5.0.1.tgz 5437ms (cache miss)
7617 http fetch GET 200 https://registry.npmjs.org/@sigstore/tuf/-/tuf-3.1.1.tgz 5442ms (cache miss)
7618 http fetch GET 200 https://registry.npmjs.org/unicode-match-property-ecmascript/-/unicode-match-property-ecmascript-2.0.0.tgz 6098ms (cache miss)
7619 http fetch GET 200 https://registry.npmjs.org/path-parse/-/path-parse-1.0.7.tgz 6098ms (cache miss)
7620 http fetch GET 200 https://registry.npmjs.org/adjust-sourcemap-loader/-/adjust-sourcemap-loader-4.0.0.tgz 7003ms (cache miss)
7621 http fetch GET 200 https://registry.npmjs.org/@emnapi/runtime/-/runtime-1.8.1.tgz 7009ms (cache miss)
7622 http fetch GET 200 https://registry.npmjs.org/ansis/-/ansis-4.2.0.tgz 7463ms (cache miss)
7623 http fetch GET 200 https://registry.npmjs.org/@oxc-project/types/-/types-0.89.0.tgz 7463ms (cache miss)
7624 http fetch GET 200 https://registry.npmjs.org/unicode-match-property-value-ecmascript/-/unicode-match-property-value-ecmascript-2.2.1.tgz 7470ms (cache miss)
7625 http fetch GET 200 https://registry.npmjs.org/is-core-module/-/is-core-module-2.16.1.tgz 7491ms (cache miss)
7626 http fetch GET 200 https://registry.npmjs.org/@parcel/watcher/-/watcher-2.5.6.tgz 7844ms (cache miss)
7627 http fetch GET 200 https://registry.npmjs.org/@rolldown/pluginutils/-/pluginutils-1.0.0-beta.38.tgz 7869ms (cache miss)
7628 http fetch GET 200 https://registry.npmjs.org/regex-parser/-/regex-parser-2.3.1.tgz 7942ms (cache miss)
7629 http fetch GET 200 https://registry.npmjs.org/regjsgen/-/regjsgen-0.8.0.tgz 7941ms (cache miss)
7630 http fetch GET 200 https://registry.npmjs.org/regenerate-unicode-properties/-/regenerate-unicode-properties-10.2.2.tgz 7953ms (cache miss)
7631 http fetch GET 200 https://registry.npmjs.org/regenerate/-/regenerate-1.4.2.tgz 7977ms (cache miss)
7632 http fetch GET 200 https://registry.npmjs.org/@emnapi/core/-/core-1.8.1.tgz 8170ms (cache miss)
7633 http fetch GET 200 https://registry.npmjs.org/object-inspect/-/object-inspect-1.13.4.tgz 8182ms (cache miss)
7634 http fetch GET 200 https://registry.npmjs.org/onetime/-/onetime-7.0.0.tgz 8180ms (cache miss)
7635 http fetch GET 200 https://registry.npmjs.org/unpipe/-/unpipe-1.0.0.tgz 8268ms (cache miss)
7636 http fetch GET 200 https://registry.npmjs.org/regjsparser/-/regjsparser-0.13.0.tgz 8269ms (cache miss)
7637 http fetch GET 200 https://registry.npmjs.org/lodash.isequal/-/lodash.isequal-4.5.0.tgz 8270ms (cache miss)
7638 warn deprecated lodash.isequal@4.5.0: This package is deprecated. Use require('node:util').isDeepStrictEqual instead.
7639 http fetch GET 200 https://registry.npmjs.org/supports-preserve-symlinks-flag/-/supports-preserve-symlinks-flag-1.0.0.tgz 8301ms (cache miss)
7640 http fetch GET 200 https://registry.npmjs.org/fast-diff/-/fast-diff-1.3.0.tgz 8301ms (cache miss)
7641 http fetch GET 200 https://registry.npmjs.org/quill-delta/-/quill-delta-5.1.0.tgz 8302ms (cache miss)
7642 http fetch GET 200 https://registry.npmjs.org/@parcel/watcher-darwin-arm64/-/watcher-darwin-arm64-2.5.6.tgz 8497ms (cache miss)
7643 http fetch GET 200 https://registry.npmjs.org/side-channel/-/side-channel-1.1.0.tgz 8492ms (cache miss)
7644 http fetch GET 200 https://registry.npmjs.org/ipaddr.js/-/ipaddr.js-1.9.1.tgz 8492ms (cache miss)
7645 http fetch GET 200 https://registry.npmjs.org/err-code/-/err-code-2.0.3.tgz 8880ms (cache miss)
7646 http fetch GET 200 https://registry.npmjs.org/retry/-/retry-0.12.0.tgz 8882ms (cache miss)
7647 http fetch GET 200 https://registry.npmjs.org/cssesc/-/cssesc-3.0.0.tgz 8956ms (cache miss)
7648 http fetch GET 200 https://registry.npmjs.org/source-map-js/-/source-map-js-1.2.1.tgz 8956ms (cache miss)
7649 http fetch GET 200 https://registry.npmjs.org/parchment/-/parchment-3.0.0.tgz 9007ms (cache miss)
7650 http fetch GET 200 https://registry.npmjs.org/util-deprecate/-/util-deprecate-1.0.2.tgz 9063ms (cache miss)
7651 http fetch GET 200 https://registry.npmjs.org/forwarded/-/forwarded-0.2.0.tgz 9211ms (cache miss)
7652 http fetch GET 200 https://registry.npmjs.org/nanoid/-/nanoid-3.3.11.tgz 9213ms (cache miss)
7653 http fetch GET 200 https://registry.npmjs.org/@napi-rs/nice-darwin-arm64/-/nice-darwin-arm64-1.1.1.tgz 9302ms (cache miss)
7654 http fetch GET 200 https://registry.npmjs.org/@emnapi/wasi-threads/-/wasi-threads-1.1.0.tgz 9657ms (cache miss)
7655 http fetch GET 200 https://registry.npmjs.org/parse5-sax-parser/-/parse5-sax-parser-8.0.0.tgz 9734ms (cache miss)
7656 http fetch GET 200 https://registry.npmjs.org/is-arrayish/-/is-arrayish-0.2.1.tgz 9748ms (cache miss)
7657 http fetch GET 200 https://registry.npmjs.org/lines-and-columns/-/lines-and-columns-1.2.4.tgz 9748ms (cache miss)
7658 http fetch GET 200 https://registry.npmjs.org/jiti/-/jiti-1.21.7.tgz 9795ms (cache miss)
7659 http fetch GET 200 https://registry.npmjs.org/@napi-rs/nice/-/nice-1.1.1.tgz 9879ms (cache miss)
7660 http fetch GET 200 https://registry.npmjs.org/@npmcli/redact/-/redact-3.2.2.tgz 9878ms (cache miss)
7661 http fetch GET 200 https://registry.npmjs.org/error-ex/-/error-ex-1.3.4.tgz 10069ms (cache miss)
7662 http fetch GET 200 https://registry.npmjs.org/callsites/-/callsites-3.1.0.tgz 10075ms (cache miss)
7663 http fetch GET 200 https://registry.npmjs.org/npm-install-checks/-/npm-install-checks-7.1.2.tgz 10229ms (cache miss)
7664 http fetch GET 200 https://registry.npmjs.org/@tybys/wasm-util/-/wasm-util-0.10.1.tgz 10267ms (cache miss)
7665 http fetch GET 200 https://registry.npmjs.org/jsonparse/-/jsonparse-1.3.1.tgz 10448ms (cache miss)
7666 http fetch GET 200 https://registry.npmjs.org/ignore-walk/-/ignore-walk-8.0.0.tgz 10489ms (cache miss)
7667 http fetch GET 200 https://registry.npmjs.org/minizlib/-/minizlib-3.1.0.tgz 10491ms (cache miss)
7668 http fetch GET 200 https://registry.npmjs.org/minipass-sized/-/minipass-sized-1.0.3.tgz 10531ms (cache miss)
7669 http fetch GET 200 https://registry.npmjs.org/http-proxy-agent/-/http-proxy-agent-7.0.2.tgz 10545ms (cache miss)
7670 http fetch GET 200 https://registry.npmjs.org/@primeuix/styles/-/styles-1.2.5.tgz 10553ms (cache miss)
7671 http fetch GET 200 https://registry.npmjs.org/socks-proxy-agent/-/socks-proxy-agent-8.0.5.tgz 10553ms (cache miss)
7672 http fetch GET 200 https://registry.npmjs.org/encoding/-/encoding-0.1.13.tgz 10553ms (cache miss)
7673 http fetch GET 200 https://registry.npmjs.org/abbrev/-/abbrev-3.0.1.tgz 10767ms (cache miss)
7674 http fetch GET 200 https://registry.npmjs.org/minipass-fetch/-/minipass-fetch-4.0.1.tgz 10768ms (cache miss)
7675 http fetch GET 200 https://registry.npmjs.org/lodash.clonedeep/-/lodash.clonedeep-4.5.0.tgz 11178ms (cache miss)
7676 http fetch GET 200 https://registry.npmjs.org/env-paths/-/env-paths-2.2.1.tgz 11301ms (cache miss)
7677 http fetch GET 200 https://registry.npmjs.org/p-map/-/p-map-7.0.4.tgz 11322ms (cache miss)
7678 http fetch GET 200 https://registry.npmjs.org/http-cache-semantics/-/http-cache-semantics-4.2.0.tgz 11324ms (cache miss)
7679 http fetch GET 200 https://registry.npmjs.org/minipass-collect/-/minipass-collect-2.0.1.tgz 11323ms (cache miss)
7680 http fetch GET 200 https://registry.npmjs.org/@npmcli/agent/-/agent-3.0.0.tgz 11324ms (cache miss)
7681 http fetch GET 200 https://registry.npmjs.org/minipass-pipeline/-/minipass-pipeline-1.2.4.tgz 11323ms (cache miss)
7682 http fetch GET 200 https://registry.npmjs.org/nopt/-/nopt-8.1.0.tgz 11324ms (cache miss)
7683 http fetch GET 200 https://registry.npmjs.org/@npmcli/fs/-/fs-4.0.0.tgz 11326ms (cache miss)
7684 http fetch GET 200 https://registry.npmjs.org/exponential-backoff/-/exponential-backoff-3.1.3.tgz 11333ms (cache miss)
7685 http fetch GET 200 https://registry.npmjs.org/validate-npm-package-license/-/validate-npm-package-license-3.0.4.tgz 11589ms (cache miss)
7686 http fetch GET 200 https://registry.npmjs.org/@npmcli/node-gyp/-/node-gyp-4.0.0.tgz 11589ms (cache miss)
7687 http fetch GET 200 https://registry.npmjs.org/@rolldown/binding-darwin-arm64/-/binding-darwin-arm64-1.0.0-beta.38.tgz 11758ms (cache miss)
7688 http fetch GET 200 https://registry.npmjs.org/minipass-flush/-/minipass-flush-1.0.5.tgz 11747ms (cache miss)
7689 http fetch GET 200 https://registry.npmjs.org/promise-retry/-/promise-retry-2.0.1.tgz 11808ms (cache miss)
7690 http fetch GET 200 https://registry.npmjs.org/make-fetch-happen/-/make-fetch-happen-14.0.3.tgz 11809ms (cache miss)
7691 http fetch GET 200 https://registry.npmjs.org/sigstore/-/sigstore-3.1.0.tgz 11808ms (cache miss)
7692 http fetch GET 200 https://registry.npmjs.org/npm-normalize-package-bin/-/npm-normalize-package-bin-4.0.0.tgz 11809ms (cache miss)
7693 http fetch GET 200 https://registry.npmjs.org/ssri/-/ssri-12.0.0.tgz 11810ms (cache miss)
7694 http fetch GET 200 https://registry.npmjs.org/json-parse-even-better-errors/-/json-parse-even-better-errors-4.0.0.tgz 11823ms (cache miss)
7695 http fetch GET 200 https://registry.npmjs.org/fs-minipass/-/fs-minipass-3.0.3.tgz 11822ms (cache miss)
7696 http fetch GET 200 https://registry.npmjs.org/npm-bundled/-/npm-bundled-4.0.0.tgz 11822ms (cache miss)
7697 http fetch GET 200 https://registry.npmjs.org/tar/-/tar-6.2.1.tgz 11822ms (cache miss)
7698 warn deprecated tar@6.2.1: Old versions of tar are not supported, and contain widely publicized security vulnerabilities, which have been fixed in the current version. Please update. Support for old versions may be purchased (at exhorbitant rates) by contacting i@izs.me
7699 http fetch GET 200 https://registry.npmjs.org/npm-packlist/-/npm-packlist-10.0.3.tgz 11832ms (cache miss)
7700 http fetch GET 200 https://registry.npmjs.org/cacache/-/cacache-19.0.1.tgz 11873ms (cache miss)
7701 http fetch GET 200 https://registry.npmjs.org/npm-registry-fetch/-/npm-registry-fetch-18.0.2.tgz 11897ms (cache miss)
7702 http fetch GET 200 https://registry.npmjs.org/yocto-queue/-/yocto-queue-0.1.0.tgz 11934ms (cache miss)
7703 http fetch GET 200 https://registry.npmjs.org/is-unicode-supported/-/is-unicode-supported-2.1.0.tgz 11934ms (cache miss)
7704 http fetch GET 200 https://registry.npmjs.org/p-limit/-/p-limit-3.1.0.tgz 11936ms (cache miss)
7705 http fetch GET 200 https://registry.npmjs.org/@npmcli/installed-package-contents/-/installed-package-contents-3.0.0.tgz 11942ms (cache miss)
7706 http fetch GET 200 https://registry.npmjs.org/@npmcli/promise-spawn/-/promise-spawn-8.0.3.tgz 11961ms (cache miss)
7707 http fetch GET 200 https://registry.npmjs.org/@npmcli/run-script/-/run-script-9.1.0.tgz 11970ms (cache miss)
7708 http fetch GET 200 https://registry.npmjs.org/stdin-discarder/-/stdin-discarder-0.2.2.tgz 12020ms (cache miss)
7709 http fetch GET 200 https://registry.npmjs.org/log-symbols/-/log-symbols-6.0.0.tgz 12020ms (cache miss)
7710 http fetch GET 200 https://registry.npmjs.org/@npmcli/package-json/-/package-json-6.2.0.tgz 12021ms (cache miss)
7711 http fetch GET 200 https://registry.npmjs.org/is-docker/-/is-docker-3.0.0.tgz 12171ms (cache miss)
7712 http fetch GET 200 https://registry.npmjs.org/cli-spinners/-/cli-spinners-2.9.2.tgz 12171ms (cache miss)
7713 http fetch GET 200 https://registry.npmjs.org/is-inside-container/-/is-inside-container-1.0.0.tgz 12171ms (cache miss)
7714 http fetch GET 200 https://registry.npmjs.org/run-applescript/-/run-applescript-7.1.0.tgz 12172ms (cache miss)
7715 http fetch GET 200 https://registry.npmjs.org/define-lazy-prop/-/define-lazy-prop-3.0.0.tgz 12170ms (cache miss)
7716 http fetch GET 200 https://registry.npmjs.org/is-interactive/-/is-interactive-2.0.0.tgz 12171ms (cache miss)
7717 http fetch GET 200 https://registry.npmjs.org/default-browser-id/-/default-browser-id-5.0.1.tgz 12173ms (cache miss)
7718 http fetch GET 200 https://registry.npmjs.org/default-browser/-/default-browser-5.4.0.tgz 12171ms (cache miss)
7719 http fetch GET 200 https://registry.npmjs.org/chalk/-/chalk-5.6.2.tgz 12175ms (cache miss)
7720 http fetch GET 200 https://registry.npmjs.org/bundle-name/-/bundle-name-4.1.0.tgz 12174ms (cache miss)
7721 http fetch GET 200 https://registry.npmjs.org/wsl-utils/-/wsl-utils-0.1.0.tgz 12202ms (cache miss)
7722 http fetch GET 200 https://registry.npmjs.org/@napi-rs/wasm-runtime/-/wasm-runtime-1.1.1.tgz 12233ms (cache miss)
7723 http fetch GET 200 https://registry.npmjs.org/@npmcli/git/-/git-6.0.3.tgz 12323ms (cache miss)
7724 http fetch GET 200 https://registry.npmjs.org/proc-log/-/proc-log-5.0.0.tgz 12319ms (cache miss)
7725 http fetch GET 200 https://registry.npmjs.org/validate-npm-package-name/-/validate-npm-package-name-6.0.2.tgz 12319ms (cache miss)
7726 http fetch GET 200 https://registry.npmjs.org/detect-libc/-/detect-libc-2.1.2.tgz 12320ms (cache miss)
7727 http fetch GET 200 https://registry.npmjs.org/wrappy/-/wrappy-1.0.2.tgz 12320ms (cache miss)
7728 http fetch GET 200 https://registry.npmjs.org/sax/-/sax-1.4.4.tgz 12319ms (cache miss)
7729 http fetch GET 200 https://registry.npmjs.org/ee-first/-/ee-first-1.1.1.tgz 12320ms (cache miss)
7730 http fetch GET 200 https://registry.npmjs.org/hosted-git-info/-/hosted-git-info-9.0.2.tgz 12353ms (cache miss)
7731 http fetch GET 200 https://registry.npmjs.org/msgpackr-extract/-/msgpackr-extract-3.0.3.tgz 12361ms (cache miss)
7732 http fetch GET 200 https://registry.npmjs.org/minimist/-/minimist-1.2.8.tgz 12385ms (cache miss)
7733 http fetch GET 200 https://registry.npmjs.org/balanced-match/-/balanced-match-1.0.2.tgz 12441ms (cache miss)
7734 http fetch GET 200 https://registry.npmjs.org/yallist/-/yallist-3.1.1.tgz 12462ms (cache miss)
7735 http fetch GET 200 https://registry.npmjs.org/npm-pick-manifest/-/npm-pick-manifest-10.0.0.tgz 12485ms (cache miss)
7736 http fetch GET 200 https://registry.npmjs.org/streamroller/-/streamroller-3.1.5.tgz 12515ms (cache miss)
7737 http fetch GET 200 https://registry.npmjs.org/date-format/-/date-format-4.0.14.tgz 12525ms (cache miss)
7738 http fetch GET 200 https://registry.npmjs.org/tapable/-/tapable-2.3.0.tgz 12557ms (cache miss)
7739 http fetch GET 200 https://registry.npmjs.org/flatted/-/flatted-3.3.3.tgz 12556ms (cache miss)
7740 http fetch GET 200 https://registry.npmjs.org/brace-expansion/-/brace-expansion-2.0.2.tgz 12557ms (cache miss)
7741 http fetch GET 200 https://registry.npmjs.org/restore-cursor/-/restore-cursor-5.1.0.tgz 12557ms (cache miss)
7742 http fetch GET 200 https://registry.npmjs.org/p-locate/-/p-locate-5.0.0.tgz 12557ms (cache miss)
7743 http fetch GET 200 https://registry.npmjs.org/environment/-/environment-1.1.0.tgz 12564ms (cache miss)
7744 http fetch GET 200 https://registry.npmjs.org/mime-db/-/mime-db-1.54.0.tgz 12589ms (cache miss)
7745 http fetch GET 200 https://registry.npmjs.org/ansi-escapes/-/ansi-escapes-7.2.0.tgz 12592ms (cache miss)
7746 http fetch GET 200 https://registry.npmjs.org/weak-lru-cache/-/weak-lru-cache-1.2.2.tgz 12592ms (cache miss)
7747 http fetch GET 200 https://registry.npmjs.org/ordered-binary/-/ordered-binary-1.6.1.tgz 12603ms (cache miss)
7748 http fetch GET 200 https://registry.npmjs.org/node-gyp-build-optional-packages/-/node-gyp-build-optional-packages-5.2.2.tgz 12651ms (cache miss)
7749 http fetch GET 200 https://registry.npmjs.org/@msgpackr-extract/msgpackr-extract-darwin-arm64/-/msgpackr-extract-darwin-arm64-3.0.3.tgz 12655ms (cache miss)
7750 http fetch GET 200 https://registry.npmjs.org/slice-ansi/-/slice-ansi-5.0.0.tgz 12718ms (cache miss)
7751 http fetch GET 200 https://registry.npmjs.org/unique-filename/-/unique-filename-4.0.0.tgz 12743ms (cache miss)
7752 http fetch GET 200 https://registry.npmjs.org/cli-cursor/-/cli-cursor-5.0.0.tgz 12729ms (cache miss)
7753 http fetch GET 200 https://registry.npmjs.org/cli-truncate/-/cli-truncate-4.0.0.tgz 12728ms (cache miss)
7754 http fetch GET 200 https://registry.npmjs.org/colorette/-/colorette-2.0.20.tgz 12753ms (cache miss)
7755 http fetch GET 200 https://registry.npmjs.org/prr/-/prr-1.0.1.tgz 12753ms (cache miss)
7756 http fetch GET 200 https://registry.npmjs.org/log-update/-/log-update-6.1.0.tgz 12759ms (cache miss)
7757 http fetch GET 200 https://registry.npmjs.org/rfdc/-/rfdc-1.4.1.tgz 12761ms (cache miss)
7758 http fetch GET 200 https://registry.npmjs.org/node-addon-api/-/node-addon-api-6.1.0.tgz 12762ms (cache miss)
7759 http fetch GET 200 https://registry.npmjs.org/parse-node-version/-/parse-node-version-1.0.1.tgz 12778ms (cache miss)
7760 http fetch GET 200 https://registry.npmjs.org/is-what/-/is-what-3.14.1.tgz 12807ms (cache miss)
7761 http fetch GET 200 https://registry.npmjs.org/webpack-sources/-/webpack-sources-3.3.3.tgz 12841ms (cache miss)
7762 http fetch GET 200 https://registry.npmjs.org/errno/-/errno-0.1.8.tgz 12847ms (cache miss)
7763 http fetch GET 200 https://registry.npmjs.org/image-size/-/image-size-0.5.5.tgz 12871ms (cache miss)
7764 http fetch GET 200 https://registry.npmjs.org/make-dir/-/make-dir-4.0.0.tgz 12929ms (cache miss)
7765 http fetch GET 200 https://registry.npmjs.org/html-escaper/-/html-escaper-2.0.2.tgz 12930ms (cache miss)
7766 http fetch GET 200 https://registry.npmjs.org/copy-anything/-/copy-anything-2.0.6.tgz 12931ms (cache miss)
7767 http fetch GET 200 https://registry.npmjs.org/istanbul-lib-report/-/istanbul-lib-report-3.0.1.tgz 12931ms (cache miss)
7768 http fetch GET 200 https://registry.npmjs.org/supports-color/-/supports-color-7.2.0.tgz 12972ms (cache miss)
7769 http fetch GET 200 https://registry.npmjs.org/istanbul-reports/-/istanbul-reports-3.2.0.tgz 12971ms (cache miss)
7770 http fetch GET 200 https://registry.npmjs.org/dunder-proto/-/dunder-proto-1.0.1.tgz 13007ms (cache miss)
7771 http fetch GET 200 https://registry.npmjs.org/istanbul-lib-source-maps/-/istanbul-lib-source-maps-4.0.1.tgz 13059ms (cache miss)
7772 http fetch GET 200 https://registry.npmjs.org/math-intrinsics/-/math-intrinsics-1.1.0.tgz 13059ms (cache miss)
7773 http fetch GET 200 https://registry.npmjs.org/has-symbols/-/has-symbols-1.1.0.tgz 13063ms (cache miss)
7774 http fetch GET 200 https://registry.npmjs.org/es-object-atoms/-/es-object-atoms-1.1.1.tgz 13087ms (cache miss)
7775 http fetch GET 200 https://registry.npmjs.org/msgpackr/-/msgpackr-1.11.8.tgz 13098ms (cache miss)
7776 http fetch GET 200 https://registry.npmjs.org/get-proto/-/get-proto-1.0.1.tgz 13191ms (cache miss)
7777 http fetch GET 200 https://registry.npmjs.org/es-define-property/-/es-define-property-1.0.1.tgz 13190ms (cache miss)
7778 http fetch GET 200 https://registry.npmjs.org/get-intrinsic/-/get-intrinsic-1.3.0.tgz 13190ms (cache miss)
7779 http fetch GET 200 https://registry.npmjs.org/safe-regex-test/-/safe-regex-test-1.1.0.tgz 13191ms (cache miss)
7780 http fetch GET 200 https://registry.npmjs.org/gopd/-/gopd-1.2.0.tgz 13192ms (cache miss)
7781 http fetch GET 200 https://registry.npmjs.org/function-bind/-/function-bind-1.1.2.tgz 13192ms (cache miss)
7782 http fetch GET 200 https://registry.npmjs.org/hasown/-/hasown-2.0.2.tgz 13191ms (cache miss)
7783 http fetch GET 200 https://registry.npmjs.org/punycode/-/punycode-1.4.1.tgz 13193ms (cache miss)
7784 http fetch GET 200 https://registry.npmjs.org/call-bind-apply-helpers/-/call-bind-apply-helpers-1.0.2.tgz 13196ms (cache miss)
7785 http fetch GET 200 https://registry.npmjs.org/needle/-/needle-3.3.1.tgz 13203ms (cache miss)
7786 http fetch GET 200 https://registry.npmjs.org/custom-event/-/custom-event-1.0.1.tgz 13213ms (cache miss)
7787 http fetch GET 200 https://registry.npmjs.org/call-bound/-/call-bound-1.0.4.tgz 13362ms (cache miss)
7788 http fetch GET 200 https://registry.npmjs.org/extend/-/extend-3.0.2.tgz 13367ms (cache miss)
7789 http fetch GET 200 https://registry.npmjs.org/void-elements/-/void-elements-2.0.1.tgz 13368ms (cache miss)
7790 http fetch GET 200 https://registry.npmjs.org/qjobs/-/qjobs-1.2.0.tgz 13367ms (cache miss)
7791 http fetch GET 200 https://registry.npmjs.org/@lmdb/lmdb-darwin-arm64/-/lmdb-darwin-arm64-3.4.2.tgz 13377ms (cache miss)
7792 http fetch GET 200 https://registry.npmjs.org/to-regex-range/-/to-regex-range-5.0.1.tgz 13371ms (cache miss)
7793 http fetch GET 200 https://registry.npmjs.org/fill-range/-/fill-range-7.1.1.tgz 13380ms (cache miss)
7794 http fetch GET 200 https://registry.npmjs.org/mkdirp/-/mkdirp-0.5.6.tgz 13380ms (cache miss)
7795 http fetch GET 200 https://registry.npmjs.org/mime/-/mime-2.6.0.tgz 13381ms (cache miss)
7796 http fetch GET 200 https://registry.npmjs.org/ent/-/ent-2.2.2.tgz 13381ms (cache miss)
7797 http fetch GET 200 https://registry.npmjs.org/utils-merge/-/utils-merge-1.0.1.tgz 13382ms (cache miss)
7798 http fetch GET 200 https://registry.npmjs.org/es-errors/-/es-errors-1.3.0.tgz 13381ms (cache miss)
7799 http fetch GET 200 https://registry.npmjs.org/rimraf/-/rimraf-3.0.2.tgz 13381ms (cache miss)
7800 warn deprecated rimraf@3.0.2: Rimraf versions prior to v4 are no longer supported
7801 http fetch GET 200 https://registry.npmjs.org/tmp/-/tmp-0.2.5.tgz 13441ms (cache miss)
7802 http fetch GET 200 https://registry.npmjs.org/isbinaryfile/-/isbinaryfile-4.0.10.tgz 13504ms (cache miss)
7803 http fetch GET 200 https://registry.npmjs.org/di/-/di-0.0.1.tgz 13504ms (cache miss)
7804 http fetch GET 200 https://registry.npmjs.org/dom-serialize/-/dom-serialize-2.2.1.tgz 13507ms (cache miss)
7805 http fetch GET 200 https://registry.npmjs.org/argparse/-/argparse-2.0.1.tgz 13602ms (cache miss)
7806 http fetch GET 200 https://registry.npmjs.org/braces/-/braces-3.0.3.tgz 13603ms (cache miss)
7807 http fetch GET 200 https://registry.npmjs.org/connect/-/connect-3.7.0.tgz 13604ms (cache miss)
7808 http fetch GET 200 https://registry.npmjs.org/@colors/colors/-/colors-1.5.0.tgz 13608ms (cache miss)
7809 http fetch GET 200 https://registry.npmjs.org/strip-ansi/-/strip-ansi-7.1.2.tgz 13607ms (cache miss)
7810 http fetch GET 200 https://registry.npmjs.org/strip-ansi/-/strip-ansi-6.0.1.tgz 13608ms (cache miss)
7811 http fetch GET 200 https://registry.npmjs.org/log4js/-/log4js-6.9.1.tgz 13613ms (cache miss)
7812 http fetch GET 200 https://registry.npmjs.org/ua-parser-js/-/ua-parser-js-0.7.41.tgz 13615ms (cache miss)
7813 http fetch GET 200 https://registry.npmjs.org/string-width/-/string-width-4.2.3.tgz 13659ms (cache miss)
7814 http fetch GET 200 https://registry.npmjs.org/@isaacs/cliui/-/cliui-8.0.2.tgz 13799ms (cache miss)
7815 http fetch GET 200 https://registry.npmjs.org/string-width/-/string-width-5.1.2.tgz 13799ms (cache miss)
7816 http fetch GET 200 https://registry.npmjs.org/@istanbuljs/schema/-/schema-0.1.3.tgz 13801ms (cache miss)
7817 http fetch GET 200 https://registry.npmjs.org/istanbul-lib-coverage/-/istanbul-lib-coverage-3.2.2.tgz 13802ms (cache miss)
7818 http fetch GET 200 https://registry.npmjs.org/is-extglob/-/is-extglob-2.1.1.tgz 13803ms (cache miss)
7819 http fetch GET 200 https://registry.npmjs.org/requires-port/-/requires-port-1.0.0.tgz 13804ms (cache miss)
7820 http fetch GET 200 https://registry.npmjs.org/socket.io/-/socket.io-4.8.3.tgz 13808ms (cache miss)
7821 http fetch GET 200 https://registry.npmjs.org/@pkgjs/parseargs/-/parseargs-0.11.0.tgz 13807ms (cache miss)
7822 http fetch GET 200 https://registry.npmjs.org/parent-module/-/parent-module-1.0.1.tgz 13808ms (cache miss)
7823 http fetch GET 200 https://registry.npmjs.org/resolve-from/-/resolve-from-4.0.0.tgz 13808ms (cache miss)
7824 http fetch GET 200 https://registry.npmjs.org/wrap-ansi/-/wrap-ansi-7.0.0.tgz 13808ms (cache miss)
7825 http fetch GET 200 https://registry.npmjs.org/agent-base/-/agent-base-7.1.4.tgz 13807ms (cache miss)
7826 http fetch GET 200 https://registry.npmjs.org/eventemitter3/-/eventemitter3-4.0.7.tgz 13848ms (cache miss)
7827 http fetch GET 200 https://registry.npmjs.org/safer-buffer/-/safer-buffer-2.1.2.tgz 13873ms (cache miss)
7828 http fetch GET 200 https://registry.npmjs.org/is-plain-object/-/is-plain-object-5.0.0.tgz 13902ms (cache miss)
7829 http fetch GET 200 https://registry.npmjs.org/undici-types/-/undici-types-7.16.0.tgz 13953ms (cache miss)
7830 http fetch GET 200 https://registry.npmjs.org/inherits/-/inherits-2.0.4.tgz 13960ms (cache miss)
7831 http fetch GET 200 https://registry.npmjs.org/minipass/-/minipass-7.1.2.tgz 13960ms (cache miss)
7832 http fetch GET 200 https://registry.npmjs.org/toidentifier/-/toidentifier-1.0.1.tgz 13961ms (cache miss)
7833 http fetch GET 200 https://registry.npmjs.org/package-json-from-dist/-/package-json-from-dist-1.0.1.tgz 13962ms (cache miss)
7834 http fetch GET 200 https://registry.npmjs.org/follow-redirects/-/follow-redirects-1.15.11.tgz 13963ms (cache miss)
7835 http fetch GET 200 https://registry.npmjs.org/setprototypeof/-/setprototypeof-1.2.0.tgz 13965ms (cache miss)
7836 http fetch GET 200 https://registry.npmjs.org/http-proxy/-/http-proxy-1.18.1.tgz 13980ms (cache miss)
7837 http fetch GET 200 https://registry.npmjs.org/is-glob/-/is-glob-4.0.3.tgz 13986ms (cache miss)
7838 http fetch GET 200 https://registry.npmjs.org/@types/http-proxy/-/http-proxy-1.17.17.tgz 14040ms (cache miss)
7839 http fetch GET 200 https://registry.npmjs.org/minimatch/-/minimatch-9.0.5.tgz 14052ms (cache miss)
7840 http fetch GET 200 https://registry.npmjs.org/locate-path/-/locate-path-6.0.0.tgz 14087ms (cache miss)
7841 http fetch GET 200 https://registry.npmjs.org/universalify/-/universalify-2.0.1.tgz 14090ms (cache miss)
7842 http fetch GET 200 https://registry.npmjs.org/fastq/-/fastq-1.20.1.tgz 14095ms (cache miss)
7843 http fetch GET 200 https://registry.npmjs.org/graceful-fs/-/graceful-fs-4.2.11.tgz 14104ms (cache miss)
7844 http fetch GET 200 https://registry.npmjs.org/run-parallel/-/run-parallel-1.2.0.tgz 14111ms (cache miss)
7845 http fetch GET 200 https://registry.npmjs.org/jsonfile/-/jsonfile-6.2.0.tgz 14113ms (cache miss)
7846 http fetch GET 200 https://registry.npmjs.org/path-exists/-/path-exists-4.0.0.tgz 14132ms (cache miss)
7847 http fetch GET 200 https://registry.npmjs.org/foreground-child/-/foreground-child-3.3.1.tgz 14134ms (cache miss)
7848 http fetch GET 200 https://registry.npmjs.org/jackspeak/-/jackspeak-3.4.3.tgz 14133ms (cache miss)
7849 http fetch GET 200 https://registry.npmjs.org/reusify/-/reusify-1.1.0.tgz 14137ms (cache miss)
7850 http fetch GET 200 https://registry.npmjs.org/merge2/-/merge2-1.4.1.tgz 14193ms (cache miss)
7851 http fetch GET 200 https://registry.npmjs.org/micromatch/-/micromatch-4.0.8.tgz 14220ms (cache miss)
7852 http fetch GET 200 https://registry.npmjs.org/bytes/-/bytes-3.1.2.tgz 14229ms (cache miss)
7853 http fetch GET 200 https://registry.npmjs.org/statuses/-/statuses-2.0.2.tgz 14236ms (cache miss)
7854 http fetch GET 200 https://registry.npmjs.org/@nodelib/fs.scandir/-/fs.scandir-2.1.5.tgz 14241ms (cache miss)
7855 http fetch GET 200 https://registry.npmjs.org/serve-static/-/serve-static-2.2.1.tgz 14242ms (cache miss)
7856 http fetch GET 200 https://registry.npmjs.org/@nodelib/fs.stat/-/fs.stat-2.0.5.tgz 14243ms (cache miss)
7857 http fetch GET 200 https://registry.npmjs.org/type-is/-/type-is-2.0.1.tgz 14246ms (cache miss)
7858 http fetch GET 200 https://registry.npmjs.org/router/-/router-2.2.0.tgz 14268ms (cache miss)
7859 http fetch GET 200 https://registry.npmjs.org/path-scurry/-/path-scurry-1.11.1.tgz 14281ms (cache miss)
7860 http fetch GET 200 https://registry.npmjs.org/range-parser/-/range-parser-1.2.1.tgz 14287ms (cache miss)
7861 http fetch GET 200 https://registry.npmjs.org/parseurl/-/parseurl-1.3.3.tgz 14399ms (cache miss)
7862 http fetch GET 200 https://registry.npmjs.org/on-finished/-/on-finished-2.4.1.tgz 14399ms (cache miss)
7863 http fetch GET 200 https://registry.npmjs.org/once/-/once-1.4.0.tgz 14400ms (cache miss)
7864 http fetch GET 200 https://registry.npmjs.org/mime-types/-/mime-types-3.0.2.tgz 14401ms (cache miss)
7865 http fetch GET 200 https://registry.npmjs.org/merge-descriptors/-/merge-descriptors-2.0.0.tgz 14402ms (cache miss)
7866 http fetch GET 200 https://registry.npmjs.org/proxy-addr/-/proxy-addr-2.0.7.tgz 14402ms (cache miss)
7867 http fetch GET 200 https://registry.npmjs.org/negotiator/-/negotiator-1.0.0.tgz 14403ms (cache miss)
7868 http fetch GET 200 https://registry.npmjs.org/http-errors/-/http-errors-2.0.1.tgz 14402ms (cache miss)
7869 http fetch GET 200 https://registry.npmjs.org/qs/-/qs-6.14.1.tgz 14404ms (cache miss)
7870 http fetch GET 200 https://registry.npmjs.org/finalhandler/-/finalhandler-2.1.1.tgz 14433ms (cache miss)
7871 http fetch GET 200 https://registry.npmjs.org/@nodelib/fs.walk/-/fs.walk-1.2.8.tgz 14436ms (cache miss)
7872 http fetch GET 200 https://registry.npmjs.org/etag/-/etag-1.8.1.tgz 14439ms (cache miss)
7873 http fetch GET 200 https://registry.npmjs.org/escape-html/-/escape-html-1.0.3.tgz 14504ms (cache miss)
7874 http fetch GET 200 https://registry.npmjs.org/encodeurl/-/encodeurl-2.0.0.tgz 14532ms (cache miss)
7875 http fetch GET 200 https://registry.npmjs.org/cookie/-/cookie-0.7.2.tgz 14532ms (cache miss)
7876 http fetch GET 200 https://registry.npmjs.org/cookie-signature/-/cookie-signature-1.2.2.tgz 14532ms (cache miss)
7877 http fetch GET 200 https://registry.npmjs.org/depd/-/depd-2.0.0.tgz 14533ms (cache miss)
7878 http fetch GET 200 https://registry.npmjs.org/send/-/send-1.2.1.tgz 14533ms (cache miss)
7879 http fetch GET 200 https://registry.npmjs.org/body-parser/-/body-parser-2.2.2.tgz 14541ms (cache miss)
7880 http fetch GET 200 https://registry.npmjs.org/accepts/-/accepts-2.0.0.tgz 14541ms (cache miss)
7881 http fetch GET 200 https://registry.npmjs.org/content-disposition/-/content-disposition-1.0.1.tgz 14541ms (cache miss)
7882 http fetch GET 200 https://registry.npmjs.org/fresh/-/fresh-2.0.0.tgz 14543ms (cache miss)
7883 http fetch GET 200 https://registry.npmjs.org/domelementtype/-/domelementtype-2.3.0.tgz 14583ms (cache miss)
7884 http fetch GET 200 https://registry.npmjs.org/entities/-/entities-4.5.0.tgz 14601ms (cache miss)
7885 http fetch GET 200 https://registry.npmjs.org/shebang-command/-/shebang-command-2.0.0.tgz 14664ms (cache miss)
7886 http fetch GET 200 https://registry.npmjs.org/postcss-modules-values/-/postcss-modules-values-4.0.0.tgz 14665ms (cache miss)
7887 http fetch GET 200 https://registry.npmjs.org/postcss-modules-scope/-/postcss-modules-scope-3.2.1.tgz 14706ms (cache miss)
7888 http fetch GET 200 https://registry.npmjs.org/icss-utils/-/icss-utils-5.1.0.tgz 14706ms (cache miss)
7889 http fetch GET 200 https://registry.npmjs.org/path-type/-/path-type-4.0.0.tgz 14705ms (cache miss)
7890 http fetch GET 200 https://registry.npmjs.org/nth-check/-/nth-check-2.1.1.tgz 14706ms (cache miss)
7891 http fetch GET 200 https://registry.npmjs.org/postcss-modules-local-by-default/-/postcss-modules-local-by-default-4.2.0.tgz 14707ms (cache miss)
7892 http fetch GET 200 https://registry.npmjs.org/boolbase/-/boolbase-1.0.0.tgz 14707ms (cache miss)
7893 http fetch GET 200 https://registry.npmjs.org/ms/-/ms-2.1.3.tgz 14707ms (cache miss)
7894 http fetch GET 200 https://registry.npmjs.org/domutils/-/domutils-3.2.2.tgz 14714ms (cache miss)
7895 http fetch GET 200 https://registry.npmjs.org/postcss-modules-extract-imports/-/postcss-modules-extract-imports-3.1.0.tgz 14737ms (cache miss)
7896 http fetch GET 200 https://registry.npmjs.org/parse-json/-/parse-json-5.2.0.tgz 14745ms (cache miss)
7897 http fetch GET 200 https://registry.npmjs.org/which/-/which-2.0.2.tgz 14797ms (cache miss)
7898 http fetch GET 200 https://registry.npmjs.org/object-assign/-/object-assign-4.1.1.tgz 14817ms (cache miss)
7899 http fetch GET 200 https://registry.npmjs.org/path-key/-/path-key-3.1.1.tgz 14819ms (cache miss)
7900 http fetch GET 200 https://registry.npmjs.org/normalize-path/-/normalize-path-3.0.0.tgz 14817ms (cache miss)
7901 http fetch GET 200 https://registry.npmjs.org/import-fresh/-/import-fresh-3.3.1.tgz 14819ms (cache miss)
7902 http fetch GET 200 https://registry.npmjs.org/vary/-/vary-1.1.2.tgz 14817ms (cache miss)
7903 http fetch GET 200 https://registry.npmjs.org/readdirp/-/readdirp-4.1.2.tgz 14851ms (cache miss)
7904 http fetch GET 200 https://registry.npmjs.org/serialize-javascript/-/serialize-javascript-6.0.2.tgz 14872ms (cache miss)
7905 http fetch GET 200 https://registry.npmjs.org/schema-utils/-/schema-utils-4.3.3.tgz 14874ms (cache miss)
7906 http fetch GET 200 https://registry.npmjs.org/node-releases/-/node-releases-2.0.27.tgz 14910ms (cache miss)
7907 http fetch GET 200 https://registry.npmjs.org/js-yaml/-/js-yaml-4.1.1.tgz 14911ms (cache miss)
7908 http fetch GET 200 https://registry.npmjs.org/dom-serializer/-/dom-serializer-2.0.0.tgz 14955ms (cache miss)
7909 http fetch GET 200 https://registry.npmjs.org/glob-parent/-/glob-parent-6.0.2.tgz 14956ms (cache miss)
7910 http fetch GET 200 https://registry.npmjs.org/postcss-media-query-parser/-/postcss-media-query-parser-0.2.3.tgz 14956ms (cache miss)
7911 http fetch GET 200 https://registry.npmjs.org/update-browserslist-db/-/update-browserslist-db-1.2.3.tgz 14956ms (cache miss)
7912 http fetch GET 200 https://registry.npmjs.org/electron-to-chromium/-/electron-to-chromium-1.5.278.tgz 14957ms (cache miss)
7913 http fetch GET 200 https://registry.npmjs.org/domhandler/-/domhandler-5.0.3.tgz 14959ms (cache miss)
7914 http fetch GET 200 https://registry.npmjs.org/htmlparser2/-/htmlparser2-10.1.0.tgz 14961ms (cache miss)
7915 http fetch GET 200 https://registry.npmjs.org/lodash.debounce/-/lodash.debounce-4.0.8.tgz 15041ms (cache miss)
7916 http fetch GET 200 https://registry.npmjs.org/find-up/-/find-up-5.0.0.tgz 15044ms (cache miss)
7917 http fetch GET 200 https://registry.npmjs.org/css-what/-/css-what-7.0.0.tgz 15045ms (cache miss)
7918 http fetch GET 200 https://registry.npmjs.org/normalize-range/-/normalize-range-0.1.2.tgz 15075ms (cache miss)
7919 http fetch GET 200 https://registry.npmjs.org/postcss-value-parser/-/postcss-value-parser-4.2.0.tgz 15119ms (cache miss)
7920 http fetch GET 200 https://registry.npmjs.org/fraction.js/-/fraction.js-4.3.7.tgz 15120ms (cache miss)
7921 http fetch GET 200 https://registry.npmjs.org/@yr/monotone-cubic-spline/-/monotone-cubic-spline-1.0.3.tgz 15252ms (cache miss)
7922 http fetch GET 200 https://registry.npmjs.org/@svgdotjs/svg.select.js/-/svg.select.js-4.0.3.tgz 15304ms (cache miss)
7923 http fetch GET 200 https://registry.npmjs.org/@babel/helper-define-polyfill-provider/-/helper-define-polyfill-provider-0.6.6.tgz 15317ms (cache miss)
7924 http fetch GET 200 https://registry.npmjs.org/@algolia/requester-fetch/-/requester-fetch-5.35.0.tgz 15320ms (cache miss)
7925 http fetch GET 200 https://registry.npmjs.org/css-select/-/css-select-6.0.0.tgz 15330ms (cache miss)
7926 http fetch GET 200 https://registry.npmjs.org/@svgdotjs/svg.filter.js/-/svg.filter.js-3.0.9.tgz 15337ms (cache miss)
7927 http fetch GET 200 https://registry.npmjs.org/@algolia/requester-browser-xhr/-/requester-browser-xhr-5.35.0.tgz 15336ms (cache miss)
7928 http fetch GET 200 https://registry.npmjs.org/caniuse-lite/-/caniuse-lite-1.0.30001766.tgz 15341ms (cache miss)
7929 http fetch GET 200 https://registry.npmjs.org/@svgdotjs/svg.draggable.js/-/svg.draggable.js-3.0.6.tgz 15420ms (cache miss)
7930 http fetch GET 200 https://registry.npmjs.org/baseline-browser-mapping/-/baseline-browser-mapping-2.9.18.tgz 15427ms (cache miss)
7931 http fetch GET 200 https://registry.npmjs.org/@svgdotjs/svg.resize.js/-/svg.resize.js-2.0.5.tgz 15431ms (cache miss)
7932 http fetch GET 200 https://registry.npmjs.org/@algolia/client-personalization/-/client-personalization-5.35.0.tgz 15599ms (cache miss)
7933 http fetch GET 200 https://registry.npmjs.org/@algolia/monitoring/-/monitoring-1.35.0.tgz 15599ms (cache miss)
7934 http fetch GET 200 https://registry.npmjs.org/@algolia/client-query-suggestions/-/client-query-suggestions-5.35.0.tgz 15623ms (cache miss)
7935 http fetch GET 200 https://registry.npmjs.org/@algolia/recommend/-/recommend-5.35.0.tgz 15630ms (cache miss)
7936 http fetch GET 200 https://registry.npmjs.org/@algolia/client-insights/-/client-insights-5.35.0.tgz 15671ms (cache miss)
7937 http fetch GET 200 https://registry.npmjs.org/@algolia/requester-node-http/-/requester-node-http-5.35.0.tgz 15692ms (cache miss)
7938 http fetch GET 200 https://registry.npmjs.org/require-from-string/-/require-from-string-2.0.2.tgz 15720ms (cache miss)
7939 http fetch GET 200 https://registry.npmjs.org/json-schema-traverse/-/json-schema-traverse-1.0.0.tgz 15848ms (cache miss)
7940 http fetch GET 200 https://registry.npmjs.org/fast-uri/-/fast-uri-3.1.0.tgz 16003ms (cache miss)
7941 http fetch GET 200 https://registry.npmjs.org/postcss-selector-parser/-/postcss-selector-parser-6.0.10.tgz 16291ms (cache miss)
7942 http fetch GET 200 https://registry.npmjs.org/@algolia/abtesting/-/abtesting-1.1.0.tgz 16476ms (cache miss)
7943 http fetch GET 200 https://registry.npmjs.org/@algolia/client-analytics/-/client-analytics-5.35.0.tgz 16481ms (cache miss)
7944 http fetch GET 200 https://registry.npmjs.org/fast-deep-equal/-/fast-deep-equal-3.1.3.tgz 16499ms (cache miss)
7945 http fetch GET 200 https://registry.npmjs.org/@algolia/client-search/-/client-search-5.35.0.tgz 16508ms (cache miss)
7946 http fetch GET 200 https://registry.npmjs.org/lodash.isplainobject/-/lodash.isplainobject-4.0.6.tgz 16687ms (cache miss)
7947 http fetch GET 200 https://registry.npmjs.org/lodash.castarray/-/lodash.castarray-4.4.0.tgz 16743ms (cache miss)
7948 http fetch GET 200 https://registry.npmjs.org/zod-to-json-schema/-/zod-to-json-schema-3.25.1.tgz 16904ms (cache miss)
7949 http fetch GET 200 https://registry.npmjs.org/raw-body/-/raw-body-3.0.2.tgz 17044ms (cache miss)
7950 http fetch GET 200 https://registry.npmjs.org/pkce-challenge/-/pkce-challenge-5.0.1.tgz 17057ms (cache miss)
7951 http fetch GET 200 https://registry.npmjs.org/@algolia/client-abtesting/-/client-abtesting-5.35.0.tgz 17108ms (cache miss)
7952 http fetch GET 200 https://registry.npmjs.org/@algolia/client-common/-/client-common-5.35.0.tgz 17233ms (cache miss)
7953 http fetch GET 200 https://registry.npmjs.org/express/-/express-5.2.1.tgz 17232ms (cache miss)
7954 http fetch GET 200 https://registry.npmjs.org/@primeuix/styled/-/styled-0.7.4.tgz 17278ms (cache miss)
7955 http fetch GET 200 https://registry.npmjs.org/@primeuix/utils/-/utils-0.6.4.tgz 17296ms (cache miss)
7956 http fetch GET 200 https://registry.npmjs.org/eventsource-parser/-/eventsource-parser-3.0.6.tgz 17330ms (cache miss)
7957 http fetch GET 200 https://registry.npmjs.org/cors/-/cors-2.8.6.tgz 17391ms (cache miss)
7958 http fetch GET 200 https://registry.npmjs.org/eventsource/-/eventsource-3.0.7.tgz 17391ms (cache miss)
7959 http fetch GET 200 https://registry.npmjs.org/@algolia/ingestion/-/ingestion-1.35.0.tgz 17421ms (cache miss)
7960 http fetch GET 200 https://registry.npmjs.org/cross-spawn/-/cross-spawn-7.0.6.tgz 17412ms (cache miss)
7961 http fetch GET 200 https://registry.npmjs.org/replace-in-file/-/replace-in-file-7.2.0.tgz 17538ms (cache miss)
7962 http fetch GET 200 https://registry.npmjs.org/content-type/-/content-type-1.0.5.tgz 17585ms (cache miss)
7963 http fetch GET 200 https://registry.npmjs.org/lodash.kebabcase/-/lodash.kebabcase-4.1.1.tgz 17615ms (cache miss)
7964 http fetch GET 200 https://registry.npmjs.org/glob/-/glob-10.5.0.tgz 17615ms (cache miss)
7965 http fetch GET 200 https://registry.npmjs.org/fs-extra/-/fs-extra-11.3.3.tgz 17660ms (cache miss)
7966 http fetch GET 200 https://registry.npmjs.org/express-rate-limit/-/express-rate-limit-7.5.1.tgz 17718ms (cache miss)
7967 http fetch GET 200 https://registry.npmjs.org/@jridgewell/resolve-uri/-/resolve-uri-3.1.2.tgz 17717ms (cache miss)
7968 http fetch GET 200 https://registry.npmjs.org/iconv-lite/-/iconv-lite-0.7.2.tgz 17769ms (cache miss)
7969 http fetch GET 200 https://registry.npmjs.org/chardet/-/chardet-2.1.1.tgz 17903ms (cache miss)
7970 http fetch GET 200 https://registry.npmjs.org/@inquirer/external-editor/-/external-editor-1.0.3.tgz 17922ms (cache miss)
7971 http fetch GET 200 https://registry.npmjs.org/cosmiconfig/-/cosmiconfig-8.3.6.tgz 17930ms (cache miss)
7972 http fetch GET 200 https://registry.npmjs.org/@inquirer/rawlist/-/rawlist-4.1.11.tgz 17963ms (cache miss)
7973 http fetch GET 200 https://registry.npmjs.org/@inquirer/password/-/password-4.0.23.tgz 17963ms (cache miss)
7974 http fetch GET 200 https://registry.npmjs.org/@inquirer/search/-/search-3.2.2.tgz 17964ms (cache miss)
7975 http fetch GET 200 https://registry.npmjs.org/@inquirer/input/-/input-4.3.1.tgz 17994ms (cache miss)
7976 http fetch GET 200 https://registry.npmjs.org/@inquirer/number/-/number-3.0.23.tgz 18069ms (cache miss)
7977 http fetch GET 200 https://registry.npmjs.org/@inquirer/select/-/select-4.4.2.tgz 18071ms (cache miss)
7978 http fetch GET 200 https://registry.npmjs.org/@inquirer/expand/-/expand-4.0.23.tgz 18140ms (cache miss)
7979 http fetch GET 200 https://registry.npmjs.org/@jsverse/transloco-utils/-/transloco-utils-7.0.2.tgz 18141ms (cache miss)
7980 http fetch GET 200 https://registry.npmjs.org/yoctocolors-cjs/-/yoctocolors-cjs-2.1.3.tgz 18144ms (cache miss)
7981 http fetch GET 200 https://registry.npmjs.org/cli-width/-/cli-width-4.1.0.tgz 18222ms (cache miss)
7982 http fetch GET 200 https://registry.npmjs.org/mute-stream/-/mute-stream-2.0.0.tgz 18222ms (cache miss)
7983 http fetch GET 200 https://registry.npmjs.org/@inquirer/checkbox/-/checkbox-4.3.2.tgz 18280ms (cache miss)
7984 http fetch GET 200 https://registry.npmjs.org/signal-exit/-/signal-exit-4.1.0.tgz 18395ms (cache miss)
7985 http fetch GET 200 https://registry.npmjs.org/wrap-ansi/-/wrap-ansi-6.2.0.tgz 18576ms (cache miss)
7986 http fetch GET 200 https://registry.npmjs.org/@inquirer/type/-/type-3.0.10.tgz 18576ms (cache miss)
7987 http fetch GET 200 https://registry.npmjs.org/@inquirer/ansi/-/ansi-1.0.2.tgz 18580ms (cache miss)
7988 http fetch GET 200 https://registry.npmjs.org/@babel/helper-string-parser/-/helper-string-parser-7.27.1.tgz 18629ms (cache miss)
7989 http fetch GET 200 https://registry.npmjs.org/esutils/-/esutils-2.0.3.tgz 18633ms (cache miss)
7990 http fetch GET 200 https://registry.npmjs.org/@svgdotjs/svg.js/-/svg.js-3.2.5.tgz 18668ms (cache miss)
7991 http fetch GET 200 https://registry.npmjs.org/@babel/helper-replace-supers/-/helper-replace-supers-7.28.6.tgz 18682ms (cache miss)
7992 http fetch GET 200 https://registry.npmjs.org/@inquirer/editor/-/editor-4.2.23.tgz 18685ms (cache miss)
7993 http fetch GET 200 https://registry.npmjs.org/@inquirer/figures/-/figures-1.0.15.tgz 18715ms (cache miss)
7994 http fetch GET 200 https://registry.npmjs.org/@babel/helper-member-expression-to-functions/-/helper-member-expression-to-functions-7.28.5.tgz 18753ms (cache miss)
7995 http fetch GET 200 https://registry.npmjs.org/@inquirer/core/-/core-10.3.2.tgz 18952ms (cache miss)
7996 http fetch GET 200 https://registry.npmjs.org/@babel/helper-globals/-/helper-globals-7.28.0.tgz 19036ms (cache miss)
7997 http fetch GET 200 https://registry.npmjs.org/@babel/helper-create-regexp-features-plugin/-/helper-create-regexp-features-plugin-7.28.5.tgz 19085ms (cache miss)
7998 http fetch GET 200 https://registry.npmjs.org/@babel/helper-create-class-features-plugin/-/helper-create-class-features-plugin-7.28.6.tgz 19106ms (cache miss)
7999 http fetch GET 200 https://registry.npmjs.org/@babel/helper-optimise-call-expression/-/helper-optimise-call-expression-7.27.1.tgz 19125ms (cache miss)
8000 http fetch GET 200 https://registry.npmjs.org/@babel/plugin-transform-unicode-sets-regex/-/plugin-transform-unicode-sets-regex-7.28.6.tgz 19126ms (cache miss)
8001 http fetch GET 200 https://registry.npmjs.org/@babel/helper-skip-transparent-expression-wrappers/-/helper-skip-transparent-expression-wrappers-7.27.1.tgz 19138ms (cache miss)
8002 http fetch GET 200 https://registry.npmjs.org/@esbuild/darwin-arm64/-/darwin-arm64-0.25.9.tgz 19207ms (cache miss)
8003 http fetch GET 200 https://registry.npmjs.org/@babel/plugin-transform-unicode-regex/-/plugin-transform-unicode-regex-7.27.1.tgz 19190ms (cache miss)
8004 http fetch GET 200 https://registry.npmjs.org/regexpu-core/-/regexpu-core-6.4.0.tgz 19192ms (cache miss)
8005 http fetch GET 200 https://registry.npmjs.org/lodash.merge/-/lodash.merge-4.6.2.tgz 19204ms (cache miss)
8006 http fetch GET 200 https://registry.npmjs.org/@babel/plugin-transform-template-literals/-/plugin-transform-template-literals-7.27.1.tgz 19191ms (cache miss)
8007 http fetch GET 200 https://registry.npmjs.org/core-js-compat/-/core-js-compat-3.48.0.tgz 19192ms (cache miss)
8008 http fetch GET 200 https://registry.npmjs.org/@babel/plugin-transform-reserved-words/-/plugin-transform-reserved-words-7.27.1.tgz 19232ms (cache miss)
8009 http fetch GET 200 https://registry.npmjs.org/@babel/preset-modules/-/preset-modules-0.1.6-no-external-plugins.tgz 19234ms (cache miss)
8010 http fetch GET 200 https://registry.npmjs.org/@babel/plugin-transform-sticky-regex/-/plugin-transform-sticky-regex-7.27.1.tgz 19336ms (cache miss)
8011 http fetch GET 200 https://registry.npmjs.org/@babel/plugin-transform-shorthand-properties/-/plugin-transform-shorthand-properties-7.27.1.tgz 19336ms (cache miss)
8012 http fetch GET 200 https://registry.npmjs.org/@babel/plugin-transform-unicode-escapes/-/plugin-transform-unicode-escapes-7.27.1.tgz 19336ms (cache miss)
8013 http fetch GET 200 https://registry.npmjs.org/@babel/plugin-transform-spread/-/plugin-transform-spread-7.28.6.tgz 19366ms (cache miss)
8014 http fetch GET 200 https://registry.npmjs.org/@babel/plugin-transform-private-methods/-/plugin-transform-private-methods-7.28.6.tgz 19366ms (cache miss)
8015 http fetch GET 200 https://registry.npmjs.org/@babel/plugin-transform-private-property-in-object/-/plugin-transform-private-property-in-object-7.28.6.tgz 19366ms (cache miss)
8016 http fetch GET 200 https://registry.npmjs.org/@babel/plugin-transform-optional-chaining/-/plugin-transform-optional-chaining-7.28.6.tgz 19390ms (cache miss)
8017 http fetch GET 200 https://registry.npmjs.org/@babel/plugin-transform-parameters/-/plugin-transform-parameters-7.27.7.tgz 19391ms (cache miss)
8018 http fetch GET 200 https://registry.npmjs.org/@types/node/-/node-25.0.10.tgz 19432ms (cache miss)
8019 http fetch GET 200 https://registry.npmjs.org/@babel/plugin-transform-typeof-symbol/-/plugin-transform-typeof-symbol-7.27.1.tgz 19434ms (cache miss)
8020 http fetch GET 200 https://registry.npmjs.org/@babel/plugin-transform-property-literals/-/plugin-transform-property-literals-7.27.1.tgz 19457ms (cache miss)
8021 http fetch GET 200 https://registry.npmjs.org/@babel/plugin-transform-optional-catch-binding/-/plugin-transform-optional-catch-binding-7.28.6.tgz 19491ms (cache miss)
8022 http fetch GET 200 https://registry.npmjs.org/@babel/plugin-transform-nullish-coalescing-operator/-/plugin-transform-nullish-coalescing-operator-7.28.6.tgz 19490ms (cache miss)
8023 http fetch GET 200 https://registry.npmjs.org/@babel/plugin-transform-new-target/-/plugin-transform-new-target-7.27.1.tgz 19499ms (cache miss)
8024 http fetch GET 200 https://registry.npmjs.org/@babel/plugin-transform-numeric-separator/-/plugin-transform-numeric-separator-7.28.6.tgz 19499ms (cache miss)
8025 http fetch GET 200 https://registry.npmjs.org/@babel/plugin-transform-object-rest-spread/-/plugin-transform-object-rest-spread-7.28.6.tgz 19604ms (cache miss)
8026 http fetch GET 200 https://registry.npmjs.org/@babel/plugin-transform-named-capturing-groups-regex/-/plugin-transform-named-capturing-groups-regex-7.27.1.tgz 19604ms (cache miss)
8027 http fetch GET 200 https://registry.npmjs.org/@babel/plugin-transform-object-super/-/plugin-transform-object-super-7.27.1.tgz 19605ms (cache miss)
8028 http fetch GET 200 https://registry.npmjs.org/@babel/plugin-transform-modules-umd/-/plugin-transform-modules-umd-7.27.1.tgz 19604ms (cache miss)
8029 http fetch GET 200 https://registry.npmjs.org/@babel/plugin-transform-modules-commonjs/-/plugin-transform-modules-commonjs-7.28.6.tgz 19604ms (cache miss)
8030 http fetch GET 200 https://registry.npmjs.org/@babel/plugin-transform-logical-assignment-operators/-/plugin-transform-logical-assignment-operators-7.28.6.tgz 19635ms (cache miss)
8031 http fetch GET 200 https://registry.npmjs.org/@babel/plugin-transform-literals/-/plugin-transform-literals-7.27.1.tgz 19655ms (cache miss)
8032 http fetch GET 200 https://registry.npmjs.org/@babel/plugin-transform-regexp-modifiers/-/plugin-transform-regexp-modifiers-7.28.6.tgz 19673ms (cache miss)
8033 http fetch GET 200 https://registry.npmjs.org/@babel/plugin-transform-modules-systemjs/-/plugin-transform-modules-systemjs-7.28.5.tgz 19677ms (cache miss)
8034 http fetch GET 200 https://registry.npmjs.org/@babel/plugin-transform-member-expression-literals/-/plugin-transform-member-expression-literals-7.27.1.tgz 19697ms (cache miss)
8035 http fetch GET 200 https://registry.npmjs.org/@babel/plugin-transform-modules-amd/-/plugin-transform-modules-amd-7.27.1.tgz 19750ms (cache miss)
8036 http fetch GET 200 https://registry.npmjs.org/@babel/plugin-transform-export-namespace-from/-/plugin-transform-export-namespace-from-7.27.1.tgz 19749ms (cache miss)
8037 http fetch GET 200 https://registry.npmjs.org/@babel/plugin-transform-for-of/-/plugin-transform-for-of-7.27.1.tgz 19753ms (cache miss)
8038 http fetch GET 200 https://registry.npmjs.org/@babel/plugin-transform-dynamic-import/-/plugin-transform-dynamic-import-7.27.1.tgz 19767ms (cache miss)
8039 http fetch GET 200 https://registry.npmjs.org/@babel/plugin-transform-exponentiation-operator/-/plugin-transform-exponentiation-operator-7.28.6.tgz 19767ms (cache miss)
8040 http fetch GET 200 https://registry.npmjs.org/@babel/plugin-transform-duplicate-named-capturing-groups-regex/-/plugin-transform-duplicate-named-capturing-groups-regex-7.28.6.tgz 19768ms (cache miss)
8041 http fetch GET 200 https://registry.npmjs.org/@babel/plugin-transform-regenerator/-/plugin-transform-regenerator-7.28.6.tgz 19795ms (cache miss)
8042 http fetch GET 200 https://registry.npmjs.org/@babel/plugin-transform-unicode-property-regex/-/plugin-transform-unicode-property-regex-7.28.6.tgz 19806ms (cache miss)
8043 http fetch GET 200 https://registry.npmjs.org/@babel/plugin-transform-duplicate-keys/-/plugin-transform-duplicate-keys-7.27.1.tgz 19802ms (cache miss)
8044 http fetch GET 200 https://registry.npmjs.org/@babel/plugin-transform-explicit-resource-management/-/plugin-transform-explicit-resource-management-7.28.6.tgz 19896ms (cache miss)
8045 http fetch GET 200 https://registry.npmjs.org/@babel/plugin-transform-block-scoping/-/plugin-transform-block-scoping-7.28.6.tgz 19895ms (cache miss)
8046 http fetch GET 200 https://registry.npmjs.org/@babel/plugin-transform-arrow-functions/-/plugin-transform-arrow-functions-7.27.1.tgz 19907ms (cache miss)
8047 http fetch GET 200 https://registry.npmjs.org/@babel/plugin-transform-computed-properties/-/plugin-transform-computed-properties-7.28.6.tgz 19909ms (cache miss)
8048 http fetch GET 200 https://registry.npmjs.org/@babel/plugin-transform-class-properties/-/plugin-transform-class-properties-7.28.6.tgz 19909ms (cache miss)
8049 http fetch GET 200 https://registry.npmjs.org/@babel/plugin-transform-block-scoped-functions/-/plugin-transform-block-scoped-functions-7.27.1.tgz 19937ms (cache miss)
8050 http fetch GET 200 https://registry.npmjs.org/@babel/plugin-syntax-unicode-sets-regex/-/plugin-syntax-unicode-sets-regex-7.18.6.tgz 19936ms (cache miss)
8051 http fetch GET 200 https://registry.npmjs.org/@babel/plugin-transform-classes/-/plugin-transform-classes-7.28.6.tgz 19949ms (cache miss)
8052 http fetch GET 200 https://registry.npmjs.org/@babel/plugin-transform-destructuring/-/plugin-transform-destructuring-7.28.5.tgz 20003ms (cache miss)
8053 http fetch GET 200 https://registry.npmjs.org/@babel/plugin-syntax-import-assertions/-/plugin-syntax-import-assertions-7.28.6.tgz 20001ms (cache miss)
8054 http fetch GET 200 https://registry.npmjs.org/@babel/plugin-bugfix-v8-spread-parameters-in-optional-chaining/-/plugin-bugfix-v8-spread-parameters-in-optional-chaining-7.27.1.tgz 20043ms (cache miss)
8055 http fetch GET 200 https://registry.npmjs.org/@babel/plugin-transform-json-strings/-/plugin-transform-json-strings-7.28.6.tgz 20047ms (cache miss)
8056 http fetch GET 200 https://registry.npmjs.org/@babel/plugin-transform-class-static-block/-/plugin-transform-class-static-block-7.28.6.tgz 20088ms (cache miss)
8057 http fetch GET 200 https://registry.npmjs.org/@babel/plugin-bugfix-v8-static-class-fields-redefine-readonly/-/plugin-bugfix-v8-static-class-fields-redefine-readonly-7.28.6.tgz 20126ms (cache miss)
8058 http fetch GET 200 https://registry.npmjs.org/@babel/plugin-proposal-private-property-in-object/-/plugin-proposal-private-property-in-object-7.21.0-placeholder-for-preset-env.2.tgz 20126ms (cache miss)
8059 http fetch GET 200 https://registry.npmjs.org/@babel/helper-wrap-function/-/helper-wrap-function-7.28.6.tgz 20126ms (cache miss)
8060 http fetch GET 200 https://registry.npmjs.org/@babel/plugin-transform-function-name/-/plugin-transform-function-name-7.27.1.tgz 20131ms (cache miss)
8061 http fetch GET 200 https://registry.npmjs.org/babel-plugin-polyfill-corejs3/-/babel-plugin-polyfill-corejs3-0.13.0.tgz 20126ms (cache miss)
8062 http fetch GET 200 https://registry.npmjs.org/@babel/plugin-bugfix-safari-class-field-initializer-scope/-/plugin-bugfix-safari-class-field-initializer-scope-7.27.1.tgz 20140ms (cache miss)
8063 http fetch GET 200 https://registry.npmjs.org/babel-plugin-polyfill-regenerator/-/babel-plugin-polyfill-regenerator-0.6.6.tgz 20155ms (cache miss)
8064 http fetch GET 200 https://registry.npmjs.org/@babel/plugin-bugfix-firefox-class-in-computed-class-key/-/plugin-bugfix-firefox-class-in-computed-class-key-7.28.5.tgz 20199ms (cache miss)
8065 http fetch GET 200 https://registry.npmjs.org/@babel/helper-remap-async-to-generator/-/helper-remap-async-to-generator-7.27.1.tgz 20227ms (cache miss)
8066 http fetch GET 200 https://registry.npmjs.org/lru-cache/-/lru-cache-5.1.1.tgz 20239ms (cache miss)
8067 http fetch GET 200 https://registry.npmjs.org/jsesc/-/jsesc-3.1.0.tgz 20243ms (cache miss)
8068 http fetch GET 200 https://registry.npmjs.org/babel-plugin-polyfill-corejs2/-/babel-plugin-polyfill-corejs2-0.4.15.tgz 20248ms (cache miss)
8069 http fetch GET 200 https://registry.npmjs.org/@babel/compat-data/-/compat-data-7.28.6.tgz 20254ms (cache miss)
8070 http fetch GET 200 https://registry.npmjs.org/@babel/helper-validator-option/-/helper-validator-option-7.27.1.tgz 20277ms (cache miss)
8071 http fetch GET 200 https://registry.npmjs.org/@babel/helper-module-imports/-/helper-module-imports-7.28.6.tgz 20303ms (cache miss)
8072 http fetch GET 200 https://registry.npmjs.org/js-tokens/-/js-tokens-4.0.0.tgz 20350ms (cache miss)
8073 http fetch GET 200 https://registry.npmjs.org/@babel/plugin-bugfix-safari-id-destructuring-collision-in-function-expression/-/plugin-bugfix-safari-id-destructuring-collision-in-function-expression-7.27.1.tgz 20353ms (cache miss)
8074 http fetch GET 200 https://registry.npmjs.org/gensync/-/gensync-1.0.0-beta.2.tgz 20350ms (cache miss)
8075 http fetch GET 200 https://registry.npmjs.org/@babel/helper-validator-identifier/-/helper-validator-identifier-7.28.5.tgz 20350ms (cache miss)
8076 http fetch GET 200 https://registry.npmjs.org/@babel/template/-/template-7.28.6.tgz 20382ms (cache miss)
8077 http fetch GET 200 https://registry.npmjs.org/picocolors/-/picocolors-1.1.1.tgz 20448ms (cache miss)
8078 http fetch GET 200 https://registry.npmjs.org/json5/-/json5-2.2.3.tgz 20454ms (cache miss)
8079 http fetch GET 200 https://registry.npmjs.org/debug/-/debug-4.4.3.tgz 20477ms (cache miss)
8080 http fetch GET 200 https://registry.npmjs.org/@babel/helpers/-/helpers-7.28.6.tgz 20513ms (cache miss)
8081 http fetch GET 200 https://registry.npmjs.org/@babel/traverse/-/traverse-7.28.6.tgz 20515ms (cache miss)
8082 http fetch GET 200 https://registry.npmjs.org/reflect-metadata/-/reflect-metadata-0.2.2.tgz 20516ms (cache miss)
8083 http fetch GET 200 https://registry.npmjs.org/@babel/code-frame/-/code-frame-7.28.6.tgz 20682ms (cache miss)
8084 http fetch GET 200 https://registry.npmjs.org/@babel/helper-compilation-targets/-/helper-compilation-targets-7.28.6.tgz 20701ms (cache miss)
8085 http fetch GET 200 https://registry.npmjs.org/convert-source-map/-/convert-source-map-1.9.0.tgz 20702ms (cache miss)
8086 http fetch GET 200 https://registry.npmjs.org/pacote/-/pacote-21.0.0.tgz 20709ms (cache miss)
8087 http fetch GET 200 https://registry.npmjs.org/@babel/helper-module-transforms/-/helper-module-transforms-7.28.6.tgz 20723ms (cache miss)
8088 http fetch GET 200 https://registry.npmjs.org/resolve/-/resolve-1.22.10.tgz 20737ms (cache miss)
8089 http fetch GET 200 https://registry.npmjs.org/@babel/plugin-transform-dotall-regex/-/plugin-transform-dotall-regex-7.28.6.tgz 20829ms (cache miss)
8090 http fetch GET 200 https://registry.npmjs.org/npm-package-arg/-/npm-package-arg-13.0.0.tgz 20827ms (cache miss)
8091 http fetch GET 200 https://registry.npmjs.org/@babel/plugin-syntax-import-attributes/-/plugin-syntax-import-attributes-7.28.6.tgz 20966ms (cache miss)
8092 http fetch GET 200 https://registry.npmjs.org/@jridgewell/sourcemap-codec/-/sourcemap-codec-1.5.5.tgz 21040ms (cache miss)
8093 http fetch GET 200 https://registry.npmjs.org/chokidar/-/chokidar-4.0.3.tgz 21063ms (cache miss)
8094 http fetch GET 200 https://registry.npmjs.org/ini/-/ini-5.0.0.tgz 21071ms (cache miss)
8095 http fetch GET 200 https://registry.npmjs.org/@yarnpkg/lockfile/-/lockfile-1.1.0.tgz 21136ms (cache miss)
8096 http fetch GET 200 https://registry.npmjs.org/zod/-/zod-3.25.76.tgz 21238ms (cache miss)
8097 http fetch GET 200 https://registry.npmjs.org/@babel/helper-plugin-utils/-/helper-plugin-utils-7.28.6.tgz 21270ms (cache miss)
8098 http fetch GET 200 https://registry.npmjs.org/algoliasearch/-/algoliasearch-5.35.0.tgz 21271ms (cache miss)
8099 http fetch GET 200 https://registry.npmjs.org/parse5/-/parse5-8.0.0.tgz 21322ms (cache miss)
8100 http fetch GET 200 https://registry.npmjs.org/watchpack/-/watchpack-2.4.4.tgz 21365ms (cache miss)
8101 http fetch GET 200 https://registry.npmjs.org/@listr2/prompt-adapter-inquirer/-/prompt-adapter-inquirer-3.0.1.tgz 21438ms (cache miss)
8102 http fetch GET 200 https://registry.npmjs.org/yargs/-/yargs-18.0.0.tgz 21438ms (cache miss)
8103 http fetch GET 200 https://registry.npmjs.org/@inquirer/prompts/-/prompts-7.8.2.tgz 21462ms (cache miss)
8104 http fetch GET 200 https://registry.npmjs.org/@babel/parser/-/parser-7.28.6.tgz 21521ms (cache miss)
8105 http fetch GET 200 https://registry.npmjs.org/@modelcontextprotocol/sdk/-/sdk-1.17.3.tgz 21731ms (cache miss)
8106 http fetch GET 200 https://registry.npmjs.org/magic-string/-/magic-string-0.30.17.tgz 21773ms (cache miss)
8107 http fetch GET 200 https://registry.npmjs.org/rolldown/-/rolldown-1.0.0-beta.38.tgz 21919ms (cache miss)
8108 http fetch GET 200 https://registry.npmjs.org/mrmime/-/mrmime-2.0.1.tgz 21965ms (cache miss)
8109 http fetch GET 200 https://registry.npmjs.org/tinyglobby/-/tinyglobby-0.2.14.tgz 22001ms (cache miss)
8110 http fetch GET 200 https://registry.npmjs.org/@angular-devkit/schematics/-/schematics-20.3.3.tgz 22091ms (cache miss)
8111 http fetch GET 200 https://registry.npmjs.org/https-proxy-agent/-/https-proxy-agent-7.0.6.tgz 22138ms (cache miss)
8112 http fetch GET 200 https://registry.npmjs.org/beasties/-/beasties-0.3.5.tgz 22140ms (cache miss)
8113 http fetch GET 200 https://registry.npmjs.org/ajv-formats/-/ajv-formats-3.0.1.tgz 22139ms (cache miss)
8114 http fetch GET 200 https://registry.npmjs.org/listr2/-/listr2-9.0.1.tgz 22140ms (cache miss)
8115 http fetch GET 200 https://registry.npmjs.org/source-map/-/source-map-0.7.6.tgz 22240ms (cache miss)
8116 http fetch GET 200 https://registry.npmjs.org/parse5-html-rewriting-stream/-/parse5-html-rewriting-stream-8.0.0.tgz 22313ms (cache miss)
8117 http fetch GET 200 https://registry.npmjs.org/ajv/-/ajv-8.17.1.tgz 22487ms (cache miss)
8118 http fetch GET 200 https://registry.npmjs.org/@jridgewell/trace-mapping/-/trace-mapping-0.3.31.tgz 22500ms (cache miss)
8119 http fetch GET 200 https://registry.npmjs.org/lmdb/-/lmdb-3.4.2.tgz 22509ms (cache miss)
8120 http fetch GET 200 https://registry.npmjs.org/@vitejs/plugin-basic-ssl/-/plugin-basic-ssl-2.1.0.tgz 22791ms (cache miss)
8121 http fetch GET 200 https://registry.npmjs.org/@jridgewell/gen-mapping/-/gen-mapping-0.3.13.tgz 22816ms (cache miss)
8122 http fetch GET 200 https://registry.npmjs.org/vite/-/vite-7.1.5.tgz 22828ms (cache miss)
8123 http fetch GET 200 https://registry.npmjs.org/webpack-subresource-integrity/-/webpack-subresource-integrity-5.1.0.tgz 22822ms (cache miss)
8124 http fetch GET 200 https://registry.npmjs.org/webpack-merge/-/webpack-merge-6.0.1.tgz 22822ms (cache miss)
8125 http fetch GET 200 https://registry.npmjs.org/@inquirer/confirm/-/confirm-5.1.14.tgz 23216ms (cache miss)
8126 http fetch GET 200 https://registry.npmjs.org/source-map-support/-/source-map-support-0.5.21.tgz 23215ms (cache miss)
8127 http fetch GET 200 https://registry.npmjs.org/source-map-loader/-/source-map-loader-5.0.0.tgz 23229ms (cache miss)
8128 http fetch GET 200 https://registry.npmjs.org/webpack-dev-middleware/-/webpack-dev-middleware-7.4.2.tgz 23289ms (cache miss)
8129 http fetch GET 200 https://registry.npmjs.org/webpack-dev-server/-/webpack-dev-server-5.2.2.tgz 23402ms (cache miss)
8130 http fetch GET 200 https://registry.npmjs.org/webpack/-/webpack-5.101.2.tgz 23476ms (cache miss)
8131 http fetch GET 200 https://registry.npmjs.org/semver/-/semver-7.7.2.tgz 23479ms (cache miss)
8132 http fetch GET 200 https://registry.npmjs.org/tree-kill/-/tree-kill-1.2.2.tgz 23506ms (cache miss)
8133 http fetch GET 200 https://registry.npmjs.org/sass-loader/-/sass-loader-16.0.5.tgz 23516ms (cache miss)
8134 http fetch GET 200 https://registry.npmjs.org/postcss-loader/-/postcss-loader-8.1.1.tgz 23591ms (cache miss)
8135 http fetch GET 200 https://registry.npmjs.org/picomatch/-/picomatch-4.0.3.tgz 23592ms (cache miss)
8136 http fetch GET 200 https://registry.npmjs.org/resolve-url-loader/-/resolve-url-loader-5.0.0.tgz 23607ms (cache miss)
8137 http fetch GET 200 https://registry.npmjs.org/loader-utils/-/loader-utils-3.3.1.tgz 23627ms (cache miss)
8138 http fetch GET 200 https://registry.npmjs.org/less-loader/-/less-loader-12.3.0.tgz 23627ms (cache miss)
8139 http fetch GET 200 https://registry.npmjs.org/piscina/-/piscina-5.1.3.tgz 23636ms (cache miss)
8140 http fetch GET 200 https://registry.npmjs.org/ora/-/ora-8.2.0.tgz 23645ms (cache miss)
8141 http fetch GET 200 https://registry.npmjs.org/license-webpack-plugin/-/license-webpack-plugin-4.0.2.tgz 23652ms (cache miss)
8142 http fetch GET 200 https://registry.npmjs.org/mini-css-extract-plugin/-/mini-css-extract-plugin-2.9.4.tgz 23815ms (cache miss)
8143 http fetch GET 200 https://registry.npmjs.org/istanbul-lib-instrument/-/istanbul-lib-instrument-6.0.3.tgz 23853ms (cache miss)
8144 http fetch GET 200 https://registry.npmjs.org/http-proxy-middleware/-/http-proxy-middleware-3.0.5.tgz 23863ms (cache miss)
8145 http fetch GET 200 https://registry.npmjs.org/jsonc-parser/-/jsonc-parser-3.3.1.tgz 23866ms (cache miss)
8146 http fetch GET 200 https://registry.npmjs.org/open/-/open-10.2.0.tgz 23870ms (cache miss)
8147 http fetch GET 200 https://registry.npmjs.org/copy-webpack-plugin/-/copy-webpack-plugin-13.0.1.tgz 23880ms (cache miss)
8148 http fetch GET 200 https://registry.npmjs.org/css-loader/-/css-loader-7.1.2.tgz 23887ms (cache miss)
8149 http fetch GET 200 https://registry.npmjs.org/fast-glob/-/fast-glob-3.3.3.tgz 23917ms (cache miss)
8150 http fetch GET 200 https://registry.npmjs.org/@babel/types/-/types-7.28.6.tgz 23943ms (cache miss)
8151 http fetch GET 200 https://registry.npmjs.org/terser/-/terser-5.43.1.tgz 23957ms (cache miss)
8152 http fetch GET 200 https://registry.npmjs.org/esbuild/-/esbuild-0.25.9.tgz 24108ms (cache miss)
8153 http fetch GET 200 https://registry.npmjs.org/browserslist/-/browserslist-4.28.1.tgz 24108ms (cache miss)
8154 http fetch GET 200 https://registry.npmjs.org/babel-loader/-/babel-loader-10.0.0.tgz 24127ms (cache miss)
8155 http fetch GET 200 https://registry.npmjs.org/ansi-colors/-/ansi-colors-4.1.3.tgz 24138ms (cache miss)
8156 http fetch GET 200 https://registry.npmjs.org/karma-source-map-support/-/karma-source-map-support-1.4.0.tgz 24166ms (cache miss)
8157 http fetch GET 200 https://registry.npmjs.org/@discoveryjs/json-ext/-/json-ext-0.6.3.tgz 24649ms (cache miss)
8158 http fetch GET 200 https://registry.npmjs.org/@babel/preset-env/-/preset-env-7.28.3.tgz 24652ms (cache miss)
8159 http fetch GET 200 https://registry.npmjs.org/@babel/plugin-transform-async-to-generator/-/plugin-transform-async-to-generator-7.27.1.tgz 24665ms (cache miss)
8160 http fetch GET 200 https://registry.npmjs.org/@babel/helper-annotate-as-pure/-/helper-annotate-as-pure-7.27.3.tgz 24665ms (cache miss)
8161 http fetch GET 200 https://registry.npmjs.org/@babel/plugin-transform-runtime/-/plugin-transform-runtime-7.28.3.tgz 24801ms (cache miss)
8162 http fetch GET 200 https://registry.npmjs.org/@ngtools/webpack/-/webpack-20.3.3.tgz 24806ms (cache miss)
8163 http fetch GET 200 https://registry.npmjs.org/@babel/helper-split-export-declaration/-/helper-split-export-declaration-7.24.7.tgz 24922ms (cache miss)
8164 http fetch GET 200 https://registry.npmjs.org/@babel/plugin-transform-async-generator-functions/-/plugin-transform-async-generator-functions-7.28.0.tgz 25138ms (cache miss)
8165 http fetch GET 200 https://registry.npmjs.org/@babel/generator/-/generator-7.28.3.tgz 25308ms (cache miss)
8166 http fetch GET 200 https://registry.npmjs.org/@babel/runtime/-/runtime-7.28.3.tgz 25656ms (cache miss)
8167 http fetch GET 200 https://registry.npmjs.org/@angular-devkit/build-webpack/-/build-webpack-0.2003.3.tgz 26046ms (cache miss)
8168 http fetch GET 200 https://registry.npmjs.org/tslib/-/tslib-2.8.1.tgz 26326ms (cache miss)
8169 http fetch GET 200 https://registry.npmjs.org/less/-/less-4.4.0.tgz 28634ms (cache miss)
8170 http fetch GET 200 https://registry.npmjs.org/primeflex/-/primeflex-4.0.0.tgz 28627ms (cache miss)
8171 http fetch GET 200 https://registry.npmjs.org/sass/-/sass-1.90.0.tgz 28714ms (cache miss)
8172 http fetch GET 200 https://registry.npmjs.org/@angular/build/-/build-20.3.3.tgz 28783ms (cache miss)
8173 http fetch GET 200 https://registry.npmjs.org/quill/-/quill-2.0.3.tgz 29085ms (cache miss)
8174 http fetch GET 200 https://registry.npmjs.org/tailwindcss/-/tailwindcss-3.4.17.tgz 29173ms (cache miss)
8175 http fetch GET 200 https://registry.npmjs.org/prettier-plugin-organize-imports/-/prettier-plugin-organize-imports-4.1.0.tgz 29254ms (cache miss)
8176 http fetch GET 200 https://registry.npmjs.org/@angular-devkit/core/-/core-20.3.3.tgz 29263ms (cache miss)
8177 http fetch GET 200 https://registry.npmjs.org/@angular-devkit/architect/-/architect-0.2003.3.tgz 29301ms (cache miss)
8178 http fetch GET 200 https://registry.npmjs.org/primeicons/-/primeicons-7.0.0.tgz 29555ms (cache miss)
8179 http fetch GET 200 https://registry.npmjs.org/perfect-scrollbar/-/perfect-scrollbar-1.5.6.tgz 29642ms (cache miss)
8180 http fetch GET 200 https://registry.npmjs.org/postcss/-/postcss-8.4.49.tgz 30185ms (cache miss)
8181 http fetch GET 200 https://registry.npmjs.org/ngx-quill/-/ngx-quill-27.0.0.tgz 30223ms (cache miss)
8182 http fetch GET 200 https://registry.npmjs.org/lodash-es/-/lodash-es-4.17.21.tgz 30459ms (cache miss)
8183 http fetch GET 200 https://registry.npmjs.org/@babel/core/-/core-7.28.3.tgz 31730ms (cache miss)
8184 http fetch GET 200 https://registry.npmjs.org/karma-jasmine/-/karma-jasmine-5.1.0.tgz 32576ms (cache miss)
8185 http fetch GET 200 https://registry.npmjs.org/karma-chrome-launcher/-/karma-chrome-launcher-3.2.0.tgz 33389ms (cache miss)
8186 http fetch GET 200 https://registry.npmjs.org/luxon/-/luxon-3.5.0.tgz 33994ms (cache miss)
8187 http fetch GET 200 https://registry.npmjs.org/typescript/-/typescript-5.9.2.tgz 34011ms (cache miss)
8188 http fetch GET 200 https://registry.npmjs.org/prettier-plugin-tailwindcss/-/prettier-plugin-tailwindcss-0.6.9.tgz 34031ms (cache miss)
8189 http fetch GET 200 https://registry.npmjs.org/karma-jasmine-html-reporter/-/karma-jasmine-html-reporter-2.1.0.tgz 35109ms (cache miss)
8190 http fetch GET 200 https://registry.npmjs.org/karma-coverage/-/karma-coverage-2.2.1.tgz 35459ms (cache miss)
8191 http fetch GET 200 https://registry.npmjs.org/ng-apexcharts/-/ng-apexcharts-1.15.0.tgz 36120ms (cache miss)
8192 http fetch GET 200 https://registry.npmjs.org/crypto-js/-/crypto-js-4.2.0.tgz 36226ms (cache miss)
8193 http fetch GET 200 https://registry.npmjs.org/jasmine-core/-/jasmine-core-5.1.2.tgz 36426ms (cache miss)
8194 http fetch GET 200 https://registry.npmjs.org/rxjs/-/rxjs-7.8.1.tgz 36701ms (cache miss)
8195 http fetch GET 200 https://registry.npmjs.org/karma/-/karma-6.4.4.tgz 37195ms (cache miss)
8196 http fetch GET 200 https://registry.npmjs.org/autoprefixer/-/autoprefixer-10.4.20.tgz 37197ms (cache miss)
8197 http fetch GET 200 https://registry.npmjs.org/@types/lodash-es/-/lodash-es-4.17.12.tgz 37468ms (cache miss)
8198 http fetch GET 200 https://registry.npmjs.org/@types/luxon/-/luxon-3.4.2.tgz 38191ms (cache miss)
8199 http fetch GET 200 https://registry.npmjs.org/prettier/-/prettier-3.4.2.tgz 38302ms (cache miss)
8200 http fetch GET 200 https://registry.npmjs.org/bootstrap/-/bootstrap-5.3.8.tgz 38337ms (cache miss)
8201 http fetch GET 200 https://registry.npmjs.org/@types/lodash/-/lodash-4.17.13.tgz 38433ms (cache miss)
8202 http fetch GET 200 https://registry.npmjs.org/@types/chroma-js/-/chroma-js-2.4.5.tgz 38789ms (cache miss)
8203 http fetch GET 200 https://registry.npmjs.org/@tailwindcss/typography/-/typography-0.5.15.tgz 39154ms (cache miss)
8204 http fetch GET 200 https://registry.npmjs.org/@types/jasmine/-/jasmine-5.1.5.tgz 39159ms (cache miss)
8205 http fetch GET 200 https://registry.npmjs.org/lodash/-/lodash-4.17.21.tgz 39262ms (cache miss)
8206 http fetch GET 200 https://registry.npmjs.org/esbuild-wasm/-/esbuild-wasm-0.25.9.tgz 39510ms (cache miss)
8207 http fetch GET 200 https://registry.npmjs.org/@types/crypto-js/-/crypto-js-4.2.2.tgz 39500ms (cache miss)
8208 http fetch GET 200 https://registry.npmjs.org/node-gyp/-/node-gyp-11.5.0.tgz 39997ms (cache miss)
8209 http fetch GET 200 https://registry.npmjs.org/@types/highlight.js/-/highlight.js-10.1.0.tgz 39950ms (cache miss)
8210 warn deprecated @types/highlight.js@10.1.0: This is a stub types definition. highlight.js provides its own type definitions, so you do not need this installed.
8211 http fetch GET 200 https://registry.npmjs.org/highlight.js/-/highlight.js-11.11.1.tgz 40082ms (cache miss)
8212 http fetch GET 200 https://registry.npmjs.org/@angular/platform-browser-dynamic/-/platform-browser-dynamic-20.3.2.tgz 41345ms (cache miss)
8213 http fetch GET 200 https://registry.npmjs.org/@angular/material-luxon-adapter/-/material-luxon-adapter-20.2.5.tgz 41668ms (cache miss)
8214 http fetch GET 200 https://registry.npmjs.org/@ampproject/remapping/-/remapping-2.3.0.tgz 41745ms (cache miss)
8215 http fetch GET 200 https://registry.npmjs.org/@angular/platform-browser/-/platform-browser-20.3.2.tgz 42071ms (cache miss)
8216 http fetch GET 200 https://registry.npmjs.org/@primeuix/themes/-/themes-1.2.5.tgz 42189ms (cache miss)
8217 http fetch GET 200 https://registry.npmjs.org/@fontsource/ibm-plex-mono/-/ibm-plex-mono-5.2.7.tgz 42257ms (cache miss)
8218 http fetch GET 200 https://registry.npmjs.org/@jsverse/transloco/-/transloco-7.5.1.tgz 42623ms (cache miss)
8219 http fetch GET 200 https://registry.npmjs.org/apexcharts/-/apexcharts-4.3.0.tgz 42701ms (cache miss)
8220 http fetch GET 200 https://registry.npmjs.org/chroma-js/-/chroma-js-2.4.2.tgz 42737ms (cache miss)
8221 http fetch GET 200 https://registry.npmjs.org/@popperjs/core/-/core-2.11.8.tgz 43044ms (cache miss)
8222 http fetch GET 200 https://registry.npmjs.org/primeng/-/primeng-20.4.0.tgz 43391ms (cache miss)
8223 http fetch GET 200 https://registry.npmjs.org/@angular/animations/-/animations-20.3.2.tgz 43404ms (cache miss)
8224 http fetch GET 200 https://registry.npmjs.org/@angular/cli/-/cli-20.3.3.tgz 43407ms (cache miss)
8225 http fetch GET 200 https://registry.npmjs.org/emoji-regex/-/emoji-regex-10.6.0.tgz 43662ms (cache miss)
8226 http fetch GET 200 https://registry.npmjs.org/string-width/-/string-width-7.2.0.tgz 43914ms (cache miss)
8227 http fetch GET 200 https://registry.npmjs.org/wrap-ansi/-/wrap-ansi-9.0.2.tgz 43914ms (cache miss)
8228 http fetch GET 200 https://registry.npmjs.org/is-plain-object/-/is-plain-object-2.0.4.tgz 44110ms (cache miss)
8229 http fetch GET 200 https://registry.npmjs.org/picomatch/-/picomatch-2.3.1.tgz 44479ms (cache miss)
8230 http fetch GET 200 https://registry.npmjs.org/string_decoder/-/string_decoder-1.1.1.tgz 44507ms (cache miss)
8231 http fetch GET 200 https://registry.npmjs.org/safe-buffer/-/safe-buffer-5.1.2.tgz 44507ms (cache miss)
8232 http fetch GET 200 https://registry.npmjs.org/@angular/common/-/common-20.3.2.tgz 44533ms (cache miss)
8233 http fetch GET 200 https://registry.npmjs.org/material-icons/-/material-icons-1.13.14.tgz 44573ms (cache miss)
8234 http fetch GET 200 https://registry.npmjs.org/readable-stream/-/readable-stream-2.3.8.tgz 44579ms (cache miss)
8235 http fetch GET 200 https://registry.npmjs.org/@angular-devkit/build-angular/-/build-angular-20.3.3.tgz 44727ms (cache miss)
8236 http fetch GET 200 https://registry.npmjs.org/statuses/-/statuses-1.5.0.tgz 44751ms (cache miss)
8237 http fetch GET 200 https://registry.npmjs.org/punycode/-/punycode-2.3.1.tgz 44751ms (cache miss)
8238 http fetch GET 200 https://registry.npmjs.org/mime-types/-/mime-types-2.1.35.tgz 44806ms (cache miss)
8239 http fetch GET 200 https://registry.npmjs.org/depd/-/depd-1.1.2.tgz 44807ms (cache miss)
8240 http fetch GET 200 https://registry.npmjs.org/ms/-/ms-2.0.0.tgz 44928ms (cache miss)
8241 http fetch GET 200 https://registry.npmjs.org/http-errors/-/http-errors-1.8.1.tgz 44948ms (cache miss)
8242 http fetch GET 200 https://registry.npmjs.org/negotiator/-/negotiator-0.6.3.tgz 44968ms (cache miss)
8243 http fetch GET 200 https://registry.npmjs.org/accepts/-/accepts-1.3.8.tgz 44968ms (cache miss)
8244 http fetch GET 200 https://registry.npmjs.org/debug/-/debug-2.6.9.tgz 44972ms (cache miss)
8245 http fetch GET 200 https://registry.npmjs.org/debug/-/debug-2.6.9.tgz 45094ms (cache miss)
8246 http fetch GET 200 https://registry.npmjs.org/retry/-/retry-0.13.1.tgz 45211ms (cache miss)
8247 http fetch GET 200 https://registry.npmjs.org/ms/-/ms-2.0.0.tgz 45338ms (cache miss)
8248 http fetch GET 200 https://registry.npmjs.org/@types/send/-/send-0.17.6.tgz 45338ms (cache miss)
8249 http fetch GET 200 https://registry.npmjs.org/@jsonjoy.com/buffers/-/buffers-1.2.1.tgz 45405ms (cache miss)
8250 http fetch GET 200 https://registry.npmjs.org/negotiator/-/negotiator-0.6.4.tgz 45779ms (cache miss)
8251 http fetch GET 200 https://registry.npmjs.org/@jsonjoy.com/buffers/-/buffers-1.2.1.tgz 46121ms (cache miss)
8252 http fetch GET 200 https://registry.npmjs.org/supports-color/-/supports-color-8.1.1.tgz 46222ms (cache miss)
8253 http fetch GET 200 https://registry.npmjs.org/@jsonjoy.com/base64/-/base64-17.65.0.tgz 46240ms (cache miss)
8254 http fetch GET 200 https://registry.npmjs.org/@jsonjoy.com/json-pointer/-/json-pointer-17.65.0.tgz 46250ms (cache miss)
8255 http fetch GET 200 https://registry.npmjs.org/estraverse/-/estraverse-5.3.0.tgz 46311ms (cache miss)
8256 http fetch GET 200 https://registry.npmjs.org/mime-db/-/mime-db-1.52.0.tgz 46459ms (cache miss)
8257 http fetch GET 200 https://registry.npmjs.org/@angular/compiler-cli/-/compiler-cli-20.3.2.tgz 47025ms (cache miss)
8258 http fetch GET 200 https://registry.npmjs.org/@jsonjoy.com/codegen/-/codegen-17.65.0.tgz 47144ms (cache miss)
8259 http fetch GET 200 https://registry.npmjs.org/mime-db/-/mime-db-1.52.0.tgz 47173ms (cache miss)
8260 http fetch GET 200 https://registry.npmjs.org/@angular/cdk/-/cdk-20.2.5.tgz 47186ms (cache miss)
8261 http fetch GET 200 https://registry.npmjs.org/postcss-selector-parser/-/postcss-selector-parser-6.1.2.tgz 47257ms (cache miss)
8262 http fetch GET 200 https://registry.npmjs.org/mime-types/-/mime-types-2.1.35.tgz 47337ms (cache miss)
8263 http fetch GET 200 https://registry.npmjs.org/@jsonjoy.com/json-pack/-/json-pack-17.65.0.tgz 47361ms (cache miss)
8264 http fetch GET 200 https://registry.npmjs.org/negotiator/-/negotiator-0.6.3.tgz 47387ms (cache miss)
8265 http fetch GET 200 https://registry.npmjs.org/@jsonjoy.com/util/-/util-17.65.0.tgz 47423ms (cache miss)
8266 http fetch GET 200 https://registry.npmjs.org/loader-utils/-/loader-utils-2.0.4.tgz 47519ms (cache miss)
8267 http fetch GET 200 https://registry.npmjs.org/node-addon-api/-/node-addon-api-7.1.1.tgz 47537ms (cache miss)
8268 http fetch GET 200 https://registry.npmjs.org/yallist/-/yallist-4.0.0.tgz 47578ms (cache miss)
8269 http fetch GET 200 https://registry.npmjs.org/minimatch/-/minimatch-10.1.1.tgz 47583ms (cache miss)
8270 http fetch GET 200 https://registry.npmjs.org/minipass/-/minipass-3.3.6.tgz 47666ms (cache miss)
8271 http fetch GET 200 https://registry.npmjs.org/minipass/-/minipass-3.3.6.tgz 47721ms (cache miss)
8272 http fetch GET 200 https://registry.npmjs.org/yallist/-/yallist-4.0.0.tgz 47838ms (cache miss)
8273 http fetch GET 200 https://registry.npmjs.org/minipass/-/minipass-3.3.6.tgz 47838ms (cache miss)
8274 http fetch GET 200 https://registry.npmjs.org/isexe/-/isexe-3.1.1.tgz 47851ms (cache miss)
8275 http fetch GET 200 https://registry.npmjs.org/accepts/-/accepts-1.3.8.tgz 47853ms (cache miss)
8276 http fetch GET 200 https://registry.npmjs.org/yallist/-/yallist-5.0.0.tgz 47886ms (cache miss)
8277 http fetch GET 200 https://registry.npmjs.org/yallist/-/yallist-4.0.0.tgz 47901ms (cache miss)
8278 http fetch GET 200 https://registry.npmjs.org/zone.js/-/zone.js-0.15.0.tgz 48081ms (cache miss)
8279 http fetch GET 200 https://registry.npmjs.org/which/-/which-5.0.0.tgz 48067ms (cache miss)
8280 http fetch GET 200 https://registry.npmjs.org/lru-cache/-/lru-cache-10.4.3.tgz 48084ms (cache miss)
8281 http fetch GET 200 https://registry.npmjs.org/chownr/-/chownr-3.0.0.tgz 48115ms (cache miss)
8282 http fetch GET 200 https://registry.npmjs.org/yallist/-/yallist-4.0.0.tgz 48137ms (cache miss)
8283 http fetch GET 200 https://registry.npmjs.org/minizlib/-/minizlib-2.1.2.tgz 48290ms (cache miss)
8284 http fetch GET 200 https://registry.npmjs.org/iconv-lite/-/iconv-lite-0.6.3.tgz 48292ms (cache miss)
8285 http fetch GET 200 https://registry.npmjs.org/@angular/compiler/-/compiler-20.3.2.tgz 48412ms (cache miss)
8286 http fetch GET 200 https://registry.npmjs.org/minipass/-/minipass-5.0.0.tgz 48401ms (cache miss)
8287 http fetch GET 200 https://registry.npmjs.org/minipass/-/minipass-3.3.6.tgz 48439ms (cache miss)
8288 http fetch GET 200 https://registry.npmjs.org/npm-package-arg/-/npm-package-arg-12.0.2.tgz 48435ms (cache miss)
8289 http fetch GET 200 https://registry.npmjs.org/fs-minipass/-/fs-minipass-2.1.0.tgz 48452ms (cache miss)
8290 http fetch GET 200 https://registry.npmjs.org/mkdirp/-/mkdirp-1.0.4.tgz 48456ms (cache miss)
8291 http fetch GET 200 https://registry.npmjs.org/tar/-/tar-7.5.6.tgz 48550ms (cache miss)
8292 http fetch GET 200 https://registry.npmjs.org/lru-cache/-/lru-cache-10.4.3.tgz 48572ms (cache miss)
8293 http fetch GET 200 https://registry.npmjs.org/hosted-git-info/-/hosted-git-info-8.1.0.tgz 48601ms (cache miss)
8294 http fetch GET 200 https://registry.npmjs.org/npm-package-arg/-/npm-package-arg-12.0.2.tgz 48897ms (cache miss)
8295 http fetch GET 200 https://registry.npmjs.org/proc-log/-/proc-log-6.1.0.tgz 48898ms (cache miss)
8296 http fetch GET 200 https://registry.npmjs.org/minipass/-/minipass-3.3.6.tgz 48923ms (cache miss)
8297 http fetch GET 200 https://registry.npmjs.org/yallist/-/yallist-5.0.0.tgz 48923ms (cache miss)
8298 http fetch GET 200 https://registry.npmjs.org/chownr/-/chownr-3.0.0.tgz 48928ms (cache miss)
8299 http fetch GET 200 https://registry.npmjs.org/lru-cache/-/lru-cache-10.4.3.tgz 48996ms (cache miss)
8300 http fetch GET 200 https://registry.npmjs.org/isexe/-/isexe-3.1.1.tgz 49095ms (cache miss)
8301 http fetch GET 200 https://registry.npmjs.org/hosted-git-info/-/hosted-git-info-8.1.0.tgz 49094ms (cache miss)
8302 http fetch GET 200 https://registry.npmjs.org/which/-/which-5.0.0.tgz 49295ms (cache miss)
8303 http fetch GET 200 https://registry.npmjs.org/isexe/-/isexe-3.1.1.tgz 49295ms (cache miss)
8304 http fetch GET 200 https://registry.npmjs.org/hosted-git-info/-/hosted-git-info-8.1.0.tgz 49299ms (cache miss)
8305 http fetch GET 200 https://registry.npmjs.org/which/-/which-5.0.0.tgz 49385ms (cache miss)
8306 http fetch GET 200 https://registry.npmjs.org/isexe/-/isexe-3.1.1.tgz 49413ms (cache miss)
8307 http fetch GET 200 https://registry.npmjs.org/@schematics/angular/-/angular-20.3.3.tgz 49570ms (cache miss)
8308 http fetch GET 200 https://registry.npmjs.org/lru-cache/-/lru-cache-10.4.3.tgz 49508ms (cache miss)
8309 http fetch GET 200 https://registry.npmjs.org/lru-cache/-/lru-cache-10.4.3.tgz 49661ms (cache miss)
8310 http fetch GET 200 https://registry.npmjs.org/jsonfile/-/jsonfile-4.0.0.tgz 49768ms (cache miss)
8311 http fetch GET 200 https://registry.npmjs.org/is-unicode-supported/-/is-unicode-supported-1.3.0.tgz 49780ms (cache miss)
8312 http fetch GET 200 https://registry.npmjs.org/emoji-regex/-/emoji-regex-10.6.0.tgz 49823ms (cache miss)
8313 http fetch GET 200 https://registry.npmjs.org/universalify/-/universalify-0.1.2.tgz 49928ms (cache miss)
8314 http fetch GET 200 https://registry.npmjs.org/lru-cache/-/lru-cache-10.4.3.tgz 49932ms (cache miss)
8315 http fetch GET 200 https://registry.npmjs.org/fs-extra/-/fs-extra-8.1.0.tgz 49932ms (cache miss)
8316 http fetch GET 200 https://registry.npmjs.org/string-width/-/string-width-7.2.0.tgz 49958ms (cache miss)
8317 http fetch GET 200 https://registry.npmjs.org/which/-/which-5.0.0.tgz 49958ms (cache miss)
8318 http fetch GET 200 https://registry.npmjs.org/@angular/router/-/router-20.3.2.tgz 50228ms (cache miss)
8319 http fetch GET 200 https://registry.npmjs.org/slice-ansi/-/slice-ansi-7.1.2.tgz 50223ms (cache miss)
8320 http fetch GET 200 https://registry.npmjs.org/is-fullwidth-code-point/-/is-fullwidth-code-point-5.1.0.tgz 50229ms (cache miss)
8321 http fetch GET 200 https://registry.npmjs.org/lru-cache/-/lru-cache-11.2.5.tgz 50231ms (cache miss)
8322 http fetch GET 200 https://registry.npmjs.org/emoji-regex/-/emoji-regex-10.6.0.tgz 50227ms (cache miss)
8323 http fetch GET 200 https://registry.npmjs.org/string-width/-/string-width-7.2.0.tgz 50312ms (cache miss)
8324 http fetch GET 200 https://registry.npmjs.org/wrap-ansi/-/wrap-ansi-9.0.2.tgz 50340ms (cache miss)
8325 http fetch GET 200 https://registry.npmjs.org/brace-expansion/-/brace-expansion-1.1.12.tgz 50349ms (cache miss)
8326 http fetch GET 200 https://registry.npmjs.org/mime-db/-/mime-db-1.52.0.tgz 50349ms (cache miss)
8327 http fetch GET 200 https://registry.npmjs.org/mime-types/-/mime-types-2.1.35.tgz 50470ms (cache miss)
8328 http fetch GET 200 https://registry.npmjs.org/accepts/-/accepts-1.3.8.tgz 50507ms (cache miss)
8329 http fetch GET 200 https://registry.npmjs.org/negotiator/-/negotiator-0.6.3.tgz 50559ms (cache miss)
8330 http fetch GET 200 https://registry.npmjs.org/source-map/-/source-map-0.6.1.tgz 50561ms (cache miss)
8331 http fetch GET 200 https://registry.npmjs.org/glob/-/glob-7.2.3.tgz 50558ms (cache miss)
8332 warn deprecated glob@7.2.3: Glob versions prior to v9 are no longer supported
8333 http fetch GET 200 https://registry.npmjs.org/iconv-lite/-/iconv-lite-0.6.3.tgz 50566ms (cache miss)
8334 http fetch GET 200 https://registry.npmjs.org/on-finished/-/on-finished-2.3.0.tgz 50668ms (cache miss)
8335 http fetch GET 200 https://registry.npmjs.org/statuses/-/statuses-1.5.0.tgz 50701ms (cache miss)
8336 http fetch GET 200 https://registry.npmjs.org/ms/-/ms-2.0.0.tgz 50760ms (cache miss)
8337 http fetch GET 200 https://registry.npmjs.org/encodeurl/-/encodeurl-1.0.2.tgz 50780ms (cache miss)
8338 http fetch GET 200 https://registry.npmjs.org/debug/-/debug-2.6.9.tgz 50961ms (cache miss)
8339 http fetch GET 200 https://registry.npmjs.org/emoji-regex/-/emoji-regex-8.0.0.tgz 51004ms (cache miss)
8340 http fetch GET 200 https://registry.npmjs.org/finalhandler/-/finalhandler-1.1.2.tgz 51091ms (cache miss)
8341 http fetch GET 200 https://registry.npmjs.org/ansi-regex/-/ansi-regex-5.0.1.tgz 51091ms (cache miss)
8342 http fetch GET 200 https://registry.npmjs.org/is-fullwidth-code-point/-/is-fullwidth-code-point-3.0.0.tgz 51091ms (cache miss)
8343 http fetch GET 200 https://registry.npmjs.org/minimatch/-/minimatch-3.1.2.tgz 51093ms (cache miss)
8344 http fetch GET 200 https://registry.npmjs.org/ansi-styles/-/ansi-styles-4.3.0.tgz 51091ms (cache miss)
8345 http fetch GET 200 https://registry.npmjs.org/string-width/-/string-width-4.2.3.tgz 51132ms (cache miss)
8346 http fetch GET 200 https://registry.npmjs.org/ansi-regex/-/ansi-regex-5.0.1.tgz 51203ms (cache miss)
8347 http fetch GET 200 https://registry.npmjs.org/strip-ansi/-/strip-ansi-6.0.1.tgz 51335ms (cache miss)
8348 http fetch GET 200 https://registry.npmjs.org/ansi-regex/-/ansi-regex-5.0.1.tgz 51342ms (cache miss)
8349 http fetch GET 200 https://registry.npmjs.org/strip-ansi/-/strip-ansi-6.0.1.tgz 51379ms (cache miss)
8350 http fetch GET 200 https://registry.npmjs.org/is-fullwidth-code-point/-/is-fullwidth-code-point-3.0.0.tgz 51449ms (cache miss)
8351 http fetch GET 200 https://registry.npmjs.org/picomatch/-/picomatch-2.3.1.tgz 51507ms (cache miss)
8352 http fetch GET 200 https://registry.npmjs.org/wrap-ansi/-/wrap-ansi-8.1.0.tgz 51512ms (cache miss)
8353 http fetch GET 200 https://registry.npmjs.org/ajv-formats/-/ajv-formats-2.1.1.tgz 51597ms (cache miss)
8354 http fetch GET 200 https://registry.npmjs.org/emoji-regex/-/emoji-regex-8.0.0.tgz 51599ms (cache miss)
8355 http fetch GET 200 https://registry.npmjs.org/entities/-/entities-7.0.1.tgz 51844ms (cache miss)
8356 http fetch GET 200 https://registry.npmjs.org/postcss-selector-parser/-/postcss-selector-parser-7.1.1.tgz 51885ms (cache miss)
8357 http fetch GET 200 https://registry.npmjs.org/json-parse-even-better-errors/-/json-parse-even-better-errors-2.3.1.tgz 52011ms (cache miss)
8358 http fetch GET 200 https://registry.npmjs.org/resolve/-/resolve-1.22.11.tgz 52058ms (cache miss)
8359 http fetch GET 200 https://registry.npmjs.org/@angular/core/-/core-20.3.2.tgz 52130ms (cache miss)
8360 http fetch GET 200 https://registry.npmjs.org/ansi-regex/-/ansi-regex-5.0.1.tgz 52106ms (cache miss)
8361 http fetch GET 200 https://registry.npmjs.org/emoji-regex/-/emoji-regex-8.0.0.tgz 52226ms (cache miss)
8362 http fetch GET 200 https://registry.npmjs.org/strip-ansi/-/strip-ansi-6.0.1.tgz 52226ms (cache miss)
8363 http fetch GET 200 https://registry.npmjs.org/is-fullwidth-code-point/-/is-fullwidth-code-point-3.0.0.tgz 52225ms (cache miss)
8364 http fetch GET 200 https://registry.npmjs.org/postcss-selector-parser/-/postcss-selector-parser-7.1.1.tgz 52261ms (cache miss)
8365 http fetch GET 200 https://registry.npmjs.org/wrap-ansi/-/wrap-ansi-7.0.0.tgz 52296ms (cache miss)
8366 http fetch GET 200 https://registry.npmjs.org/cliui/-/cliui-8.0.1.tgz 52579ms (cache miss)
8367 http fetch GET 200 https://registry.npmjs.org/is-fullwidth-code-point/-/is-fullwidth-code-point-3.0.0.tgz 53062ms (cache miss)
8368 http fetch GET 200 https://registry.npmjs.org/string-width/-/string-width-4.2.3.tgz 53062ms (cache miss)
8369 http fetch GET 200 https://registry.npmjs.org/yargs-parser/-/yargs-parser-21.1.1.tgz 53063ms (cache miss)
8370 http fetch GET 200 https://registry.npmjs.org/minimatch/-/minimatch-5.1.6.tgz 53340ms (cache miss)
8371 http fetch GET 200 https://registry.npmjs.org/lru-cache/-/lru-cache-10.4.3.tgz 53375ms (cache miss)
8372 http fetch GET 200 https://registry.npmjs.org/ansi-regex/-/ansi-regex-5.0.1.tgz 53405ms (cache miss)
8373 http fetch GET 200 https://registry.npmjs.org/strip-ansi/-/strip-ansi-6.0.1.tgz 53406ms (cache miss)
8374 http fetch GET 200 https://registry.npmjs.org/glob/-/glob-8.1.0.tgz 53407ms (cache miss)
8375 warn deprecated glob@8.1.0: Glob versions prior to v9 are no longer supported
8376 http fetch GET 200 https://registry.npmjs.org/emoji-regex/-/emoji-regex-8.0.0.tgz 53411ms (cache miss)
8377 http fetch GET 200 https://registry.npmjs.org/ansi-styles/-/ansi-styles-4.3.0.tgz 53414ms (cache miss)
8378 http fetch GET 200 https://registry.npmjs.org/yargs/-/yargs-17.7.2.tgz 53420ms (cache miss)
8379 http fetch GET 200 https://registry.npmjs.org/semver/-/semver-6.3.1.tgz 53460ms (cache miss)
8380 http fetch GET 200 https://registry.npmjs.org/string-width/-/string-width-4.2.3.tgz 53479ms (cache miss)
8381 http fetch GET 200 https://registry.npmjs.org/semver/-/semver-6.3.1.tgz 53483ms (cache miss)
8382 http fetch GET 200 https://registry.npmjs.org/semver/-/semver-6.3.1.tgz 53508ms (cache miss)
8383 http fetch GET 200 https://registry.npmjs.org/semver/-/semver-6.3.1.tgz 53540ms (cache miss)
8384 http fetch GET 200 https://registry.npmjs.org/chalk/-/chalk-4.1.2.tgz 53657ms (cache miss)
8385 http fetch GET 200 https://registry.npmjs.org/ansi-styles/-/ansi-styles-4.3.0.tgz 53663ms (cache miss)
8386 http fetch GET 200 https://registry.npmjs.org/string-width/-/string-width-7.2.0.tgz 53675ms (cache miss)
8387 http fetch GET 200 https://registry.npmjs.org/npm-package-arg/-/npm-package-arg-12.0.2.tgz 53696ms (cache miss)
8388 http fetch GET 200 https://registry.npmjs.org/hosted-git-info/-/hosted-git-info-8.1.0.tgz 53780ms (cache miss)
8389 http fetch GET 200 https://registry.npmjs.org/emoji-regex/-/emoji-regex-10.6.0.tgz 53879ms (cache miss)
8390 http fetch GET 200 https://registry.npmjs.org/@babel/generator/-/generator-7.28.6.tgz 53891ms (cache miss)
8391 http fetch GET 200 https://registry.npmjs.org/json-schema-traverse/-/json-schema-traverse-0.4.1.tgz 53982ms (cache miss)
8392 http fetch GET 200 https://registry.npmjs.org/postcss/-/postcss-8.5.6.tgz 54113ms (cache miss)
8393 http fetch GET 200 https://registry.npmjs.org/tinyglobby/-/tinyglobby-0.2.15.tgz 54175ms (cache miss)
8394 http fetch GET 200 https://registry.npmjs.org/entities/-/entities-6.0.1.tgz 54179ms (cache miss)
8395 http fetch GET 200 https://registry.npmjs.org/emoji-regex/-/emoji-regex-10.6.0.tgz 54241ms (cache miss)
8396 http fetch GET 200 https://registry.npmjs.org/string-width/-/string-width-7.2.0.tgz 54251ms (cache miss)
8397 http fetch GET 200 https://registry.npmjs.org/eventemitter3/-/eventemitter3-5.0.4.tgz 54356ms (cache miss)
8398 http fetch GET 200 https://registry.npmjs.org/media-typer/-/media-typer-0.3.0.tgz 54462ms (cache miss)
8399 http fetch GET 200 https://registry.npmjs.org/ajv/-/ajv-6.12.6.tgz 54493ms (cache miss)
8400 http fetch GET 200 https://registry.npmjs.org/tar/-/tar-7.5.6.tgz 54529ms (cache miss)
8401 http fetch GET 200 https://registry.npmjs.org/raw-body/-/raw-body-2.5.3.tgz 54642ms (cache miss)
8402 http fetch GET 200 https://registry.npmjs.org/lru-cache/-/lru-cache-10.4.3.tgz 54692ms (cache miss)
8403 http fetch GET 200 https://registry.npmjs.org/entities/-/entities-6.0.1.tgz 54751ms (cache miss)
8404 http fetch GET 200 https://registry.npmjs.org/rxjs/-/rxjs-7.8.2.tgz 54992ms (cache miss)
8405 http fetch GET 200 https://registry.npmjs.org/iconv-lite/-/iconv-lite-0.4.24.tgz 55143ms (cache miss)
8406 http fetch GET 200 https://registry.npmjs.org/negotiator/-/negotiator-0.6.3.tgz 55143ms (cache miss)
8407 http fetch GET 200 https://registry.npmjs.org/type-is/-/type-is-1.6.18.tgz 55177ms (cache miss)
8408 http fetch GET 200 https://registry.npmjs.org/mime-db/-/mime-db-1.52.0.tgz 55181ms (cache miss)
8409 http fetch GET 200 https://registry.npmjs.org/mime-types/-/mime-types-2.1.35.tgz 55186ms (cache miss)
8410 http fetch GET 200 https://registry.npmjs.org/send/-/send-0.19.2.tgz 55196ms (cache miss)
8411 http fetch GET 200 https://registry.npmjs.org/merge-descriptors/-/merge-descriptors-1.0.3.tgz 55276ms (cache miss)
8412 http fetch GET 200 https://registry.npmjs.org/fresh/-/fresh-0.5.2.tgz 55367ms (cache miss)
8413 http fetch GET 200 https://registry.npmjs.org/serve-static/-/serve-static-1.16.3.tgz 55367ms (cache miss)
8414 http fetch GET 200 https://registry.npmjs.org/debug/-/debug-2.6.9.tgz 55493ms (cache miss)
8415 http fetch GET 200 https://registry.npmjs.org/finalhandler/-/finalhandler-1.3.2.tgz 55594ms (cache miss)
8416 http fetch GET 200 https://registry.npmjs.org/ms/-/ms-2.0.0.tgz 55595ms (cache miss)
8417 http fetch GET 200 https://registry.npmjs.org/picomatch/-/picomatch-2.3.1.tgz 55599ms (cache miss)
8418 http fetch GET 200 https://registry.npmjs.org/mime/-/mime-1.6.0.tgz 55600ms (cache miss)
8419 http fetch GET 200 https://registry.npmjs.org/path-to-regexp/-/path-to-regexp-0.1.12.tgz 55712ms (cache miss)
8420 http fetch GET 200 https://registry.npmjs.org/wrap-ansi/-/wrap-ansi-9.0.2.tgz 55736ms (cache miss)
8421 http fetch GET 200 https://registry.npmjs.org/body-parser/-/body-parser-1.20.4.tgz 55748ms (cache miss)
8422 http fetch GET 200 https://registry.npmjs.org/readdirp/-/readdirp-3.6.0.tgz 55760ms (cache miss)
8423 http fetch GET 200 https://registry.npmjs.org/content-disposition/-/content-disposition-0.5.4.tgz 55764ms (cache miss)
8424 http fetch GET 200 https://registry.npmjs.org/glob-parent/-/glob-parent-5.1.2.tgz 55765ms (cache miss)
8425 http fetch GET 200 https://registry.npmjs.org/cookie-signature/-/cookie-signature-1.0.7.tgz 55785ms (cache miss)
8426 http fetch GET 200 https://registry.npmjs.org/accepts/-/accepts-1.3.8.tgz 55876ms (cache miss)
8427 http fetch GET 200 https://registry.npmjs.org/mime-db/-/mime-db-1.52.0.tgz 55913ms (cache miss)
8428 http fetch GET 200 https://registry.npmjs.org/chokidar/-/chokidar-3.6.0.tgz 55913ms (cache miss)
8429 http fetch GET 200 https://registry.npmjs.org/http-proxy-middleware/-/http-proxy-middleware-2.0.9.tgz 55919ms (cache miss)
8430 http fetch GET 200 https://registry.npmjs.org/express/-/express-4.22.1.tgz 55941ms (cache miss)
8431 http fetch GET 200 https://registry.npmjs.org/ipaddr.js/-/ipaddr.js-2.3.0.tgz 55947ms (cache miss)
8432 http fetch GET 200 https://registry.npmjs.org/mime-db/-/mime-db-1.52.0.tgz 56187ms (cache miss)
8433 http fetch GET 200 https://registry.npmjs.org/json-parse-even-better-errors/-/json-parse-even-better-errors-2.3.1.tgz 56204ms (cache miss)
8434 http fetch GET 200 https://registry.npmjs.org/commander/-/commander-2.20.3.tgz 56259ms (cache miss)
8435 http fetch GET 200 https://registry.npmjs.org/mime-types/-/mime-types-2.1.35.tgz 56266ms (cache miss)
8436 http fetch GET 200 https://registry.npmjs.org/@angular/material/-/material-20.2.5.tgz 56327ms (cache miss)
8437 http fetch GET 200 https://registry.npmjs.org/semver/-/semver-5.7.2.tgz 56323ms (cache miss)
8438 http fetch GET 200 https://registry.npmjs.org/mime-types/-/mime-types-2.1.35.tgz 56329ms (cache miss)
8439 http fetch GET 200 https://registry.npmjs.org/emoji-regex/-/emoji-regex-10.6.0.tgz 56335ms (cache miss)
8440 http fetch GET 200 https://registry.npmjs.org/string-width/-/string-width-7.2.0.tgz 56338ms (cache miss)
8441 http fetch GET 200 https://registry.npmjs.org/cosmiconfig/-/cosmiconfig-9.0.0.tgz 56338ms (cache miss)
8442 http fetch GET 200 https://registry.npmjs.org/iconv-lite/-/iconv-lite-0.6.3.tgz 56365ms (cache miss)
8443 http fetch GET 200 https://registry.npmjs.org/pify/-/pify-4.0.1.tgz 56455ms (cache miss)
8444 http fetch GET 200 https://registry.npmjs.org/make-dir/-/make-dir-2.1.0.tgz 56485ms (cache miss)
8445 http fetch GET 200 https://registry.npmjs.org/source-map/-/source-map-0.6.1.tgz 56603ms (cache miss)
8446 http fetch GET 200 https://registry.npmjs.org/loader-utils/-/loader-utils-2.0.4.tgz 56662ms (cache miss)
8447 http fetch GET 200 https://registry.npmjs.org/glob-parent/-/glob-parent-5.1.2.tgz 56710ms (cache miss)
8448 http fetch GET 200 https://registry.npmjs.org/mime/-/mime-1.6.0.tgz 56730ms (cache miss)
8449 http fetch GET 200 https://registry.npmjs.org/semver/-/semver-6.3.1.tgz 56740ms (cache miss)
8450 http fetch GET 200 https://registry.npmjs.org/semver/-/semver-6.3.1.tgz 56864ms (cache miss)
8451 http fetch GET 200 https://registry.npmjs.org/convert-source-map/-/convert-source-map-2.0.0.tgz 56912ms (cache miss)
8452 http fetch GET 200 https://registry.npmjs.org/source-map/-/source-map-0.6.1.tgz 56960ms (cache miss)
8453 http fetch GET 200 https://registry.npmjs.org/eventemitter3/-/eventemitter3-5.0.4.tgz 57015ms (cache miss)
8454 http fetch GET 200 https://registry.npmjs.org/picomatch/-/picomatch-2.3.1.tgz 57114ms (cache miss)
8455 http fetch GET 200 https://registry.npmjs.org/source-map/-/source-map-0.6.1.tgz 57117ms (cache miss)
8456 http fetch GET 200 https://registry.npmjs.org/semver/-/semver-6.3.1.tgz 57240ms (cache miss)
8457 http fetch GET 200 https://registry.npmjs.org/postcss-selector-parser/-/postcss-selector-parser-6.1.2.tgz 57272ms (cache miss)
8458 http fetch GET 200 https://registry.npmjs.org/readdirp/-/readdirp-3.6.0.tgz 57321ms (cache miss)
8459 http fetch GET 200 https://registry.npmjs.org/brace-expansion/-/brace-expansion-1.1.12.tgz 57324ms (cache miss)
8460 http fetch GET 200 https://registry.npmjs.org/glob-parent/-/glob-parent-5.1.2.tgz 57357ms (cache miss)
8461 http fetch GET 200 https://registry.npmjs.org/rxjs/-/rxjs-7.8.2.tgz 57410ms (cache miss)
8462 http fetch GET 200 https://registry.npmjs.org/jasmine-core/-/jasmine-core-4.6.1.tgz 57422ms (cache miss)
8463 http fetch GET 200 https://registry.npmjs.org/istanbul-lib-instrument/-/istanbul-lib-instrument-5.2.1.tgz 57522ms (cache miss)
8464 http fetch GET 200 https://registry.npmjs.org/semver/-/semver-6.3.1.tgz 57535ms (cache miss)
8465 http fetch GET 200 https://registry.npmjs.org/rxjs/-/rxjs-7.8.2.tgz 57542ms (cache miss)
8466 http fetch GET 200 https://registry.npmjs.org/emoji-regex/-/emoji-regex-8.0.0.tgz 57623ms (cache miss)
8467 http fetch GET 200 https://registry.npmjs.org/ansi-styles/-/ansi-styles-4.3.0.tgz 57704ms (cache miss)
8468 http fetch GET 200 https://registry.npmjs.org/chokidar/-/chokidar-3.6.0.tgz 57799ms (cache miss)
8469 http fetch GET 200 https://registry.npmjs.org/strip-ansi/-/strip-ansi-6.0.1.tgz 57836ms (cache miss)
8470 http fetch GET 200 https://registry.npmjs.org/which/-/which-1.3.1.tgz 57836ms (cache miss)
8471 http fetch GET 200 https://registry.npmjs.org/wrap-ansi/-/wrap-ansi-7.0.0.tgz 57969ms (cache miss)
8472 http fetch GET 200 https://registry.npmjs.org/minimatch/-/minimatch-3.1.2.tgz 57976ms (cache miss)
8473 http fetch GET 200 https://registry.npmjs.org/string-width/-/string-width-4.2.3.tgz 57982ms (cache miss)
8474 http fetch GET 200 https://registry.npmjs.org/is-fullwidth-code-point/-/is-fullwidth-code-point-3.0.0.tgz 58119ms (cache miss)
8475 http fetch GET 200 https://registry.npmjs.org/yargs-parser/-/yargs-parser-20.2.9.tgz 58283ms (cache miss)
8476 http fetch GET 200 https://registry.npmjs.org/ansi-regex/-/ansi-regex-5.0.1.tgz 58283ms (cache miss)
8477 http fetch GET 200 https://registry.npmjs.org/mime-types/-/mime-types-2.1.35.tgz 58285ms (cache miss)
8478 http fetch GET 200 https://registry.npmjs.org/mime-db/-/mime-db-1.52.0.tgz 58285ms (cache miss)
8479 http fetch GET 200 https://registry.npmjs.org/picomatch/-/picomatch-2.3.1.tgz 58343ms (cache miss)
8480 http fetch GET 200 https://registry.npmjs.org/media-typer/-/media-typer-0.3.0.tgz 58484ms (cache miss)
8481 http fetch GET 200 https://registry.npmjs.org/readdirp/-/readdirp-3.6.0.tgz 58590ms (cache miss)
8482 http fetch GET 200 https://registry.npmjs.org/cliui/-/cliui-7.0.4.tgz 58639ms (cache miss)
8483 http fetch GET 200 https://registry.npmjs.org/ms/-/ms-2.0.0.tgz 58761ms (cache miss)
8484 http fetch GET 200 https://registry.npmjs.org/brace-expansion/-/brace-expansion-1.1.12.tgz 58776ms (cache miss)
8485 http fetch GET 200 https://registry.npmjs.org/type-is/-/type-is-1.6.18.tgz 58825ms (cache miss)
8486 http fetch GET 200 https://registry.npmjs.org/ansi-regex/-/ansi-regex-5.0.1.tgz 59813ms (cache miss)
8487 http fetch GET 200 https://registry.npmjs.org/raw-body/-/raw-body-2.5.3.tgz 59879ms (cache miss)
8488 http fetch GET 200 https://registry.npmjs.org/body-parser/-/body-parser-1.20.4.tgz 59907ms (cache miss)
8489 http fetch GET 200 https://registry.npmjs.org/onetime/-/onetime-5.1.2.tgz 59907ms (cache miss)
8490 http fetch GET 200 https://registry.npmjs.org/glob/-/glob-7.2.3.tgz 60024ms (cache miss)
8491 warn deprecated glob@7.2.3: Glob versions prior to v9 are no longer supported
8492 http fetch GET 200 https://registry.npmjs.org/debug/-/debug-2.6.9.tgz 60025ms (cache miss)
8493 http fetch GET 200 https://registry.npmjs.org/ansi-styles/-/ansi-styles-4.3.0.tgz 60113ms (cache miss)
8494 http fetch GET 200 https://registry.npmjs.org/iconv-lite/-/iconv-lite-0.4.24.tgz 60218ms (cache miss)
8495 http fetch GET 200 https://registry.npmjs.org/glob-parent/-/glob-parent-5.1.2.tgz 60257ms (cache miss)
8496 http fetch GET 200 https://registry.npmjs.org/yargs/-/yargs-16.2.0.tgz 60382ms (cache miss)
8497 http fetch GET 200 https://registry.npmjs.org/strip-ansi/-/strip-ansi-6.0.1.tgz 60384ms (cache miss)
8498 http fetch GET 200 https://registry.npmjs.org/restore-cursor/-/restore-cursor-3.1.0.tgz 60427ms (cache miss)
8499 http fetch GET 200 https://registry.npmjs.org/source-map/-/source-map-0.6.1.tgz 60604ms (cache miss)
8500 http fetch GET 200 https://registry.npmjs.org/signal-exit/-/signal-exit-3.0.7.tgz 60601ms (cache miss)
8501 http fetch GET 200 https://registry.npmjs.org/is-interactive/-/is-interactive-1.0.0.tgz 60623ms (cache miss)
8502 http fetch GET 200 https://registry.npmjs.org/postcss/-/postcss-8.5.6.tgz 60730ms (cache miss)
8503 http fetch GET 200 https://registry.npmjs.org/is-unicode-supported/-/is-unicode-supported-0.1.0.tgz 60743ms (cache miss)
8504 http fetch GET 200 https://registry.npmjs.org/rxjs/-/rxjs-7.8.2.tgz 60819ms (cache miss)
8505 http fetch GET 200 https://registry.npmjs.org/chalk/-/chalk-4.1.2.tgz 60847ms (cache miss)
8506 http fetch GET 200 https://registry.npmjs.org/cli-cursor/-/cli-cursor-3.1.0.tgz 60848ms (cache miss)
8507 http fetch GET 200 https://registry.npmjs.org/minimatch/-/minimatch-3.1.2.tgz 61062ms (cache miss)
8508 http fetch GET 200 https://registry.npmjs.org/chokidar/-/chokidar-3.6.0.tgz 61335ms (cache miss)
8509 http fetch GET 200 https://registry.npmjs.org/lodash 61275ms (cache miss)
8510 silly packumentCache corgi:https://registry.npmjs.org/lodash set size:undefined disposed:false
8511 http fetch GET 200 https://registry.npmjs.org/lodash-es 61619ms (cache miss)
8512 silly packumentCache corgi:https://registry.npmjs.org/lodash-es set size:undefined disposed:false
8513 http fetch GET 200 https://registry.npmjs.org/ora/-/ora-5.4.1.tgz 61855ms (cache miss)
8514 http fetch GET 200 https://registry.npmjs.org/@angular%2fcore 61717ms (cache miss)
8515 silly packumentCache corgi:https://registry.npmjs.org/@angular%2fcore set size:undefined disposed:false
8516 http fetch GET 200 https://registry.npmjs.org/rxjs/-/rxjs-7.8.2.tgz 61952ms (cache miss)
8517 http fetch GET 200 https://registry.npmjs.org/@angular/forms/-/forms-20.3.2.tgz 62028ms (cache miss)
8518 http fetch GET 200 https://registry.npmjs.org/@modelcontextprotocol%2fsdk 61787ms (cache miss)
8519 silly packumentCache corgi:https://registry.npmjs.org/@modelcontextprotocol%2fsdk set size:undefined disposed:false
8520 http fetch GET 200 https://registry.npmjs.org/log-symbols/-/log-symbols-4.1.0.tgz 62476ms (cache miss)
8521 http fetch GET 200 https://registry.npmjs.org/autoprefixer/-/autoprefixer-10.4.21.tgz 62543ms (cache miss)
8522 info run @parcel/watcher@2.5.6 install node_modules/@parcel/watcher node scripts/build-from-source.js
8523 info run fsevents@2.3.3 install node_modules/fsevents node-gyp rebuild
8524 info run lmdb@3.4.2 install node_modules/lmdb node-gyp-build-optional-packages
8525 info run msgpackr-extract@3.0.3 install node_modules/msgpackr-extract node-gyp-build-optional-packages
8526 http fetch GET 200 https://registry.npmjs.org/quill 62403ms (cache miss)
8527 silly packumentCache corgi:https://registry.npmjs.org/quill set size:undefined disposed:false
8528 http fetch GET 200 https://registry.npmjs.org/vite 62405ms (cache miss)
8529 silly packumentCache corgi:https://registry.npmjs.org/vite set size:undefined disposed:false
8530 info run @parcel/watcher@2.5.6 install { code: 0, signal: null }
8531 http fetch GET 200 https://registry.npmjs.org/@angular%2fcompiler 62793ms (cache miss)
8532 silly packumentCache corgi:https://registry.npmjs.org/@angular%2fcompiler set size:undefined disposed:false
8533 http fetch GET 200 https://registry.npmjs.org/tar 63184ms (cache miss)
8534 silly packumentCache corgi:https://registry.npmjs.org/tar set size:undefined disposed:false
8535 http fetch GET 200 https://registry.npmjs.org/@angular%2fcommon 64044ms (cache miss)
8536 silly packumentCache corgi:https://registry.npmjs.org/@angular%2fcommon set size:undefined disposed:false
8537 silly packumentCache corgi:https://registry.npmjs.org/karma cache-miss
8538 http fetch GET 200 https://registry.npmjs.org/karma 760ms (cache miss)
8539 silly packumentCache corgi:https://registry.npmjs.org/karma set size:undefined disposed:false
8540 silly packumentCache corgi:https://registry.npmjs.org/@angular%2fbuild cache-miss
8541 http fetch GET 200 https://registry.npmjs.org/@angular%2fbuild 648ms (cache miss)
8542 silly packumentCache corgi:https://registry.npmjs.org/@angular%2fbuild set size:undefined disposed:false
8543 silly packumentCache corgi:https://registry.npmjs.org/@angular%2fcli cache-miss
8544 info run fsevents@2.3.3 install { code: 1, signal: null }
8545 verbose reify failed optional dependency /Users/jeph/Desktop/systems/swahili/business-card/business-card-front/node_modules/fsevents
8546 silly reify mark deleted [
8546 silly reify   '/Users/jeph/Desktop/systems/swahili/business-card/business-card-front/node_modules/fsevents'
8546 silly reify ]
8547 http fetch GET 200 https://registry.npmjs.org/@angular%2fcli 1514ms (cache miss)
8548 silly packumentCache corgi:https://registry.npmjs.org/@angular%2fcli set size:undefined disposed:false
8549 info run lmdb@3.4.2 install { code: 0, signal: null }
8550 silly packumentCache corgi:https://registry.npmjs.org/pacote cache-miss
8551 info run msgpackr-extract@3.0.3 install { code: 0, signal: null }
8552 info run esbuild@0.25.9 postinstall node_modules/esbuild node install.js
8553 info run esbuild@0.25.9 postinstall { code: 0, signal: null }
8554 http fetch GET 200 https://registry.npmjs.org/pacote 3820ms (cache miss)
8555 silly packumentCache corgi:https://registry.npmjs.org/pacote set size:undefined disposed:false
8556 silly packumentCache corgi:https://registry.npmjs.org/@angular-devkit%2fbuild-angular cache-miss
8557 http fetch GET 200 https://registry.npmjs.org/@angular-devkit%2fbuild-angular 1032ms (cache miss)
8558 silly packumentCache corgi:https://registry.npmjs.org/@angular-devkit%2fbuild-angular set size:undefined disposed:false
8559 silly ADD node_modules/is-plain-obj
8560 silly ADD node_modules/methods
8561 silly ADD node_modules/array-flatten
8562 silly ADD node_modules/require-directory
8563 silly ADD node_modules/path-is-absolute
8564 silly ADD node_modules/inflight
8565 silly ADD node_modules/fs.realpath
8566 silly ADD node_modules/binary-extensions
8567 silly ADD node_modules/is-binary-path
8568 silly ADD node_modules/anymatch
8569 silly ADD node_modules/anymatch/node_modules/picomatch
8570 silly ADD node_modules/destroy
8571 silly ADD node_modules/concat-map
8572 silly ADD node_modules/@isaacs/balanced-match
8573 silly ADD node_modules/@isaacs/brace-expansion
8574 silly ADD node_modules/process-nextick-args
8575 silly ADD node_modules/isarray
8576 silly ADD node_modules/core-util-is
8577 silly ADD node_modules/isobject
8578 silly ADD node_modules/get-east-asian-width
8579 silly ADD node_modules/@isaacs/fs-minipass
8580 silly ADD node_modules/emojis-list
8581 silly ADD node_modules/big.js
8582 silly ADD node_modules/@types/mime
8583 silly ADD node_modules/uri-js
8584 silly ADD node_modules/uri-js/node_modules/punycode
8585 silly ADD node_modules/fast-json-stable-stringify
8586 silly ADD node_modules/mimic-fn
8587 silly ADD node_modules/color-name
8588 silly ADD node_modules/color-convert
8589 silly ADD node_modules/clone
8590 silly ADD node_modules/defaults
8591 silly ADD node_modules/ieee754
8592 silly ADD node_modules/base64-js
8593 silly ADD node_modules/buffer
8594 silly ADD node_modules/wcwidth
8595 silly ADD node_modules/bl
8596 silly ADD node_modules/yargs-parser
8597 silly ADD node_modules/y18n
8598 silly ADD node_modules/get-caller-file
8599 silly ADD node_modules/cliui
8600 silly ADD node_modules/cliui/node_modules/emoji-regex
8601 silly ADD node_modules/cliui/node_modules/wrap-ansi
8602 silly ADD node_modules/cliui/node_modules/string-width
8603 silly ADD node_modules/is-wsl
8604 silly ADD node_modules/isexe
8605 silly ADD node_modules/websocket-extensions
8606 silly ADD node_modules/http-parser-js
8607 silly ADD node_modules/typed-assert
8608 silly ADD node_modules/shallow-clone
8609 silly ADD node_modules/kind-of
8610 silly ADD node_modules/wildcard
8611 silly ADD node_modules/flat
8612 silly ADD node_modules/clone-deep
8613 silly ADD node_modules/clone-deep/node_modules/is-plain-object
8614 silly ADD node_modules/minimalistic-assert
8615 silly ADD node_modules/string_decoder
8616 silly ADD node_modules/wbuf
8617 silly ADD node_modules/readable-stream
8618 silly ADD node_modules/obuf
8619 silly ADD node_modules/hpack.js
8620 silly ADD node_modules/hpack.js/node_modules/string_decoder
8621 silly ADD node_modules/hpack.js/node_modules/safe-buffer
8622 silly ADD node_modules/hpack.js/node_modules/readable-stream
8623 silly ADD node_modules/detect-node
8624 silly ADD node_modules/spdy-transport
8625 silly ADD node_modules/select-hose
8626 silly ADD node_modules/http-deceiver
8627 silly ADD node_modules/handle-thing
8628 silly ADD node_modules/websocket-driver
8629 silly ADD node_modules/uuid
8630 silly ADD node_modules/faye-websocket
8631 silly ADD node_modules/batch
8632 silly ADD node_modules/node-forge
8633 silly ADD node_modules/@types/node-forge
8634 silly ADD node_modules/is-network-error
8635 silly ADD node_modules/@types/retry
8636 silly ADD node_modules/@leichtgewicht/ip-codec
8637 silly ADD node_modules/thunky
8638 silly ADD node_modules/dns-packet
8639 silly ADD node_modules/shell-quote
8640 silly ADD node_modules/on-headers
8641 silly ADD node_modules/compressible
8642 silly ADD node_modules/multicast-dns
8643 silly ADD node_modules/@types/http-errors
8644 silly ADD node_modules/@types/send
8645 silly ADD node_modules/@types/range-parser
8646 silly ADD node_modules/@types/connect
8647 silly ADD node_modules/@types/qs
8648 silly ADD node_modules/@types/body-parser
8649 silly ADD node_modules/spdy
8650 silly ADD node_modules/sockjs
8651 silly ADD node_modules/serve-index
8652 silly ADD node_modules/serve-index/node_modules/mime-db
8653 silly ADD node_modules/serve-index/node_modules/statuses
8654 silly ADD node_modules/serve-index/node_modules/depd
8655 silly ADD node_modules/serve-index/node_modules/ms
8656 silly ADD node_modules/serve-index/node_modules/negotiator
8657 silly ADD node_modules/serve-index/node_modules/mime-types
8658 silly ADD node_modules/serve-index/node_modules/http-errors
8659 silly ADD node_modules/serve-index/node_modules/debug
8660 silly ADD node_modules/serve-index/node_modules/accepts
8661 silly ADD node_modules/selfsigned
8662 silly ADD node_modules/p-retry
8663 silly ADD node_modules/p-retry/node_modules/retry
8664 silly ADD node_modules/launch-editor
8665 silly ADD node_modules/connect-history-api-fallback
8666 silly ADD node_modules/compression
8667 silly ADD node_modules/compression/node_modules/ms
8668 silly ADD node_modules/compression/node_modules/negotiator
8669 silly ADD node_modules/compression/node_modules/debug
8670 silly ADD node_modules/bonjour-service
8671 silly ADD node_modules/ansi-html-community
8672 silly ADD node_modules/@types/ws
8673 silly ADD node_modules/@types/sockjs
8674 silly ADD node_modules/@types/serve-static
8675 silly ADD node_modules/@types/serve-static/node_modules/@types/send
8676 silly ADD node_modules/@types/serve-index
8677 silly ADD node_modules/@types/express-serve-static-core
8678 silly ADD node_modules/@types/express
8679 silly ADD node_modules/@types/connect-history-api-fallback
8680 silly ADD node_modules/@types/bonjour
8681 silly ADD node_modules/hyperdyperid
8682 silly ADD node_modules/@jsonjoy.com/json-pointer
8683 silly ADD node_modules/@jsonjoy.com/codegen
8684 silly ADD node_modules/@jsonjoy.com/base64
8685 silly ADD node_modules/@jsonjoy.com/buffers
8686 silly ADD node_modules/tree-dump
8687 silly ADD node_modules/thingies
8688 silly ADD node_modules/glob-to-regex.js
8689 silly ADD node_modules/@jsonjoy.com/util
8690 silly ADD node_modules/@jsonjoy.com/util/node_modules/@jsonjoy.com/buffers
8691 silly ADD node_modules/@jsonjoy.com/json-pack
8692 silly ADD node_modules/@jsonjoy.com/json-pack/node_modules/@jsonjoy.com/buffers
8693 silly ADD node_modules/@jsonjoy.com/fs-snapshot
8694 silly ADD node_modules/@jsonjoy.com/fs-snapshot/node_modules/@jsonjoy.com/json-pointer
8695 silly ADD node_modules/@jsonjoy.com/fs-snapshot/node_modules/@jsonjoy.com/codegen
8696 silly ADD node_modules/@jsonjoy.com/fs-snapshot/node_modules/@jsonjoy.com/base64
8697 silly ADD node_modules/@jsonjoy.com/fs-snapshot/node_modules/@jsonjoy.com/util
8698 silly ADD node_modules/@jsonjoy.com/fs-snapshot/node_modules/@jsonjoy.com/json-pack
8699 silly ADD node_modules/@jsonjoy.com/fs-print
8700 silly ADD node_modules/@jsonjoy.com/fs-node-utils
8701 silly ADD node_modules/@jsonjoy.com/fs-node-to-fsa
8702 silly ADD node_modules/@jsonjoy.com/fs-node-builtins
8703 silly ADD node_modules/@jsonjoy.com/fs-node
8704 silly ADD node_modules/@jsonjoy.com/fs-fsa
8705 silly ADD node_modules/@jsonjoy.com/fs-core
8706 silly ADD node_modules/memfs
8707 silly ADD node_modules/merge-stream
8708 silly ADD node_modules/jest-worker
8709 silly ADD node_modules/jest-worker/node_modules/supports-color
8710 silly ADD node_modules/estraverse
8711 silly ADD node_modules/esrecurse
8712 silly ADD node_modules/esrecurse/node_modules/estraverse
8713 silly ADD node_modules/@xtuc/ieee754
8714 silly ADD node_modules/@webassemblyjs/utf8
8715 silly ADD node_modules/@webassemblyjs/leb128
8716 silly ADD node_modules/@webassemblyjs/ieee754
8717 silly ADD node_modules/@webassemblyjs/wast-printer
8718 silly ADD node_modules/@webassemblyjs/wasm-opt
8719 silly ADD node_modules/@webassemblyjs/wasm-gen
8720 silly ADD node_modules/@webassemblyjs/helper-wasm-section
8721 silly ADD node_modules/@webassemblyjs/helper-buffer
8722 silly ADD node_modules/@xtuc/long
8723 silly ADD node_modules/@webassemblyjs/helper-api-error
8724 silly ADD node_modules/@webassemblyjs/floating-point-hex-parser
8725 silly ADD node_modules/@webassemblyjs/helper-wasm-bytecode
8726 silly ADD node_modules/@webassemblyjs/helper-numbers
8727 silly ADD node_modules/@types/eslint
8728 silly ADD node_modules/terser-webpack-plugin
8729 silly ADD node_modules/loader-runner
8730 silly ADD node_modules/events
8731 silly ADD node_modules/eslint-scope
8732 silly ADD node_modules/es-module-lexer
8733 silly ADD node_modules/enhanced-resolve
8734 silly ADD node_modules/chrome-trace-event
8735 silly ADD node_modules/acorn-import-phases
8736 silly ADD node_modules/@webassemblyjs/wasm-parser
8737 silly ADD node_modules/@webassemblyjs/wasm-edit
8738 silly ADD node_modules/@webassemblyjs/ast
8739 silly ADD node_modules/@types/eslint-scope
8740 silly ADD node_modules/glob-to-regexp
8741 silly ADD node_modules/@types/estree
8742 silly ADD
8743 silly ADD
8744 silly ADD
8745 silly ADD
8746 silly ADD
8747 silly ADD
8748 silly ADD
8749 silly ADD
8750 silly ADD
8751 silly ADD
8752 silly ADD
8753 silly ADD
8754 silly ADD
8755 silly ADD
8756 silly ADD
8757 silly ADD
8758 silly ADD
8759 silly ADD
8760 silly ADD
8761 silly ADD
8762 silly ADD
8763 silly ADD
8764 silly ADD node_modules/@rollup/rollup-darwin-arm64
8765 silly ADD
8766 silly ADD
8767 silly ADD node_modules/rollup
8768 silly ADD
8769 silly ADD node_modules/spdx-exceptions
8770 silly ADD node_modules/spdx-license-ids
8771 silly ADD node_modules/spdx-expression-parse
8772 silly ADD node_modules/spdx-correct
8773 silly ADD node_modules/escalade
8774 silly ADD node_modules/imurmurhash
8775 silly ADD node_modules/unique-slug
8776 silly ADD node_modules/unicode-property-aliases-ecmascript
8777 silly ADD node_modules/unicode-canonical-property-names-ecmascript
8778 silly ADD node_modules/media-typer
8779 silly ADD node_modules/@tufjs/canonical-json
8780 silly ADD node_modules/@tufjs/models
8781 silly ADD node_modules/is-number
8782 silly ADD node_modules/fdir
8783 silly ADD node_modules/thenify
8784 silly ADD node_modules/acorn
8785 silly ADD node_modules/@jridgewell/source-map
8786 silly ADD node_modules/chownr
8787 silly ADD node_modules/thenify-all
8788 silly ADD node_modules/any-promise
8789 silly ADD node_modules/ts-interface-checker
8790 silly ADD node_modules/pirates
8791 silly ADD node_modules/mz
8792 silly ADD node_modules/commander
8793 silly ADD node_modules/pify
8794 silly ADD node_modules/yaml
8795 silly ADD node_modules/camelcase-css
8796 silly ADD node_modules/read-cache
8797 silly ADD node_modules/sucrase
8798 silly ADD node_modules/postcss-nested
8799 silly ADD node_modules/postcss-nested/node_modules/postcss-selector-parser
8800 silly ADD node_modules/postcss-load-config
8801 silly ADD node_modules/postcss-js
8802 silly ADD node_modules/postcss-import
8803 silly ADD node_modules/object-hash
8804 silly ADD node_modules/lilconfig
8805 silly ADD node_modules/dlv
8806 silly ADD node_modules/didyoumean
8807 silly ADD node_modules/arg
8808 silly ADD node_modules/@alloc/quick-lru
8809 silly ADD node_modules/has-flag
8810 silly ADD node_modules/ansi-regex
8811 silly ADD node_modules/emoji-regex
8812 silly ADD node_modules/eastasianwidth
8813 silly ADD node_modules/buffer-from
8814 silly ADD node_modules/smart-buffer
8815 silly ADD node_modules/ip-address
8816 silly ADD node_modules/socks
8817 silly ADD node_modules/@socket.io/component-emitter
8818 silly ADD node_modules/ws
8819 silly ADD node_modules/engine.io-parser
8820 silly ADD node_modules/@types/cors
8821 silly ADD node_modules/socket.io-parser
8822 silly ADD node_modules/socket.io-adapter
8823 silly ADD node_modules/engine.io
8824 silly ADD node_modules/engine.io/node_modules/mime-db
8825 silly ADD node_modules/engine.io/node_modules/negotiator
8826 silly ADD node_modules/engine.io/node_modules/mime-types
8827 silly ADD node_modules/engine.io/node_modules/accepts
8828 silly ADD node_modules/base64id
8829 silly ADD node_modules/is-fullwidth-code-point
8830 silly ADD node_modules/ansi-styles
8831 silly ADD node_modules/tuf-js
8832 silly ADD node_modules/@sigstore/verify
8833 silly ADD node_modules/@sigstore/tuf
8834 silly ADD node_modules/@sigstore/sign
8835 silly ADD node_modules/@sigstore/protobuf-specs
8836 silly ADD node_modules/@sigstore/core
8837 silly ADD node_modules/@sigstore/bundle
8838 silly ADD node_modules/side-channel-weakmap
8839 silly ADD node_modules/side-channel-map
8840 silly ADD node_modules/side-channel-list
8841 silly ADD node_modules/object-inspect
8842 silly ADD node_modules/shebang-regex
8843 silly ADD node_modules/safe-buffer
8844 silly ADD node_modules/randombytes
8845 silly ADD node_modules/ajv-keywords
8846 silly ADD node_modules/@types/json-schema
8847 silly ADD node_modules/neo-async
8848 silly ADD
8849 silly ADD
8850 silly ADD
8851 silly ADD
8852 silly ADD
8853 silly ADD
8854 silly ADD
8855 silly ADD
8856 silly ADD
8857 silly ADD
8858 silly ADD
8859 silly ADD node_modules/@parcel/watcher-darwin-arm64
8860 silly ADD
8861 silly ADD node_modules/immutable
8862 silly ADD node_modules/@parcel/watcher
8863 silly ADD node_modules/@parcel/watcher/node_modules/node-addon-api
8864 silly ADD node_modules/has-tostringtag
8865 silly ADD node_modules/is-regex
8866 silly ADD node_modules/queue-microtask
8867 silly ADD node_modules/path-to-regexp
8868 silly ADD node_modules/is-promise
8869 silly ADD
8870 silly ADD
8871 silly ADD
8872 silly ADD
8873 silly ADD
8874 silly ADD node_modules/ansis
8875 silly ADD node_modules/@rolldown/pluginutils
8876 silly ADD
8877 silly ADD
8878 silly ADD
8879 silly ADD
8880 silly ADD
8881 silly ADD
8882 silly ADD
8883 silly ADD
8884 silly ADD
8885 silly ADD
8886 silly ADD
8887 silly ADD
8888 silly ADD node_modules/@rolldown/binding-darwin-arm64
8889 silly ADD
8890 silly ADD node_modules/@oxc-project/types
8891 silly ADD node_modules/mimic-function
8892 silly ADD node_modules/onetime
8893 silly ADD node_modules/regex-parser
8894 silly ADD node_modules/adjust-sourcemap-loader
8895 silly ADD node_modules/adjust-sourcemap-loader/node_modules/loader-utils
8896 silly ADD node_modules/supports-preserve-symlinks-flag
8897 silly ADD node_modules/path-parse
8898 silly ADD node_modules/is-core-module
8899 silly ADD node_modules/unicode-match-property-value-ecmascript
8900 silly ADD node_modules/unicode-match-property-ecmascript
8901 silly ADD node_modules/regjsparser
8902 silly ADD node_modules/regjsgen
8903 silly ADD node_modules/regenerate-unicode-properties
8904 silly ADD node_modules/regenerate
8905 silly ADD node_modules/unpipe
8906 silly ADD node_modules/lodash.isequal
8907 silly ADD node_modules/lodash.clonedeep
8908 silly ADD node_modules/fast-diff
8909 silly ADD node_modules/quill-delta
8910 silly ADD node_modules/parchment
8911 silly ADD node_modules/side-channel
8912 silly ADD node_modules/ipaddr.js
8913 silly ADD node_modules/forwarded
8914 silly ADD node_modules/retry
8915 silly ADD node_modules/err-code
8916 silly ADD node_modules/@primeuix/styles
8917 silly ADD node_modules/util-deprecate
8918 silly ADD node_modules/cssesc
8919 silly ADD node_modules/jiti
8920 silly ADD node_modules/source-map-js
8921 silly ADD node_modules/nanoid
8922 silly ADD
8923 silly ADD
8924 silly ADD
8925 silly ADD
8926 silly ADD
8927 silly ADD
8928 silly ADD
8929 silly ADD
8930 silly ADD
8931 silly ADD
8932 silly ADD
8933 silly ADD
8934 silly ADD
8935 silly ADD
8936 silly ADD node_modules/@napi-rs/nice-darwin-arm64
8937 silly ADD
8938 silly ADD
8939 silly ADD node_modules/@napi-rs/nice
8940 silly ADD node_modules/parse5-sax-parser
8941 silly ADD node_modules/is-arrayish
8942 silly ADD node_modules/lines-and-columns
8943 silly ADD node_modules/error-ex
8944 silly ADD node_modules/callsites
8945 silly ADD node_modules/jsonparse
8946 silly ADD node_modules/@npmcli/redact
8947 silly ADD node_modules/npm-install-checks
8948 silly ADD node_modules/ignore-walk
8949 silly ADD node_modules/ignore-walk/node_modules/minimatch
8950 silly ADD node_modules/abbrev
8951 silly ADD node_modules/minizlib
8952 silly ADD node_modules/minipass-sized
8953 silly ADD node_modules/minipass-sized/node_modules/yallist
8954 silly ADD node_modules/minipass-sized/node_modules/minipass
8955 silly ADD node_modules/encoding
8956 silly ADD node_modules/encoding/node_modules/iconv-lite
8957 silly ADD node_modules/socks-proxy-agent
8958 silly ADD node_modules/http-proxy-agent
8959 silly ADD node_modules/minipass-fetch
8960 silly ADD node_modules/http-cache-semantics
8961 silly ADD node_modules/@npmcli/agent
8962 silly ADD node_modules/@npmcli/agent/node_modules/lru-cache
8963 silly ADD node_modules/nopt
8964 silly ADD node_modules/make-fetch-happen
8965 silly ADD node_modules/exponential-backoff
8966 silly ADD node_modules/env-paths
8967 silly ADD node_modules/unique-filename
8968 silly ADD node_modules/p-map
8969 silly ADD node_modules/minipass-pipeline
8970 silly ADD node_modules/minipass-pipeline/node_modules/yallist
8971 silly ADD node_modules/minipass-pipeline/node_modules/minipass
8972 silly ADD node_modules/minipass-flush
8973 silly ADD node_modules/minipass-flush/node_modules/yallist
8974 silly ADD node_modules/minipass-flush/node_modules/minipass
8975 silly ADD node_modules/minipass-collect
8976 silly ADD node_modules/@npmcli/fs
8977 silly ADD node_modules/node-gyp
8978 silly ADD node_modules/node-gyp/node_modules/isexe
8979 silly ADD node_modules/node-gyp/node_modules/yallist
8980 silly ADD node_modules/node-gyp/node_modules/chownr
8981 silly ADD node_modules/node-gyp/node_modules/which
8982 silly ADD node_modules/node-gyp/node_modules/tar
8983 silly ADD node_modules/@npmcli/node-gyp
8984 silly ADD node_modules/validate-npm-package-license
8985 silly ADD node_modules/json-parse-even-better-errors
8986 silly ADD node_modules/npm-normalize-package-bin
8987 silly ADD node_modules/npm-bundled
8988 silly ADD node_modules/tar
8989 silly ADD node_modules/tar/node_modules/yallist
8990 silly ADD node_modules/tar/node_modules/mkdirp
8991 silly ADD node_modules/tar/node_modules/minizlib
8992 silly ADD node_modules/tar/node_modules/minizlib/node_modules/minipass
8993 silly ADD node_modules/tar/node_modules/minipass
8994 silly ADD node_modules/tar/node_modules/fs-minipass
8995 silly ADD node_modules/tar/node_modules/fs-minipass/node_modules/minipass
8996 silly ADD node_modules/ssri
8997 silly ADD node_modules/sigstore
8998 silly ADD node_modules/promise-retry
8999 silly ADD node_modules/npm-registry-fetch
9000 silly ADD node_modules/npm-registry-fetch/node_modules/lru-cache
9001 silly ADD node_modules/npm-registry-fetch/node_modules/hosted-git-info
9002 silly ADD node_modules/npm-registry-fetch/node_modules/npm-package-arg
9003 silly ADD node_modules/npm-pick-manifest
9004 silly ADD node_modules/npm-pick-manifest/node_modules/lru-cache
9005 silly ADD node_modules/npm-pick-manifest/node_modules/hosted-git-info
9006 silly ADD node_modules/npm-pick-manifest/node_modules/npm-package-arg
9007 silly ADD node_modules/npm-packlist
9008 silly ADD node_modules/npm-packlist/node_modules/proc-log
9009 silly ADD node_modules/fs-minipass
9010 silly ADD node_modules/cacache
9011 silly ADD node_modules/cacache/node_modules/yallist
9012 silly ADD node_modules/cacache/node_modules/chownr
9013 silly ADD node_modules/cacache/node_modules/tar
9014 silly ADD node_modules/cacache/node_modules/lru-cache
9015 silly ADD node_modules/@npmcli/run-script
9016 silly ADD node_modules/@npmcli/run-script/node_modules/isexe
9017 silly ADD node_modules/@npmcli/run-script/node_modules/which
9018 silly ADD node_modules/@npmcli/promise-spawn
9019 silly ADD node_modules/@npmcli/promise-spawn/node_modules/isexe
9020 silly ADD node_modules/@npmcli/promise-spawn/node_modules/which
9021 silly ADD node_modules/@npmcli/package-json
9022 silly ADD node_modules/@npmcli/package-json/node_modules/lru-cache
9023 silly ADD node_modules/@npmcli/package-json/node_modules/hosted-git-info
9024 silly ADD node_modules/@npmcli/installed-package-contents
9025 silly ADD node_modules/@npmcli/git
9026 silly ADD node_modules/@npmcli/git/node_modules/isexe
9027 silly ADD node_modules/@npmcli/git/node_modules/which
9028 silly ADD node_modules/@npmcli/git/node_modules/lru-cache
9029 silly ADD node_modules/yocto-queue
9030 silly ADD node_modules/p-limit
9031 silly ADD node_modules/stdin-discarder
9032 silly ADD node_modules/log-symbols
9033 silly ADD node_modules/log-symbols/node_modules/is-unicode-supported
9034 silly ADD node_modules/is-unicode-supported
9035 silly ADD node_modules/is-interactive
9036 silly ADD node_modules/cli-spinners
9037 silly ADD node_modules/chalk
9038 silly ADD node_modules/is-docker
9039 silly ADD node_modules/run-applescript
9040 silly ADD node_modules/default-browser-id
9041 silly ADD node_modules/bundle-name
9042 silly ADD node_modules/wsl-utils
9043 silly ADD node_modules/is-inside-container
9044 silly ADD node_modules/define-lazy-prop
9045 silly ADD node_modules/default-browser
9046 silly ADD node_modules/wrappy
9047 silly ADD node_modules/ee-first
9048 silly ADD node_modules/validate-npm-package-name
9049 silly ADD node_modules/proc-log
9050 silly ADD node_modules/hosted-git-info
9051 silly ADD node_modules/hosted-git-info/node_modules/lru-cache
9052 silly ADD node_modules/detect-libc
9053 silly ADD node_modules/sax
9054 silly ADD
9055 silly ADD
9056 silly ADD
9057 silly ADD
9058 silly ADD
9059 silly ADD node_modules/@msgpackr-extract/msgpackr-extract-darwin-arm64
9060 silly ADD node_modules/msgpackr-extract
9061 silly ADD node_modules/minimist
9062 silly ADD node_modules/balanced-match
9063 silly ADD node_modules/brace-expansion
9064 silly ADD node_modules/tapable
9065 silly ADD node_modules/mime-db
9066 silly ADD node_modules/yallist
9067 silly ADD node_modules/streamroller
9068 silly ADD node_modules/streamroller/node_modules/universalify
9069 silly ADD node_modules/streamroller/node_modules/jsonfile
9070 silly ADD node_modules/streamroller/node_modules/fs-extra
9071 silly ADD node_modules/flatted
9072 silly ADD node_modules/date-format
9073 silly ADD node_modules/restore-cursor
9074 silly ADD node_modules/environment
9075 silly ADD node_modules/cli-cursor
9076 silly ADD node_modules/ansi-escapes
9077 silly ADD node_modules/p-locate
9078 silly ADD node_modules/weak-lru-cache
9079 silly ADD node_modules/ordered-binary
9080 silly ADD node_modules/node-gyp-build-optional-packages
9081 silly ADD node_modules/node-addon-api
9082 silly ADD node_modules/msgpackr
9083 silly ADD
9084 silly ADD
9085 silly ADD
9086 silly ADD
9087 silly ADD
9088 silly ADD
9089 silly ADD node_modules/@lmdb/lmdb-darwin-arm64
9090 silly ADD node_modules/slice-ansi
9091 silly ADD node_modules/rfdc
9092 silly ADD node_modules/log-update
9093 silly ADD node_modules/log-update/node_modules/emoji-regex
9094 silly ADD node_modules/log-update/node_modules/string-width
9095 silly ADD node_modules/log-update/node_modules/is-fullwidth-code-point
9096 silly ADD node_modules/log-update/node_modules/wrap-ansi
9097 silly ADD node_modules/log-update/node_modules/slice-ansi
9098 silly ADD node_modules/colorette
9099 silly ADD node_modules/cli-truncate
9100 silly ADD node_modules/cli-truncate/node_modules/emoji-regex
9101 silly ADD node_modules/cli-truncate/node_modules/string-width
9102 silly ADD node_modules/webpack-sources
9103 silly ADD node_modules/prr
9104 silly ADD node_modules/is-what
9105 silly ADD node_modules/parse-node-version
9106 silly ADD node_modules/needle
9107 silly ADD node_modules/needle/node_modules/iconv-lite
9108 silly ADD node_modules/image-size
9109 silly ADD node_modules/errno
9110 silly ADD node_modules/copy-anything
9111 silly ADD node_modules/html-escaper
9112 silly ADD node_modules/supports-color
9113 silly ADD node_modules/make-dir
9114 silly ADD node_modules/istanbul-reports
9115 silly ADD node_modules/istanbul-lib-source-maps
9116 silly ADD node_modules/istanbul-lib-source-maps/node_modules/source-map
9117 silly ADD node_modules/istanbul-lib-report
9118 silly ADD node_modules/dunder-proto
9119 silly ADD node_modules/math-intrinsics
9120 silly ADD node_modules/hasown
9121 silly ADD node_modules/has-symbols
9122 silly ADD node_modules/gopd
9123 silly ADD node_modules/get-proto
9124 silly ADD node_modules/es-object-atoms
9125 silly ADD node_modules/es-define-property
9126 silly ADD node_modules/to-regex-range
9127 silly ADD node_modules/function-bind
9128 silly ADD node_modules/get-intrinsic
9129 silly ADD node_modules/call-bind-apply-helpers
9130 silly ADD node_modules/safe-regex-test
9131 silly ADD node_modules/punycode
9132 silly ADD node_modules/es-errors
9133 silly ADD node_modules/call-bound
9134 silly ADD node_modules/void-elements
9135 silly ADD node_modules/extend
9136 silly ADD node_modules/ent
9137 silly ADD node_modules/custom-event
9138 silly ADD node_modules/utils-merge
9139 silly ADD node_modules/fill-range
9140 silly ADD node_modules/ua-parser-js
9141 silly ADD node_modules/tmp
9142 silly ADD node_modules/socket.io
9143 silly ADD node_modules/socket.io/node_modules/mime-db
9144 silly ADD node_modules/socket.io/node_modules/negotiator
9145 silly ADD node_modules/socket.io/node_modules/mime-types
9146 silly ADD node_modules/socket.io/node_modules/accepts
9147 silly ADD node_modules/rimraf
9148 silly ADD node_modules/rimraf/node_modules/brace-expansion
9149 silly ADD node_modules/rimraf/node_modules/minimatch
9150 silly ADD node_modules/rimraf/node_modules/glob
9151 silly ADD node_modules/qjobs
9152 silly ADD node_modules/mkdirp
9153 silly ADD node_modules/mime
9154 silly ADD node_modules/log4js
9155 silly ADD node_modules/isbinaryfile
9156 silly ADD node_modules/dom-serialize
9157 silly ADD node_modules/di
9158 silly ADD node_modules/connect
9159 silly ADD node_modules/connect/node_modules/statuses
9160 silly ADD node_modules/connect/node_modules/on-finished
9161 silly ADD node_modules/connect/node_modules/encodeurl
9162 silly ADD node_modules/connect/node_modules/ms
9163 silly ADD node_modules/connect/node_modules/finalhandler
9164 silly ADD node_modules/connect/node_modules/debug
9165 silly ADD node_modules/braces
9166 silly ADD node_modules/@colors/colors
9167 silly ADD node_modules/argparse
9168 silly ADD node_modules/wrap-ansi-cjs
9169 silly ADD node_modules/wrap-ansi-cjs/node_modules/ansi-regex
9170 silly ADD node_modules/wrap-ansi-cjs/node_modules/is-fullwidth-code-point
9171 silly ADD node_modules/wrap-ansi-cjs/node_modules/emoji-regex
9172 silly ADD node_modules/wrap-ansi-cjs/node_modules/strip-ansi
9173 silly ADD node_modules/wrap-ansi-cjs/node_modules/string-width
9174 silly ADD node_modules/wrap-ansi-cjs/node_modules/ansi-styles
9175 silly ADD node_modules/strip-ansi-cjs
9176 silly ADD node_modules/strip-ansi-cjs/node_modules/ansi-regex
9177 silly ADD node_modules/strip-ansi
9178 silly ADD node_modules/string-width-cjs
9179 silly ADD node_modules/string-width-cjs/node_modules/ansi-regex
9180 silly ADD node_modules/string-width-cjs/node_modules/strip-ansi
9181 silly ADD node_modules/string-width-cjs/node_modules/is-fullwidth-code-point
9182 silly ADD node_modules/string-width-cjs/node_modules/emoji-regex
9183 silly ADD node_modules/string-width
9184 silly ADD node_modules/@pkgjs/parseargs
9185 silly ADD node_modules/@isaacs/cliui
9186 silly ADD node_modules/@isaacs/cliui/node_modules/wrap-ansi
9187 silly ADD node_modules/istanbul-lib-coverage
9188 silly ADD node_modules/@istanbuljs/schema
9189 silly ADD node_modules/is-extglob
9190 silly ADD node_modules/resolve-from
9191 silly ADD node_modules/parent-module
9192 silly ADD node_modules/safer-buffer
9193 silly ADD node_modules/agent-base
9194 silly ADD node_modules/requires-port
9195 silly ADD node_modules/follow-redirects
9196 silly ADD node_modules/eventemitter3
9197 silly ADD node_modules/undici-types
9198 silly ADD node_modules/@types/node
9199 silly ADD node_modules/is-plain-object
9200 silly ADD node_modules/http-proxy
9201 silly ADD node_modules/@types/http-proxy
9202 silly ADD node_modules/toidentifier
9203 silly ADD node_modules/setprototypeof
9204 silly ADD node_modules/inherits
9205 silly ADD node_modules/is-glob
9206 silly ADD node_modules/path-scurry
9207 silly ADD node_modules/path-scurry/node_modules/lru-cache
9208 silly ADD node_modules/package-json-from-dist
9209 silly ADD node_modules/minipass
9210 silly ADD node_modules/minimatch
9211 silly ADD node_modules/jackspeak
9212 silly ADD node_modules/foreground-child
9213 silly ADD node_modules/universalify
9214 silly ADD node_modules/jsonfile
9215 silly ADD node_modules/graceful-fs
9216 silly ADD node_modules/path-exists
9217 silly ADD node_modules/locate-path
9218 silly ADD node_modules/reusify
9219 silly ADD node_modules/run-parallel
9220 silly ADD node_modules/fastq
9221 silly ADD node_modules/@nodelib/fs.scandir
9222 silly ADD node_modules/micromatch
9223 silly ADD node_modules/micromatch/node_modules/picomatch
9224 silly ADD node_modules/merge2
9225 silly ADD node_modules/@nodelib/fs.walk
9226 silly ADD node_modules/@nodelib/fs.stat
9227 silly ADD node_modules/bytes
9228 silly ADD node_modules/negotiator
9229 silly ADD node_modules/type-is
9230 silly ADD node_modules/statuses
9231 silly ADD node_modules/serve-static
9232 silly ADD node_modules/send
9233 silly ADD node_modules/router
9234 silly ADD node_modules/range-parser
9235 silly ADD node_modules/qs
9236 silly ADD node_modules/proxy-addr
9237 silly ADD node_modules/parseurl
9238 silly ADD node_modules/once
9239 silly ADD node_modules/on-finished
9240 silly ADD node_modules/mime-types
9241 silly ADD node_modules/merge-descriptors
9242 silly ADD node_modules/http-errors
9243 silly ADD node_modules/fresh
9244 silly ADD node_modules/finalhandler
9245 silly ADD node_modules/etag
9246 silly ADD node_modules/escape-html
9247 silly ADD node_modules/encodeurl
9248 silly ADD node_modules/depd
9249 silly ADD node_modules/cookie-signature
9250 silly ADD node_modules/cookie
9251 silly ADD node_modules/content-disposition
9252 silly ADD node_modules/body-parser
9253 silly ADD node_modules/accepts
9254 silly ADD
9255 silly ADD
9256 silly ADD
9257 silly ADD
9258 silly ADD
9259 silly ADD
9260 silly ADD
9261 silly ADD
9262 silly ADD
9263 silly ADD
9264 silly ADD
9265 silly ADD
9266 silly ADD
9267 silly ADD
9268 silly ADD
9269 silly ADD
9270 silly ADD
9271 silly ADD
9272 silly ADD
9273 silly ADD
9274 silly ADD
9275 silly ADD node_modules/@esbuild/darwin-arm64
9276 silly ADD
9277 silly ADD
9278 silly ADD
9279 silly ADD
9280 silly ADD node_modules/entities
9281 silly ADD node_modules/domelementtype
9282 silly ADD node_modules/ms
9283 silly ADD node_modules/nth-check
9284 silly ADD node_modules/domutils
9285 silly ADD node_modules/boolbase
9286 silly ADD node_modules/postcss-modules-values
9287 silly ADD node_modules/postcss-modules-scope
9288 silly ADD node_modules/postcss-modules-scope/node_modules/postcss-selector-parser
9289 silly ADD node_modules/postcss-modules-local-by-default
9290 silly ADD node_modules/postcss-modules-local-by-default/node_modules/postcss-selector-parser
9291 silly ADD node_modules/postcss-modules-extract-imports
9292 silly ADD node_modules/icss-utils
9293 silly ADD node_modules/which
9294 silly ADD node_modules/shebang-command
9295 silly ADD node_modules/path-key
9296 silly ADD node_modules/path-type
9297 silly ADD node_modules/parse-json
9298 silly ADD node_modules/parse-json/node_modules/json-parse-even-better-errors
9299 silly ADD node_modules/js-yaml
9300 silly ADD node_modules/import-fresh
9301 silly ADD node_modules/vary
9302 silly ADD node_modules/object-assign
9303 silly ADD node_modules/serialize-javascript
9304 silly ADD node_modules/schema-utils
9305 silly ADD node_modules/schema-utils/node_modules/ajv-formats
9306 silly ADD node_modules/normalize-path
9307 silly ADD node_modules/glob-parent
9308 silly ADD node_modules/readdirp
9309 silly ADD node_modules/update-browserslist-db
9310 silly ADD node_modules/node-releases
9311 silly ADD node_modules/electron-to-chromium
9312 silly ADD node_modules/baseline-browser-mapping
9313 silly ADD node_modules/postcss-media-query-parser
9314 silly ADD node_modules/htmlparser2
9315 silly ADD node_modules/htmlparser2/node_modules/entities
9316 silly ADD node_modules/domhandler
9317 silly ADD node_modules/dom-serializer
9318 silly ADD node_modules/css-what
9319 silly ADD node_modules/css-select
9320 silly ADD node_modules/lodash.debounce
9321 silly ADD node_modules/@babel/helper-define-polyfill-provider
9322 silly ADD node_modules/@babel/helper-define-polyfill-provider/node_modules/resolve
9323 silly ADD node_modules/find-up
9324 silly ADD node_modules/postcss-value-parser
9325 silly ADD node_modules/normalize-range
9326 silly ADD node_modules/fraction.js
9327 silly ADD node_modules/caniuse-lite
9328 silly ADD node_modules/@yr/monotone-cubic-spline
9329 silly ADD node_modules/@svgdotjs/svg.select.js
9330 silly ADD node_modules/@svgdotjs/svg.resize.js
9331 silly ADD node_modules/@svgdotjs/svg.js
9332 silly ADD node_modules/@svgdotjs/svg.filter.js
9333 silly ADD node_modules/@svgdotjs/svg.draggable.js
9334 silly ADD node_modules/@algolia/requester-node-http
9335 silly ADD node_modules/@algolia/requester-fetch
9336 silly ADD node_modules/@algolia/requester-browser-xhr
9337 silly ADD node_modules/@algolia/recommend
9338 silly ADD node_modules/@algolia/monitoring
9339 silly ADD node_modules/@algolia/ingestion
9340 silly ADD node_modules/@algolia/client-search
9341 silly ADD node_modules/@algolia/client-query-suggestions
9342 silly ADD node_modules/@algolia/client-personalization
9343 silly ADD node_modules/@algolia/client-insights
9344 silly ADD node_modules/@algolia/client-common
9345 silly ADD node_modules/@algolia/client-analytics
9346 silly ADD node_modules/@algolia/client-abtesting
9347 silly ADD node_modules/@algolia/abtesting
9348 silly ADD node_modules/require-from-string
9349 silly ADD node_modules/json-schema-traverse
9350 silly ADD node_modules/fast-uri
9351 silly ADD node_modules/fast-deep-equal
9352 silly ADD node_modules/postcss-selector-parser
9353 silly ADD node_modules/lodash.merge
9354 silly ADD node_modules/lodash.isplainobject
9355 silly ADD node_modules/lodash.castarray
9356 silly ADD node_modules/@primeuix/utils
9357 silly ADD node_modules/@primeuix/styled
9358 silly ADD node_modules/zod-to-json-schema
9359 silly ADD node_modules/raw-body
9360 silly ADD node_modules/pkce-challenge
9361 silly ADD node_modules/express-rate-limit
9362 silly ADD node_modules/express
9363 silly ADD node_modules/eventsource-parser
9364 silly ADD node_modules/eventsource
9365 silly ADD node_modules/cross-spawn
9366 silly ADD node_modules/cors
9367 silly ADD node_modules/content-type
9368 silly ADD node_modules/cosmiconfig
9369 silly ADD node_modules/replace-in-file
9370 silly ADD node_modules/replace-in-file/node_modules/ansi-regex
9371 silly ADD node_modules/replace-in-file/node_modules/is-fullwidth-code-point
9372 silly ADD node_modules/replace-in-file/node_modules/emoji-regex
9373 silly ADD node_modules/replace-in-file/node_modules/wrap-ansi
9374 silly ADD node_modules/replace-in-file/node_modules/strip-ansi
9375 silly ADD node_modules/replace-in-file/node_modules/yargs-parser
9376 silly ADD node_modules/replace-in-file/node_modules/string-width
9377 silly ADD node_modules/replace-in-file/node_modules/cliui
9378 silly ADD node_modules/replace-in-file/node_modules/minimatch
9379 silly ADD node_modules/replace-in-file/node_modules/ansi-styles
9380 silly ADD node_modules/replace-in-file/node_modules/yargs
9381 silly ADD node_modules/replace-in-file/node_modules/glob
9382 silly ADD node_modules/replace-in-file/node_modules/chalk
9383 silly ADD node_modules/lodash.kebabcase
9384 silly ADD node_modules/glob
9385 silly ADD node_modules/fs-extra
9386 silly ADD node_modules/@jsverse/transloco-utils
9387 silly ADD node_modules/@jridgewell/resolve-uri
9388 silly ADD node_modules/iconv-lite
9389 silly ADD node_modules/chardet
9390 silly ADD node_modules/@inquirer/external-editor
9391 silly ADD node_modules/@inquirer/select
9392 silly ADD node_modules/@inquirer/search
9393 silly ADD node_modules/@inquirer/rawlist
9394 silly ADD node_modules/@inquirer/password
9395 silly ADD node_modules/@inquirer/number
9396 silly ADD node_modules/@inquirer/input
9397 silly ADD node_modules/@inquirer/expand
9398 silly ADD node_modules/@inquirer/editor
9399 silly ADD node_modules/@inquirer/checkbox
9400 silly ADD node_modules/yoctocolors-cjs
9401 silly ADD node_modules/wrap-ansi
9402 silly ADD node_modules/wrap-ansi/node_modules/ansi-regex
9403 silly ADD node_modules/wrap-ansi/node_modules/is-fullwidth-code-point
9404 silly ADD node_modules/wrap-ansi/node_modules/emoji-regex
9405 silly ADD node_modules/wrap-ansi/node_modules/strip-ansi
9406 silly ADD node_modules/wrap-ansi/node_modules/string-width
9407 silly ADD node_modules/wrap-ansi/node_modules/ansi-styles
9408 silly ADD node_modules/signal-exit
9409 silly ADD node_modules/mute-stream
9410 silly ADD node_modules/cli-width
9411 silly ADD node_modules/@inquirer/figures
9412 silly ADD node_modules/@inquirer/ansi
9413 silly ADD node_modules/@inquirer/type
9414 silly ADD node_modules/@inquirer/core
9415 silly ADD node_modules/@babel/helper-string-parser
9416 silly ADD node_modules/esutils
9417 silly ADD node_modules/@babel/helper-globals
9418 silly ADD node_modules/@babel/helper-replace-supers
9419 silly ADD node_modules/@babel/helper-optimise-call-expression
9420 silly ADD node_modules/@babel/helper-member-expression-to-functions
9421 silly ADD node_modules/@babel/helper-create-class-features-plugin
9422 silly ADD node_modules/@babel/helper-create-class-features-plugin/node_modules/semver
9423 silly ADD node_modules/regexpu-core
9424 silly ADD node_modules/@babel/helper-create-regexp-features-plugin
9425 silly ADD node_modules/@babel/helper-create-regexp-features-plugin/node_modules/semver
9426 silly ADD node_modules/@babel/helper-skip-transparent-expression-wrappers
9427 silly ADD node_modules/core-js-compat
9428 silly ADD node_modules/@babel/preset-modules
9429 silly ADD node_modules/@babel/plugin-transform-unicode-sets-regex
9430 silly ADD node_modules/@babel/plugin-transform-unicode-regex
9431 silly ADD node_modules/@babel/plugin-transform-unicode-property-regex
9432 silly ADD node_modules/@babel/plugin-transform-unicode-escapes
9433 silly ADD node_modules/@babel/plugin-transform-typeof-symbol
9434 silly ADD node_modules/@babel/plugin-transform-template-literals
9435 silly ADD node_modules/@babel/plugin-transform-sticky-regex
9436 silly ADD node_modules/@babel/plugin-transform-spread
9437 silly ADD node_modules/@babel/plugin-transform-shorthand-properties
9438 silly ADD node_modules/@babel/plugin-transform-reserved-words
9439 silly ADD node_modules/@babel/plugin-transform-regexp-modifiers
9440 silly ADD node_modules/@babel/plugin-transform-regenerator
9441 silly ADD node_modules/@babel/plugin-transform-property-literals
9442 silly ADD node_modules/@babel/plugin-transform-private-property-in-object
9443 silly ADD node_modules/@babel/plugin-transform-private-methods
9444 silly ADD node_modules/@babel/plugin-transform-parameters
9445 silly ADD node_modules/@babel/plugin-transform-optional-chaining
9446 silly ADD node_modules/@babel/plugin-transform-optional-catch-binding
9447 silly ADD node_modules/@babel/plugin-transform-object-super
9448 silly ADD node_modules/@babel/plugin-transform-object-rest-spread
9449 silly ADD node_modules/@babel/plugin-transform-numeric-separator
9450 silly ADD node_modules/@babel/plugin-transform-nullish-coalescing-operator
9451 silly ADD node_modules/@babel/plugin-transform-new-target
9452 silly ADD node_modules/@babel/plugin-transform-named-capturing-groups-regex
9453 silly ADD node_modules/@babel/plugin-transform-modules-umd
9454 silly ADD node_modules/@babel/plugin-transform-modules-systemjs
9455 silly ADD node_modules/@babel/plugin-transform-modules-commonjs
9456 silly ADD node_modules/@babel/plugin-transform-modules-amd
9457 silly ADD node_modules/@babel/plugin-transform-member-expression-literals
9458 silly ADD node_modules/@babel/plugin-transform-logical-assignment-operators
9459 silly ADD node_modules/@babel/plugin-transform-literals
9460 silly ADD node_modules/@babel/plugin-transform-json-strings
9461 silly ADD node_modules/@babel/plugin-transform-function-name
9462 silly ADD node_modules/@babel/plugin-transform-for-of
9463 silly ADD node_modules/@babel/plugin-transform-export-namespace-from
9464 silly ADD node_modules/@babel/plugin-transform-exponentiation-operator
9465 silly ADD node_modules/@babel/plugin-transform-explicit-resource-management
9466 silly ADD node_modules/@babel/plugin-transform-dynamic-import
9467 silly ADD node_modules/@babel/plugin-transform-duplicate-named-capturing-groups-regex
9468 silly ADD node_modules/@babel/plugin-transform-duplicate-keys
9469 silly ADD node_modules/@babel/plugin-transform-dotall-regex
9470 silly ADD node_modules/@babel/plugin-transform-destructuring
9471 silly ADD node_modules/@babel/plugin-transform-computed-properties
9472 silly ADD node_modules/@babel/plugin-transform-classes
9473 silly ADD node_modules/@babel/plugin-transform-class-static-block
9474 silly ADD node_modules/@babel/plugin-transform-class-properties
9475 silly ADD node_modules/@babel/plugin-transform-block-scoping
9476 silly ADD node_modules/@babel/plugin-transform-block-scoped-functions
9477 silly ADD node_modules/@babel/plugin-transform-arrow-functions
9478 silly ADD node_modules/@babel/plugin-syntax-unicode-sets-regex
9479 silly ADD node_modules/@babel/plugin-syntax-import-attributes
9480 silly ADD node_modules/@babel/plugin-syntax-import-assertions
9481 silly ADD node_modules/@babel/plugin-proposal-private-property-in-object
9482 silly ADD node_modules/@babel/plugin-bugfix-v8-static-class-fields-redefine-readonly
9483 silly ADD node_modules/@babel/plugin-bugfix-v8-spread-parameters-in-optional-chaining
9484 silly ADD node_modules/@babel/plugin-bugfix-safari-id-destructuring-collision-in-function-expression
9485 silly ADD node_modules/@babel/plugin-bugfix-safari-class-field-initializer-scope
9486 silly ADD node_modules/@babel/plugin-bugfix-firefox-class-in-computed-class-key
9487 silly ADD node_modules/babel-plugin-polyfill-regenerator
9488 silly ADD node_modules/babel-plugin-polyfill-corejs3
9489 silly ADD node_modules/babel-plugin-polyfill-corejs2
9490 silly ADD node_modules/babel-plugin-polyfill-corejs2/node_modules/semver
9491 silly ADD node_modules/@babel/helper-wrap-function
9492 silly ADD node_modules/@babel/helper-remap-async-to-generator
9493 silly ADD node_modules/@babel/helper-plugin-utils
9494 silly ADD node_modules/@babel/helper-module-imports
9495 silly ADD node_modules/lru-cache
9496 silly ADD node_modules/@babel/helper-validator-option
9497 silly ADD node_modules/@babel/compat-data
9498 silly ADD node_modules/jsesc
9499 silly ADD node_modules/picocolors
9500 silly ADD node_modules/js-tokens
9501 silly ADD node_modules/@babel/helper-validator-identifier
9502 silly ADD node_modules/json5
9503 silly ADD node_modules/gensync
9504 silly ADD node_modules/debug
9505 silly ADD node_modules/@babel/types
9506 silly ADD node_modules/@babel/traverse
9507 silly ADD node_modules/@babel/traverse/node_modules/@babel/generator
9508 silly ADD node_modules/@babel/template
9509 silly ADD node_modules/@babel/parser
9510 silly ADD node_modules/@babel/helpers
9511 silly ADD node_modules/@babel/helper-module-transforms
9512 silly ADD node_modules/@babel/helper-compilation-targets
9513 silly ADD node_modules/@babel/helper-compilation-targets/node_modules/semver
9514 silly ADD node_modules/@babel/code-frame
9515 silly ADD node_modules/reflect-metadata
9516 silly ADD node_modules/convert-source-map
9517 silly ADD node_modules/chokidar
9518 silly ADD node_modules/@jridgewell/sourcemap-codec
9519 silly ADD node_modules/zod
9520 silly ADD node_modules/yargs
9521 silly ADD node_modules/yargs/node_modules/emoji-regex
9522 silly ADD node_modules/yargs/node_modules/string-width
9523 silly ADD node_modules/resolve
9524 silly ADD node_modules/pacote
9525 silly ADD node_modules/pacote/node_modules/lru-cache
9526 silly ADD node_modules/pacote/node_modules/hosted-git-info
9527 silly ADD node_modules/pacote/node_modules/npm-package-arg
9528 silly ADD node_modules/npm-package-arg
9529 silly ADD node_modules/ini
9530 silly ADD node_modules/algoliasearch
9531 silly ADD node_modules/@yarnpkg/lockfile
9532 silly ADD node_modules/@schematics/angular
9533 silly ADD node_modules/@modelcontextprotocol/sdk
9534 silly ADD node_modules/@modelcontextprotocol/sdk/node_modules/json-schema-traverse
9535 silly ADD node_modules/@modelcontextprotocol/sdk/node_modules/ajv
9536 silly ADD node_modules/@listr2/prompt-adapter-inquirer
9537 silly ADD node_modules/@inquirer/prompts
9538 silly ADD node_modules/@angular-devkit/schematics
9539 silly ADD node_modules/@angular-devkit/schematics/node_modules/rxjs
9540 silly ADD node_modules/parse5
9541 silly ADD node_modules/parse5/node_modules/entities
9542 silly ADD node_modules/watchpack
9543 silly ADD node_modules/vite
9544 silly ADD node_modules/vite/node_modules/tinyglobby
9545 silly ADD node_modules/vite/node_modules/postcss
9546 silly ADD node_modules/tinyglobby
9547 silly ADD node_modules/rolldown
9548 silly ADD node_modules/parse5-html-rewriting-stream
9549 silly ADD node_modules/parse5-html-rewriting-stream/node_modules/entities
9550 silly ADD node_modules/mrmime
9551 silly ADD node_modules/magic-string
9552 silly ADD node_modules/lmdb
9553 silly ADD node_modules/listr2
9554 silly ADD node_modules/listr2/node_modules/emoji-regex
9555 silly ADD node_modules/listr2/node_modules/string-width
9556 silly ADD node_modules/listr2/node_modules/wrap-ansi
9557 silly ADD node_modules/listr2/node_modules/eventemitter3
9558 silly ADD node_modules/https-proxy-agent
9559 silly ADD node_modules/beasties
9560 silly ADD node_modules/@vitejs/plugin-basic-ssl
9561 silly ADD node_modules/@inquirer/confirm
9562 silly ADD node_modules/source-map
9563 silly ADD node_modules/ajv-formats
9564 silly ADD node_modules/ajv
9565 silly ADD node_modules/@jridgewell/trace-mapping
9566 silly ADD node_modules/@jridgewell/gen-mapping
9567 silly ADD node_modules/webpack-subresource-integrity
9568 silly ADD node_modules/webpack-merge
9569 silly ADD node_modules/webpack-dev-server
9570 silly ADD node_modules/webpack-dev-server/node_modules/media-typer
9571 silly ADD node_modules/webpack-dev-server/node_modules/mime
9572 silly ADD node_modules/webpack-dev-server/node_modules/picomatch
9573 silly ADD node_modules/webpack-dev-server/node_modules/mime-db
9574 silly ADD node_modules/webpack-dev-server/node_modules/raw-body
9575 silly ADD node_modules/webpack-dev-server/node_modules/iconv-lite
9576 silly ADD node_modules/webpack-dev-server/node_modules/negotiator
9577 silly ADD node_modules/webpack-dev-server/node_modules/mime-types
9578 silly ADD node_modules/webpack-dev-server/node_modules/type-is
9579 silly ADD node_modules/webpack-dev-server/node_modules/serve-static
9580 silly ADD node_modules/webpack-dev-server/node_modules/send
9581 silly ADD node_modules/webpack-dev-server/node_modules/path-to-regexp
9582 silly ADD node_modules/webpack-dev-server/node_modules/merge-descriptors
9583 silly ADD node_modules/webpack-dev-server/node_modules/fresh
9584 silly ADD node_modules/webpack-dev-server/node_modules/finalhandler
9585 silly ADD node_modules/webpack-dev-server/node_modules/debug
9586 silly ADD node_modules/webpack-dev-server/node_modules/debug/node_modules/ms
9587 silly ADD node_modules/webpack-dev-server/node_modules/cookie-signature
9588 silly ADD node_modules/webpack-dev-server/node_modules/content-disposition
9589 silly ADD node_modules/webpack-dev-server/node_modules/body-parser
9590 silly ADD node_modules/webpack-dev-server/node_modules/accepts
9591 silly ADD node_modules/webpack-dev-server/node_modules/readdirp
9592 silly ADD node_modules/webpack-dev-server/node_modules/glob-parent
9593 silly ADD node_modules/webpack-dev-server/node_modules/ipaddr.js
9594 silly ADD node_modules/webpack-dev-server/node_modules/http-proxy-middleware
9595 silly ADD node_modules/webpack-dev-server/node_modules/express
9596 silly ADD node_modules/webpack-dev-server/node_modules/chokidar
9597 silly ADD node_modules/webpack-dev-middleware
9598 silly ADD node_modules/webpack-dev-middleware/node_modules/mime-db
9599 silly ADD node_modules/webpack-dev-middleware/node_modules/mime-types
9600 silly ADD node_modules/webpack
9601 silly ADD node_modules/webpack/node_modules/mime-db
9602 silly ADD node_modules/webpack/node_modules/mime-types
9603 silly ADD node_modules/webpack/node_modules/json-parse-even-better-errors
9604 silly ADD node_modules/tree-kill
9605 silly ADD node_modules/terser
9606 silly ADD node_modules/terser/node_modules/commander
9607 silly ADD node_modules/source-map-support
9608 silly ADD node_modules/source-map-support/node_modules/source-map
9609 silly ADD node_modules/source-map-loader
9610 silly ADD node_modules/source-map-loader/node_modules/iconv-lite
9611 silly ADD node_modules/semver
9612 silly ADD node_modules/sass-loader
9613 silly ADD node_modules/sass
9614 silly ADD node_modules/resolve-url-loader
9615 silly ADD node_modules/resolve-url-loader/node_modules/source-map
9616 silly ADD node_modules/resolve-url-loader/node_modules/loader-utils
9617 silly ADD node_modules/postcss-loader
9618 silly ADD node_modules/postcss-loader/node_modules/cosmiconfig
9619 silly ADD node_modules/piscina
9620 silly ADD node_modules/picomatch
9621 silly ADD node_modules/ora
9622 silly ADD node_modules/ora/node_modules/emoji-regex
9623 silly ADD node_modules/ora/node_modules/string-width
9624 silly ADD node_modules/open
9625 silly ADD node_modules/mini-css-extract-plugin
9626 silly ADD node_modules/loader-utils
9627 silly ADD node_modules/license-webpack-plugin
9628 silly ADD node_modules/less-loader
9629 silly ADD node_modules/less
9630 silly ADD node_modules/less/node_modules/semver
9631 silly ADD node_modules/less/node_modules/pify
9632 silly ADD node_modules/less/node_modules/source-map
9633 silly ADD node_modules/less/node_modules/mime
9634 silly ADD node_modules/less/node_modules/make-dir
9635 silly ADD node_modules/karma-source-map-support
9636 silly ADD node_modules/jsonc-parser
9637 silly ADD node_modules/istanbul-lib-instrument
9638 silly ADD node_modules/http-proxy-middleware
9639 silly ADD node_modules/fast-glob
9640 silly ADD node_modules/fast-glob/node_modules/glob-parent
9641 silly ADD node_modules/esbuild-wasm
9642 silly ADD node_modules/esbuild
9643 silly ADD node_modules/css-loader
9644 silly ADD node_modules/copy-webpack-plugin
9645 silly ADD node_modules/browserslist
9646 silly ADD node_modules/babel-loader
9647 silly ADD node_modules/ansi-colors
9648 silly ADD node_modules/@ngtools/webpack
9649 silly ADD node_modules/@discoveryjs/json-ext
9650 silly ADD node_modules/@babel/runtime
9651 silly ADD node_modules/@babel/preset-env
9652 silly ADD node_modules/@babel/preset-env/node_modules/semver
9653 silly ADD node_modules/@babel/plugin-transform-runtime
9654 silly ADD node_modules/@babel/plugin-transform-runtime/node_modules/semver
9655 silly ADD node_modules/@babel/plugin-transform-async-to-generator
9656 silly ADD node_modules/@babel/plugin-transform-async-generator-functions
9657 silly ADD node_modules/@babel/helper-split-export-declaration
9658 silly ADD node_modules/@babel/helper-annotate-as-pure
9659 silly ADD node_modules/@babel/generator
9660 silly ADD node_modules/@babel/core
9661 silly ADD node_modules/@babel/core/node_modules/semver
9662 silly ADD node_modules/@babel/core/node_modules/convert-source-map
9663 silly ADD node_modules/@angular/build
9664 silly ADD node_modules/@angular-devkit/core
9665 silly ADD node_modules/@angular-devkit/core/node_modules/rxjs
9666 silly ADD node_modules/@angular-devkit/build-webpack
9667 silly ADD node_modules/@angular-devkit/build-webpack/node_modules/rxjs
9668 silly ADD node_modules/@angular-devkit/architect
9669 silly ADD node_modules/@angular-devkit/architect/node_modules/rxjs
9670 silly ADD node_modules/@ampproject/remapping
9671 silly ADD node_modules/zone.js
9672 silly ADD node_modules/typescript
9673 silly ADD node_modules/tslib
9674 silly ADD node_modules/tailwindcss
9675 silly ADD node_modules/tailwindcss/node_modules/picomatch
9676 silly ADD node_modules/tailwindcss/node_modules/readdirp
9677 silly ADD node_modules/tailwindcss/node_modules/postcss-selector-parser
9678 silly ADD node_modules/tailwindcss/node_modules/chokidar
9679 silly ADD node_modules/tailwindcss/node_modules/chokidar/node_modules/glob-parent
9680 silly ADD node_modules/rxjs
9681 silly ADD node_modules/quill
9682 silly ADD node_modules/quill/node_modules/eventemitter3
9683 silly ADD node_modules/primeng
9684 silly ADD node_modules/primeicons
9685 silly ADD node_modules/primeflex
9686 silly ADD node_modules/prettier-plugin-tailwindcss
9687 silly ADD node_modules/prettier-plugin-organize-imports
9688 silly ADD node_modules/prettier
9689 silly ADD node_modules/postcss
9690 silly ADD node_modules/perfect-scrollbar
9691 silly ADD node_modules/ngx-quill
9692 silly ADD node_modules/ng-apexcharts
9693 silly ADD node_modules/material-icons
9694 silly ADD node_modules/luxon
9695 silly ADD node_modules/lodash-es
9696 silly ADD node_modules/lodash
9697 silly ADD node_modules/karma-jasmine-html-reporter
9698 silly ADD node_modules/karma-jasmine
9699 silly ADD node_modules/karma-jasmine/node_modules/jasmine-core
9700 silly ADD node_modules/karma-coverage
9701 silly ADD node_modules/karma-coverage/node_modules/brace-expansion
9702 silly ADD node_modules/karma-coverage/node_modules/semver
9703 silly ADD node_modules/karma-coverage/node_modules/minimatch
9704 silly ADD node_modules/karma-coverage/node_modules/istanbul-lib-instrument
9705 silly ADD node_modules/karma-chrome-launcher
9706 silly ADD node_modules/karma-chrome-launcher/node_modules/which
9707 silly ADD node_modules/karma
9708 silly ADD node_modules/karma/node_modules/ansi-styles
9709 silly ADD node_modules/karma/node_modules/ansi-regex
9710 silly ADD node_modules/karma/node_modules/is-fullwidth-code-point
9711 silly ADD node_modules/karma/node_modules/emoji-regex
9712 silly ADD node_modules/karma/node_modules/wrap-ansi
9713 silly ADD node_modules/karma/node_modules/strip-ansi
9714 silly ADD node_modules/karma/node_modules/yargs-parser
9715 silly ADD node_modules/karma/node_modules/string-width
9716 silly ADD node_modules/karma/node_modules/cliui
9717 silly ADD node_modules/karma/node_modules/mime-db
9718 silly ADD node_modules/karma/node_modules/mime-types
9719 silly ADD node_modules/karma/node_modules/media-typer
9720 silly ADD node_modules/karma/node_modules/picomatch
9721 silly ADD node_modules/karma/node_modules/brace-expansion
9722 silly ADD node_modules/karma/node_modules/ms
9723 silly ADD node_modules/karma/node_modules/readdirp
9724 silly ADD node_modules/karma/node_modules/glob-parent
9725 silly ADD node_modules/karma/node_modules/type-is
9726 silly ADD node_modules/karma/node_modules/raw-body
9727 silly ADD node_modules/karma/node_modules/iconv-lite
9728 silly ADD node_modules/karma/node_modules/debug
9729 silly ADD node_modules/karma/node_modules/yargs
9730 silly ADD node_modules/karma/node_modules/source-map
9731 silly ADD node_modules/karma/node_modules/minimatch
9732 silly ADD node_modules/karma/node_modules/glob
9733 silly ADD node_modules/karma/node_modules/chokidar
9734 silly ADD node_modules/karma/node_modules/body-parser
9735 silly ADD node_modules/jasmine-core
9736 silly ADD node_modules/highlight.js
9737 silly ADD node_modules/crypto-js
9738 silly ADD node_modules/chroma-js
9739 silly ADD node_modules/bootstrap
9740 silly ADD node_modules/autoprefixer
9741 silly ADD node_modules/apexcharts
9742 silly ADD node_modules/@types/luxon
9743 silly ADD node_modules/@types/lodash-es
9744 silly ADD node_modules/@types/lodash
9745 silly ADD node_modules/@types/jasmine
9746 silly ADD node_modules/@types/highlight.js
9747 silly ADD node_modules/@types/crypto-js
9748 silly ADD node_modules/@types/chroma-js
9749 silly ADD node_modules/@tailwindcss/typography
9750 silly ADD node_modules/@primeuix/themes
9751 silly ADD node_modules/@popperjs/core
9752 silly ADD node_modules/@jsverse/transloco
9753 silly ADD node_modules/@jsverse/transloco/node_modules/ansi-regex
9754 silly ADD node_modules/@jsverse/transloco/node_modules/signal-exit
9755 silly ADD node_modules/@jsverse/transloco/node_modules/onetime
9756 silly ADD node_modules/@jsverse/transloco/node_modules/restore-cursor
9757 silly ADD node_modules/@jsverse/transloco/node_modules/ansi-styles
9758 silly ADD node_modules/@jsverse/transloco/node_modules/strip-ansi
9759 silly ADD node_modules/@jsverse/transloco/node_modules/log-symbols
9760 silly ADD node_modules/@jsverse/transloco/node_modules/is-unicode-supported
9761 silly ADD node_modules/@jsverse/transloco/node_modules/is-interactive
9762 silly ADD node_modules/@jsverse/transloco/node_modules/cli-cursor
9763 silly ADD node_modules/@jsverse/transloco/node_modules/chalk
9764 silly ADD node_modules/@jsverse/transloco/node_modules/ora
9765 silly ADD node_modules/@fontsource/ibm-plex-mono
9766 silly ADD node_modules/@angular/router
9767 silly ADD node_modules/@angular/platform-browser-dynamic
9768 silly ADD node_modules/@angular/platform-browser
9769 silly ADD node_modules/@angular/material-luxon-adapter
9770 silly ADD node_modules/@angular/material
9771 silly ADD node_modules/@angular/forms
9772 silly ADD node_modules/@angular/core
9773 silly ADD node_modules/@angular/compiler-cli
9774 silly ADD node_modules/@angular/compiler
9775 silly ADD node_modules/@angular/common
9776 silly ADD node_modules/@angular/cli
9777 silly ADD node_modules/@angular/cdk
9778 silly ADD node_modules/@angular/animations
9779 silly ADD node_modules/@angular-devkit/build-angular
9780 silly ADD node_modules/@angular-devkit/build-angular/node_modules/rxjs
9781 silly ADD node_modules/@angular-devkit/build-angular/node_modules/postcss
9782 silly ADD node_modules/@angular-devkit/build-angular/node_modules/autoprefixer
9783 verbose cwd /Users/jeph/Desktop/systems/swahili/business-card/business-card-front
9784 verbose os Darwin 25.2.0
9785 verbose node v20.19.6
9786 verbose npm  v10.8.2
9787 notice
9787 notice New [31mmajor[39m version of npm available! [31m10.8.2[39m -> [34m11.8.0[39m
9787 notice Changelog: [34mhttps://github.com/npm/cli/releases/tag/v11.8.0[39m
9787 notice To update run: [4mnpm install -g npm@11.8.0[24m
9787 notice  { force: true, [Symbol(proc-log.meta)]: true }
9788 verbose exit 0
9789 info ok
